cond,metric.mix.tv,metric.mix.js,metric.mix.hell,metric.mix.l2,metric.mix.H,metric.mix.kl_pu,metric.target.success,metric.target.maxp,metric.target.gini,metric.target.tv_vsU,metric.target.js_vsU,metric.target.H,metric.target.KLpU,metric.target.cvar_neglogOmega
ckpt_policy,0.20393575727939606,0.03230345994234085,0.18115372955799103,0.06457693874835968,4.030544757843018,0.12833869457244873,0.020843734964728355,0.036786481738090515,0.2838563323020935,0.20393575727939606,0.03230345994234085,4.030544757843018,0.12833869457244873,3.870701789855957
ckpt_policy__abl_NoPE,0.4247664511203766,0.12743009626865387,0.36709338426589966,0.1436648964881897,3.6338906288146973,0.5249925255775452,0.01599702797830105,0.07991598546504974,0.5540761947631836,0.4247664511203766,0.12743009626865387,3.6338906288146973,0.5249925255775452,4.13535213470459
ckpt_policy__abl_GlobalCoin,0.21055400371551514,0.036364443600177765,0.19310300052165985,0.07007656246423721,4.013651371002197,0.14523223042488098,0.0074634491465985775,0.05297902971506119,0.2952083349227905,0.21055400371551514,0.036364443600177765,4.013651371002197,0.14523223042488098,4.897737503051758
ckpt_policy__abl_TimeFrozen,0.2919207811355591,0.06317796558141708,0.255046010017395,0.10245468467473984,3.890817403793335,0.2680653929710388,0.022945092990994453,0.0636712908744812,0.3954275846481323,0.2919207811355591,0.06317796558141708,3.890817403793335,0.2680653929710388,3.774651288986206
ckpt_policy__abl_NodePermute,0.238912433385849,0.04893506318330765,0.2255450338125229,0.07530070841312408,3.9731547832489014,0.18572834134101868,0.015774723142385483,0.045957453548908234,0.33542224764823914,0.238912433385849,0.04893506318330765,3.9731547832489014,0.18572834134101868,4.149346351623535
