{"mix.tv": {"mean": 0.5326703786849976, "lo": 0.5326703786849976, "hi": 0.5326703786849976, "stderr": 0.0, "n": 2560}, "mix.js": {"mean": 0.24169296026229858, "lo": 0.24169296026229858, "hi": 0.24169296026229858, "stderr": 0.0, "n": 2560}, "mix.hell": {"mean": 0.5660167336463928, "lo": 0.5660167336463928, "hi": 0.5660167336463928, "stderr": 0.0, "n": 2560}, "mix.l2": {"mean": 0.1586766391992569, "lo": 0.1586766391992569, "hi": 0.1586766391992569, "stderr": 0.0, "n": 2560}, "mix.H": {"mean": 3.316514730453491, "lo": 3.316514730453491, "hi": 3.316514730453491, "stderr": 0.0, "n": 2560}, "mix.kl_pu": {"mean": 0.842380940914154, "lo": 0.842380940914154, "hi": 0.842380940914154, "stderr": 0.0, "n": 2560}}