{"mix.tv": {"mean": 0.4247664511203766, "lo": 0.4247664511203766, "hi": 0.4247664511203766, "stderr": 0.0, "n": 2560}, "mix.js": {"mean": 0.12743009626865387, "lo": 0.12743009626865387, "hi": 0.12743009626865387, "stderr": 0.0, "n": 2560}, "mix.hell": {"mean": 0.36709338426589966, "lo": 0.36709338426589966, "hi": 0.36709338426589966, "stderr": 0.0, "n": 2560}, "mix.l2": {"mean": 0.1436648964881897, "lo": 0.1436648964881897, "hi": 0.1436648964881897, "stderr": 0.0, "n": 2560}, "mix.H": {"mean": 3.6338906288146973, "lo": 3.6338906288146973, "hi": 3.6338906288146973, "stderr": 0.0, "n": 2560}, "mix.kl_pu": {"mean": 0.5249925255775452, "lo": 0.5249925255775452, "hi": 0.5249925255775452, "stderr": 0.0, "n": 2560}, "target.success": {"mean": 0.01599702797830105, "lo": 0.01599702797830105, "hi": 0.01599702797830105, "stderr": 0.0, "n": 2560}, "target.maxp": {"mean": 0.07991598546504974, "lo": 0.07991598546504974, "hi": 0.07991598546504974, "stderr": 0.0, "n": 2560}, "target.gini": {"mean": 0.5540761947631836, "lo": 0.5540761947631836, "hi": 0.5540761947631836, "stderr": 0.0, "n": 2560}, "target.tv_vsU": {"mean": 0.4247664511203766, "lo": 0.4247664511203766, "hi": 0.4247664511203766, "stderr": 0.0, "n": 2560}, "target.js_vsU": {"mean": 0.12743009626865387, "lo": 0.12743009626865387, "hi": 0.12743009626865387, "stderr": 0.0, "n": 2560}, "target.H": {"mean": 3.6338906288146973, "lo": 3.6338906288146973, "hi": 3.6338906288146973, "stderr": 0.0, "n": 2560}, "target.KLpU": {"mean": 0.5249925255775452, "lo": 0.5249925255775452, "hi": 0.5249925255775452, "stderr": 0.0, "n": 2560}, "target.cvar_neglogOmega": {"mean": 4.13535213470459, "lo": 4.13535213470459, "hi": 4.13535213470459, "stderr": 0.0, "n": 2560}}