{"mix.tv": {"mean": 0.5699018684914335, "lo": 0.5694678957021098, "hi": 0.5703655277012148, "stderr": 0.00022988277667148406, "n": 2560}, "mix.js": {"mean": 0.27514167506597004, "lo": 0.2748386821457825, "hi": 0.2754642636372591, "stderr": 0.00015842796198161228, "n": 2560}, "mix.hell": {"mean": 0.5980932380305604, "lo": 0.5978021939477185, "hi": 0.59842223031912, "stderr": 0.0001578481937049813, "n": 2560}, "mix.l2": {"mean": 0.21373500732588582, "lo": 0.2131828505297017, "hi": 0.21429150889161974, "stderr": 0.0002879018200238078, "n": 2560}, "mix.H": {"mean": 3.0942320096306504, "lo": 3.0922523851366712, "hi": 3.0965191471436992, "stderr": 0.0010924664012679714, "n": 2560}, "mix.kl_pu": {"mean": 1.0646643380867318, "lo": 1.0624382391327527, "hi": 1.0669393073586981, "stderr": 0.0011453875045127823, "n": 2560}, "target.success": {"mean": 0.013534679493932344, "lo": 0.01275922696484713, "hi": 0.014425407502610597, "stderr": 0.0004191420504168929, "n": 2560}, "target.maxp": {"mean": 0.13738208154973108, "lo": 0.13667502718664765, "hi": 0.1380616764557635, "stderr": 0.0003591401377718214, "n": 2560}, "target.gini": {"mean": 0.7292879303451627, "lo": 0.7285662445274648, "hi": 0.7299594283016632, "stderr": 0.000346001127842634, "n": 2560}, "target.tv_vsU": {"mean": 0.5699018684914335, "lo": 0.5694703701819526, "hi": 0.5703582610678859, "stderr": 0.00023519282341123823, "n": 2560}, "target.js_vsU": {"mean": 0.27514167506597004, "lo": 0.274833709486702, "hi": 0.2754536810402351, "stderr": 0.00016074658819258892, "n": 2560}, "target.H": {"mean": 3.0942320096306504, "lo": 3.0920127958548256, "hi": 3.0965974948299118, "stderr": 0.0011490052384077324, "n": 2560}, "target.KLpU": {"mean": 1.0646643380867318, "lo": 1.062526270032977, "hi": 1.0668031162797706, "stderr": 0.0010987837380658852, "n": 2560}, "target.cvar_neglogOmega": {"mean": 11.38314815973863, "lo": 11.11434691216331, "hi": 11.678362742727623, "stderr": 0.14269244939851808, "n": 2560}}