{"mix.tv": {"mean": 0.5699018684914335, "lo": 0.5693674622738185, "hi": 0.5704362747090486, "stderr": 0.00023623744025845516, "n": 10}, "mix.js": {"mean": 0.27514167506597004, "lo": 0.2747948695302926, "hi": 0.2754884806016475, "stderr": 0.00015330744537655927, "n": 10}, "mix.hell": {"mean": 0.5980932380305604, "lo": 0.5977731042793719, "hi": 0.5984133717817488, "stderr": 0.00014151702474312673, "n": 10}, "mix.l2": {"mean": 0.21373500732588582, "lo": 0.21326062308377372, "hi": 0.21420939156799793, "stderr": 0.0002097043697501441, "n": 10}, "mix.H": {"mean": 3.0942320096306504, "lo": 3.0920447589457045, "hi": 3.0964192603155962, "stderr": 0.0009668871468621271, "n": 10}, "mix.kl_pu": {"mean": 1.0646643380867318, "lo": 1.062477088941947, "hi": 1.0668515872315165, "stderr": 0.0009668864660248718, "n": 10}, "target.success": {"mean": 0.013534679493932344, "lo": 0.012737173717014012, "hi": 0.014332185270850676, "stderr": 0.0003525421619743441, "n": 10}, "target.maxp": {"mean": 0.13738208154973108, "lo": 0.13697630019213, "hi": 0.13778786290733216, "stderr": 0.00017937805748612117, "n": 10}, "target.gini": {"mean": 0.7292879303451627, "lo": 0.72854759086231, "hi": 0.7300282698280154, "stderr": 0.0003272714623941614, "n": 10}, "target.tv_vsU": {"mean": 0.5699018684914335, "lo": 0.5693674622738185, "hi": 0.5704362747090486, "stderr": 0.00023623744025845516, "n": 10}, "target.js_vsU": {"mean": 0.27514167506597004, "lo": 0.2747948695302926, "hi": 0.2754884806016475, "stderr": 0.00015330744537655927, "n": 10}, "target.H": {"mean": 3.0942320096306504, "lo": 3.0920447589457045, "hi": 3.0964192603155962, "stderr": 0.0009668871468621271, "n": 10}, "target.KLpU": {"mean": 1.0646643380867318, "lo": 1.062477088941947, "hi": 1.0668515872315165, "stderr": 0.0009668864660248718, "n": 10}, "target.cvar_neglogOmega": {"mean": 11.38314815973863, "lo": 11.110475104052112, "hi": 11.655821215425147, "stderr": 0.120536742611859, "n": 10}}