{"mix.tv": {"mean": 0.6163961006095633, "lo": 0.6162922600346193, "hi": 0.6164999411845072, "stderr": 4.590334245961322e-05, "n": 10}, "mix.js": {"mean": 0.30515944396611305, "lo": 0.3049298964657995, "hi": 0.3053889914664266, "stderr": 0.00010147283490416507, "n": 10}, "mix.hell": {"mean": 0.6264660780550912, "lo": 0.6262277248275488, "hi": 0.6267044312826336, "stderr": 0.00010536545888866691, "n": 10}, "mix.l2": {"mean": 0.27275186555925757, "lo": 0.2719122508087736, "hi": 0.2735914803097415, "stderr": 0.0003711566836605698, "n": 10}, "mix.H": {"mean": 2.8737803450785577, "lo": 2.8713326987045447, "hi": 2.876227991452571, "stderr": 0.001081996606692483, "n": 10}, "mix.kl_pu": {"mean": 1.2851160379126667, "lo": 1.2826683902933051, "hi": 1.2875636855320283, "stderr": 0.0010819971572061213, "n": 10}, "target.success": {"mean": 0.013358374734320933, "lo": 0.01262241398624991, "hi": 0.014094335482391956, "stderr": 0.0003253358166956362, "n": 10}, "target.maxp": {"mean": 0.2068614845687989, "lo": 0.20600864267726804, "hi": 0.20771432646032978, "stderr": 0.0003770038198649635, "n": 10}, "target.gini": {"mean": 0.7766351894242689, "lo": 0.7762591581531204, "hi": 0.7770112206954174, "stderr": 0.00016622685519959268, "n": 10}, "target.tv_vsU": {"mean": 0.6163961006095633, "lo": 0.6162922600346193, "hi": 0.6164999411845072, "stderr": 4.590334245961322e-05, "n": 10}, "target.js_vsU": {"mean": 0.30515944396611305, "lo": 0.3049298964657995, "hi": 0.3053889914664266, "stderr": 0.00010147283490416507, "n": 10}, "target.H": {"mean": 2.8737803450785577, "lo": 2.8713326987045447, "hi": 2.876227991452571, "stderr": 0.001081996606692483, "n": 10}, "target.KLpU": {"mean": 1.2851160379126667, "lo": 1.2826683902933051, "hi": 1.2875636855320283, "stderr": 0.0010819971572061213, "n": 10}, "target.cvar_neglogOmega": {"mean": 11.485685202432796, "lo": 11.231110150563499, "hi": 11.740260254302093, "stderr": 0.11253641261074328, "n": 10}}