{"mix.tv": {"mean": 0.6163961006095633, "lo": 0.6162541005224921, "hi": 0.6165372345526703, "stderr": 7.266963402729074e-05, "n": 2560}, "mix.js": {"mean": 0.30515944396611305, "lo": 0.30491030502627836, "hi": 0.3053999704343733, "stderr": 0.0001244715798577271, "n": 2560}, "mix.hell": {"mean": 0.6264660780550912, "lo": 0.6262152128375601, "hi": 0.6267284559493419, "stderr": 0.00013163030301313372, "n": 2560}, "mix.l2": {"mean": 0.27275186555925757, "lo": 0.2717758970767318, "hi": 0.2737565999061917, "stderr": 0.0005110069498346114, "n": 2560}, "mix.H": {"mean": 2.8737803450785577, "lo": 2.870965753693599, "hi": 2.8764985322253778, "stderr": 0.0014254844429748264, "n": 2560}, "mix.kl_pu": {"mean": 1.2851160379126667, "lo": 1.2821758544712794, "hi": 1.2877708891686053, "stderr": 0.001398490570720939, "n": 2560}, "target.success": {"mean": 0.013358374734320933, "lo": 0.012348052964813973, "hi": 0.014490511252573696, "stderr": 0.0005463940596965269, "n": 2560}, "target.maxp": {"mean": 0.2068614845687989, "lo": 0.20562417177628958, "hi": 0.20811075966266798, "stderr": 0.0006346639837138683, "n": 2560}, "target.gini": {"mean": 0.7766351894242689, "lo": 0.7762780593615025, "hi": 0.776984348599217, "stderr": 0.00017948121749083125, "n": 2560}, "target.tv_vsU": {"mean": 0.6163961006095633, "lo": 0.6162586190132424, "hi": 0.6165510187647306, "stderr": 7.621105987611258e-05, "n": 2560}, "target.js_vsU": {"mean": 0.30515944396611305, "lo": 0.3049415498098824, "hi": 0.3054049737981404, "stderr": 0.00012016164655487723, "n": 2560}, "target.H": {"mean": 2.8737803450785577, "lo": 2.871064088519197, "hi": 2.8765302639943546, "stderr": 0.0014086757197380422, "n": 2560}, "target.KLpU": {"mean": 1.2851160379126667, "lo": 1.2824093873694073, "hi": 1.287682731783716, "stderr": 0.0013749439178790716, "n": 2560}, "target.cvar_neglogOmega": {"mean": 11.485685202432796, "lo": 11.217259374965215, "hi": 11.769734295518138, "stderr": 0.14114448984110006, "n": 2560}}