{"mix.tv": {"mean": 0.35138094425201416, "lo": 0.35138094425201416, "hi": 0.35138094425201416, "stderr": 0.0, "n": 10}, "mix.js": {"mean": 0.09312239289283752, "lo": 0.09312239289283752, "hi": 0.09312239289283752, "stderr": 0.0, "n": 10}, "mix.hell": {"mean": 0.312362939119339, "lo": 0.312362939119339, "hi": 0.312362939119339, "stderr": 0.0, "n": 10}, "mix.l2": {"mean": 0.12766523659229279, "lo": 0.12766523659229279, "hi": 0.12766523659229279, "stderr": 0.0, "n": 10}, "mix.H": {"mean": 3.766056776046753, "lo": 3.766056776046753, "hi": 3.766056776046753, "stderr": 0.0, "n": 10}, "mix.kl_pu": {"mean": 0.39282673597335815, "lo": 0.39282673597335815, "hi": 0.39282673597335815, "stderr": 0.0, "n": 10}, "target.success": {"mean": 0.0053311665542423725, "lo": 0.0053311665542423725, "hi": 0.0053311665542423725, "stderr": 0.0, "n": 10}, "target.maxp": {"mean": 0.0955507755279541, "lo": 0.0955507755279541, "hi": 0.0955507755279541, "stderr": 0.0, "n": 10}, "target.gini": {"mean": 0.47554275393486023, "lo": 0.47554275393486023, "hi": 0.47554275393486023, "stderr": 0.0, "n": 10}, "target.tv_vsU": {"mean": 0.35138094425201416, "lo": 0.35138094425201416, "hi": 0.35138094425201416, "stderr": 0.0, "n": 10}, "target.js_vsU": {"mean": 0.09312239289283752, "lo": 0.09312239289283752, "hi": 0.09312239289283752, "stderr": 0.0, "n": 10}, "target.H": {"mean": 3.766056776046753, "lo": 3.766056776046753, "hi": 3.766056776046753, "stderr": 0.0, "n": 10}, "target.KLpU": {"mean": 0.39282673597335815, "lo": 0.39282673597335815, "hi": 0.39282673597335815, "stderr": 0.0, "n": 10}, "target.cvar_neglogOmega": {"mean": 5.234185218811035, "lo": 5.234185218811035, "hi": 5.234185218811035, "stderr": 0.0, "n": 10}}