cond,metric.mix.tv,metric.mix.js,metric.mix.hell,metric.mix.l2,metric.mix.H,metric.mix.kl_pu,metric.target.success,metric.target.maxp,metric.target.gini,metric.target.tv_vsU,metric.target.js_vsU,metric.target.H,metric.target.KLpU,metric.target.cvar_neglogOmega
ckpt_policy,0.9225649833679199,0.565868079662323,0.8595505356788635,0.565543532371521,1.2437330484390259,2.915172576904297,0.0,0.39511582255363464,0.9560631513595581,0.9225649833679199,0.565868079662323,1.2437330484390259,2.915172576904297,18.42068099975586
ckpt_policy__abl_NoPE,0.8509705662727356,0.49796509742736816,0.806810200214386,0.46017616987228394,1.7902123928070068,2.36869215965271,0.0,0.37315985560417175,0.927737832069397,0.8509705662727356,0.49796509742736816,1.7902123928070068,2.36869215965271,18.42068099975586
ckpt_policy__abl_GlobalCoin,0.9225649833679199,0.565868079662323,0.8595505356788635,0.565543532371521,1.2437330484390259,2.915172576904297,0.0,0.39511582255363464,0.9560631513595581,0.9225649833679199,0.565868079662323,1.2437330484390259,2.915172576904297,18.42068099975586
ckpt_policy__abl_TimeFrozen,0.9225649833679199,0.565868079662323,0.8595505356788635,0.565543532371521,1.2437330484390259,2.915172576904297,0.0,0.39511582255363464,0.9560631513595581,0.9225649833679199,0.565868079662323,1.2437330484390259,2.915172576904297,18.42068099975586
ckpt_policy__abl_NodePermute,0.913374125957489,0.5584781169891357,0.8537029027938843,0.5448610782623291,1.3366286754608154,2.8222765922546387,1.0127432046487117e-25,0.45028769969940186,0.9539503455162048,0.913374125957489,0.5584781169891357,1.3366286754608154,2.8222765922546387,18.42068099975586
