cond,metric.mix.tv,metric.mix.js,metric.mix.hell,metric.mix.l2,metric.mix.H,metric.mix.kl_pu,metric.target.success,metric.target.maxp,metric.target.gini,metric.target.tv_vsU,metric.target.js_vsU,metric.target.H,metric.target.KLpU,metric.target.cvar_neglogOmega
ckpt_policy,0.682624101638794,0.34678569436073303,0.6623528003692627,0.3164433538913727,2.6157584190368652,1.543138027191162,0.01614569447719987,0.23795735836029053,0.8345360159873962,0.682624101638794,0.34678569436073303,2.6157584190368652,1.543138027191162,11.543557545775547
ckpt_policy__abl_NoPE,0.5471595525741577,0.25769272446632385,0.5818493366241455,0.17974679172039032,3.225332260131836,0.9335638880729675,0.015201377593939469,0.10842498391866684,0.6855578422546387,0.5471595525741577,0.25769272446632385,3.225332260131836,0.9335638880729675,11.262561404891311
ckpt_policy__abl_GlobalCoin,0.682624101638794,0.34678569436073303,0.6623528003692627,0.3164433538913727,2.6157584190368652,1.543138027191162,0.01614569447719987,0.23795735836029053,0.8345360159873962,0.682624101638794,0.34678569436073303,2.6157584190368652,1.543138027191162,11.543557545775547
ckpt_policy__abl_TimeFrozen,0.682624101638794,0.34678569436073303,0.6623528003692627,0.3164433538913727,2.6157584190368652,1.543138027191162,0.01614569447719987,0.23795735836029053,0.8345360159873962,0.682624101638794,0.34678569436073303,2.6157584190368652,1.543138027191162,11.543557545775547
ckpt_policy__abl_NodePermute,0.5817672610282898,0.26911595463752747,0.591279149055481,0.18774792551994324,3.162773609161377,0.9961229562759399,0.015385666803194909,0.0857328549027443,0.7160595655441284,0.5817672610282898,0.26911595463752747,3.162773609161377,0.9961229562759399,11.060641493462025
