{"mix.tv": {"mean": 0.8375475406646729, "lo": 0.8375475406646729, "hi": 0.8375475406646729, "stderr": 0.0, "n": 10}, "mix.js": {"mean": 0.47693920135498047, "lo": 0.47693920135498047, "hi": 0.47693920135498047, "stderr": 0.0, "n": 10}, "mix.hell": {"mean": 0.776319682598114, "lo": 0.776319682598114, "hi": 0.776319682598114, "stderr": 0.0, "n": 10}, "mix.l2": {"mean": 0.43913018703460693, "lo": 0.43913018703460693, "hi": 0.43913018703460693, "stderr": 0.0, "n": 10}, "mix.H": {"mean": 1.8673861026763916, "lo": 1.8673861026763916, "hi": 1.8673861026763916, "stderr": 0.0, "n": 10}, "mix.kl_pu": {"mean": 2.291510581970215, "lo": 2.291510581970215, "hi": 2.291510581970215, "stderr": 0.0, "n": 10}, "target.success": {"mean": 0.0, "lo": 0.0, "hi": 0.0, "stderr": 0.0, "n": 10}, "target.maxp": {"mean": 0.3158811330795288, "lo": 0.3158811330795288, "hi": 0.3158811330795288, "stderr": 0.0, "n": 10}, "target.gini": {"mean": 0.9235054850578308, "lo": 0.9235054850578308, "hi": 0.9235054850578308, "stderr": 0.0, "n": 10}, "target.tv_vsU": {"mean": 0.8375475406646729, "lo": 0.8375475406646729, "hi": 0.8375475406646729, "stderr": 0.0, "n": 10}, "target.js_vsU": {"mean": 0.47693920135498047, "lo": 0.47693920135498047, "hi": 0.47693920135498047, "stderr": 0.0, "n": 10}, "target.H": {"mean": 1.8673861026763916, "lo": 1.8673861026763916, "hi": 1.8673861026763916, "stderr": 0.0, "n": 10}, "target.KLpU": {"mean": 2.291510581970215, "lo": 2.291510581970215, "hi": 2.291510581970215, "stderr": 0.0, "n": 10}, "target.cvar_neglogOmega": {"mean": 18.42068099975586, "lo": 18.42068099975586, "hi": 18.42068099975586, "stderr": 0.0, "n": 10}}