{"mix.tv": {"mean": 0.8335531949996948, "lo": 0.8335531949996948, "hi": 0.8335531949996948, "stderr": 0.0, "n": 10}, "mix.js": {"mean": 0.4847533404827118, "lo": 0.4847533404827118, "hi": 0.4847533404827118, "stderr": 0.0, "n": 10}, "mix.hell": {"mean": 0.7925617694854736, "lo": 0.7925617694854736, "hi": 0.7925617694854736, "stderr": 0.0, "n": 10}, "mix.l2": {"mean": 0.45682379603385925, "lo": 0.45682379603385925, "hi": 0.45682379603385925, "stderr": 0.0, "n": 10}, "mix.H": {"mean": 1.8463232517242432, "lo": 1.8463232517242432, "hi": 1.8463232517242432, "stderr": 0.0, "n": 10}, "mix.kl_pu": {"mean": 2.3125789165496826, "lo": 2.3125789165496826, "hi": 2.3125789165496826, "stderr": 0.0, "n": 10}, "target.success": {"mean": 0.0, "lo": 0.0, "hi": 0.0, "stderr": 0.0, "n": 10}, "target.maxp": {"mean": 0.39477357268333435, "lo": 0.39477357268333435, "hi": 0.39477357268333435, "stderr": 0.0, "n": 10}, "target.gini": {"mean": 0.9253145456314087, "lo": 0.9253145456314087, "hi": 0.9253145456314087, "stderr": 0.0, "n": 10}, "target.tv_vsU": {"mean": 0.8335531949996948, "lo": 0.8335531949996948, "hi": 0.8335531949996948, "stderr": 0.0, "n": 10}, "target.js_vsU": {"mean": 0.4847533404827118, "lo": 0.4847533404827118, "hi": 0.4847533404827118, "stderr": 0.0, "n": 10}, "target.H": {"mean": 1.8463232517242432, "lo": 1.8463232517242432, "hi": 1.8463232517242432, "stderr": 0.0, "n": 10}, "target.KLpU": {"mean": 2.3125789165496826, "lo": 2.3125789165496826, "hi": 2.3125789165496826, "stderr": 0.0, "n": 10}, "target.cvar_neglogOmega": {"mean": 18.42068099975586, "lo": 18.42068099975586, "hi": 18.42068099975586, "stderr": 0.0, "n": 10}}