{"mix.tv": {"mean": 0.7359413862228393, "lo": 0.7138147459924221, "hi": 0.7544799803197383, "stderr": 0.010363224854262372, "n": 10}, "mix.js": {"mean": 0.38881397247314453, "lo": 0.3700572839379311, "hi": 0.4063681909441948, "stderr": 0.009133939662645441, "n": 10}, "mix.hell": {"mean": 0.7002035498619079, "lo": 0.6854210403561593, "hi": 0.7147634726762772, "stderr": 0.007850369444883315, "n": 10}, "mix.l2": {"mean": 0.33785605877637864, "lo": 0.30900216970592737, "hi": 0.36692775174975395, "stderr": 0.014481048512917575, "n": 10}, "mix.H": {"mean": 2.4176891326904295, "lo": 2.2893527340888977, "hi": 2.5521118807792664, "stderr": 0.0689033301947139, "n": 10}, "mix.kl_pu": {"mean": 1.7412073612213135, "lo": 1.6164407327771186, "hi": 1.8698881939053533, "stderr": 0.06636913852870178, "n": 10}, "target.success": {"mean": 0.0, "lo": 0.0, "hi": 0.0, "stderr": 0.0, "n": 10}, "target.maxp": {"mean": 0.22280121296644212, "lo": 0.19110558681190015, "hi": 0.25483817715197804, "stderr": 0.016143723070465105, "n": 10}, "target.gini": {"mean": 0.8636844098567963, "lo": 0.8453334809839725, "hi": 0.8795306840538979, "stderr": 0.008854981613066307, "n": 10}, "target.tv_vsU": {"mean": 0.7359413862228393, "lo": 0.7157219921052456, "hi": 0.7554962556064129, "stderr": 0.010281338099580092, "n": 10}, "target.js_vsU": {"mean": 0.38881397247314453, "lo": 0.3717518263310194, "hi": 0.4057406549155712, "stderr": 0.008982843876104542, "n": 10}, "target.H": {"mean": 2.4176891326904295, "lo": 2.279390962123871, "hi": 2.5484479200839996, "stderr": 0.06969682186149605, "n": 10}, "target.KLpU": {"mean": 1.7412073612213135, "lo": 1.5997560518980025, "hi": 1.8747561457753181, "stderr": 0.06733718482635576, "n": 10}, "target.cvar_neglogOmega": {"mean": 18.42068099975586, "lo": 18.42068099975586, "hi": 18.42068099975586, "stderr": 0.0, "n": 10}}