{"mix.tv": {"mean": 0.7774713039398193, "lo": 0.7774713039398193, "hi": 0.7774713039398193, "stderr": 0.0, "n": 10}, "mix.js": {"mean": 0.4159078598022461, "lo": 0.4159078598022461, "hi": 0.4159078598022461, "stderr": 0.0, "n": 10}, "mix.hell": {"mean": 0.7367175221443176, "lo": 0.7367175221443176, "hi": 0.7367175221443176, "stderr": 0.0, "n": 10}, "mix.l2": {"mean": 0.2948417663574219, "lo": 0.2948417663574219, "hi": 0.2948417663574219, "stderr": 0.0, "n": 10}, "mix.H": {"mean": 2.4793038368225098, "lo": 2.4793038368225098, "hi": 2.4793038368225098, "stderr": 0.0, "n": 10}, "mix.kl_pu": {"mean": 1.679598331451416, "lo": 1.679598331451416, "hi": 1.679598331451416, "stderr": 0.0, "n": 10}, "target.success": {"mean": 2.942726775082116e-44, "lo": 2.942726775082116e-44, "hi": 2.942726775082116e-44, "stderr": 0.0, "n": 10}, "target.maxp": {"mean": 0.21711847186088562, "lo": 0.21711847186088562, "hi": 0.21711847186088562, "stderr": 0.0, "n": 10}, "target.gini": {"mean": 0.8467115759849548, "lo": 0.8467115759849548, "hi": 0.8467115759849548, "stderr": 0.0, "n": 10}, "target.tv_vsU": {"mean": 0.7774713039398193, "lo": 0.7774713039398193, "hi": 0.7774713039398193, "stderr": 0.0, "n": 10}, "target.js_vsU": {"mean": 0.4159078598022461, "lo": 0.4159078598022461, "hi": 0.4159078598022461, "stderr": 0.0, "n": 10}, "target.H": {"mean": 2.4793038368225098, "lo": 2.4793038368225098, "hi": 2.4793038368225098, "stderr": 0.0, "n": 10}, "target.KLpU": {"mean": 1.679598331451416, "lo": 1.679598331451416, "hi": 1.679598331451416, "stderr": 0.0, "n": 10}, "target.cvar_neglogOmega": {"mean": 18.42068099975586, "lo": 18.42068099975586, "hi": 18.42068099975586, "stderr": 0.0, "n": 10}}