cond,metric.mix.tv,metric.mix.js,metric.mix.hell,metric.mix.l2,metric.mix.H,metric.mix.kl_pu,metric.target.success,metric.target.maxp,metric.target.gini,metric.target.tv_vsU,metric.target.js_vsU,metric.target.H,metric.target.KLpU,metric.target.cvar_neglogOmega
ckpt_policy,0.8375473022460938,0.47693905234336853,0.7763198018074036,0.4391302764415741,1.867385983467102,2.291511058807373,0.0,0.31588080525398254,0.9235054850578308,0.8375473022460938,0.47693905234336853,1.867385983467102,2.291511058807373,18.42068099975586
