{"conditions": {"ckpt_policy": {"summary": {"mix.tv": 0.8375473022460938, "mix.js": 0.47693905234336853, "mix.hell": 0.7763198018074036, "mix.l2": 0.4391302764415741, "mix.H": 1.867385983467102, "mix.kl_pu": 2.291511058807373, "target.success": 0.0, "target.maxp": 0.31588080525398254, "target.gini": 0.9235054850578308, "target.tv_vsU": 0.8375473022460938, "target.js_vsU": 0.47693905234336853, "target.H": 1.867385983467102, "target.KLpU": 2.291511058807373, "target.cvar_neglogOmega": 18.42068099975586}, "ci": {"mix.tv": {"mean": 0.8375473022460938, "lo": 0.8375473022460938, "hi": 0.8375473022460938, "stderr": 0.0, "n": 10}, "mix.js": {"mean": 0.47693905234336853, "lo": 0.47693905234336853, "hi": 0.47693905234336853, "stderr": 0.0, "n": 10}, "mix.hell": {"mean": 0.7763198018074036, "lo": 0.7763198018074036, "hi": 0.7763198018074036, "stderr": 0.0, "n": 10}, "mix.l2": {"mean": 0.4391302764415741, "lo": 0.4391302764415741, "hi": 0.4391302764415741, "stderr": 0.0, "n": 10}, "mix.H": {"mean": 1.867385983467102, "lo": 1.867385983467102, "hi": 1.867385983467102, "stderr": 0.0, "n": 10}, "mix.kl_pu": {"mean": 2.291511058807373, "lo": 2.291511058807373, "hi": 2.291511058807373, "stderr": 0.0, "n": 10}, "target.success": {"mean": 0.0, "lo": 0.0, "hi": 0.0, "stderr": 0.0, "n": 10}, "target.maxp": {"mean": 0.31588080525398254, "lo": 0.31588080525398254, "hi": 0.31588080525398254, "stderr": 0.0, "n": 10}, "target.gini": {"mean": 0.9235054850578308, "lo": 0.9235054850578308, "hi": 0.9235054850578308, "stderr": 0.0, "n": 10}, "target.tv_vsU": {"mean": 0.8375473022460938, "lo": 0.8375473022460938, "hi": 0.8375473022460938, "stderr": 0.0, "n": 10}, "target.js_vsU": {"mean": 0.47693905234336853, "lo": 0.47693905234336853, "hi": 0.47693905234336853, "stderr": 0.0, "n": 10}, "target.H": {"mean": 1.867385983467102, "lo": 1.867385983467102, "hi": 1.867385983467102, "stderr": 0.0, "n": 10}, "target.KLpU": {"mean": 2.291511058807373, "lo": 2.291511058807373, "hi": 2.291511058807373, "stderr": 0.0, "n": 10}, "target.cvar_neglogOmega": {"mean": 18.42068099975586, "lo": 18.42068099975586, "hi": 18.42068099975586, "stderr": 0.0, "n": 10}}, "summary_seed": {}, "ci_seed": {}, "text": "CI over pooled episodes \u2014 ckpt_policy \u2014 EXP (any degree)\n--------------------------------------------------------\nmix.H: 1.8674 [1.8674, 1.8674] @ 95% (n=10, se=0)\nmix.hell: 0.7763 [0.7763, 0.7763] @ 95% (n=10, se=0)\nmix.js: 0.4769 [0.4769, 0.4769] @ 95% (n=10, se=0)\nmix.kl_pu: 2.2915 [2.2915, 2.2915] @ 95% (n=10, se=0)\nmix.l2: 0.4391 [0.4391, 0.4391] @ 95% (n=10, se=0)\nmix.tv: 0.8375 [0.8375, 0.8375] @ 95% (n=10, se=0)\ntarget.H: 1.8674 [1.8674, 1.8674] @ 95% (n=10, se=0)\ntarget.KLpU: 2.2915 [2.2915, 2.2915] @ 95% (n=10, se=0)\ntarget.cvar_neglogOmega: 18.4207 [18.4207, 18.4207] @ 95% (n=10, se=0)\ntarget.gini: 0.9235 [0.9235, 0.9235] @ 95% (n=10, se=0)\ntarget.js_vsU: 0.4769 [0.4769, 0.4769] @ 95% (n=10, se=0)\ntarget.maxp: 0.3159 [0.3159, 0.3159] @ 95% (n=10, se=0)\ntarget.success: 0.0000 [0.0000, 0.0000] @ 95% (n=10, se=0)\ntarget.tv_vsU: 0.8375 [0.8375, 0.8375] @ 95% (n=10, se=0)", "text_seed": ""}}}