{"mix.tv": {"mean": 0.7570618391036987, "lo": 0.751476526260376, "hi": 0.7626471519470215, "stderr": 0.003931578219071483, "n": 2}, "mix.js": {"mean": 0.39912934601306915, "lo": 0.3975695073604584, "hi": 0.40068918466567993, "stderr": 0.0011007388884769131, "n": 2}, "mix.hell": {"mean": 0.7086942791938782, "lo": 0.7086077332496643, "hi": 0.708780825138092, "stderr": 6.279744671552286e-05, "n": 2}, "mix.l2": {"mean": 0.34656424820423126, "lo": 0.3414975702762604, "hi": 0.35163092613220215, "stderr": 0.0035800813320839993, "n": 2}, "mix.H": {"mean": 2.3597540855407715, "lo": 2.3358309268951416, "hi": 2.3836772441864014, "stderr": 0.016668046592716992, "n": 2}, "mix.kl_pu": {"mean": 1.799142599105835, "lo": 1.775219440460205, "hi": 1.8230657577514648, "stderr": 0.016685446209266073, "n": 2}, "target.success": {"mean": 0.0, "lo": 0.0, "hi": 0.0, "stderr": 0.0, "n": 2}, "target.maxp": {"mean": 0.23542667925357819, "lo": 0.22582808136940002, "hi": 0.24502527713775635, "stderr": 0.006680406116947813, "n": 2}, "target.gini": {"mean": 0.8755024671554565, "lo": 0.8730392456054688, "hi": 0.8779656887054443, "stderr": 0.0017512387146416115, "n": 2}, "target.tv_vsU": {"mean": 0.7570618391036987, "lo": 0.751476526260376, "hi": 0.7626471519470215, "stderr": 0.003942907896317144, "n": 2}, "target.js_vsU": {"mean": 0.39912934601306915, "lo": 0.3975695073604584, "hi": 0.40068918466567993, "stderr": 0.0011020214688945193, "n": 2}, "target.H": {"mean": 2.3597540855407715, "lo": 2.3358309268951416, "hi": 2.3836772441864014, "stderr": 0.016616152160799952, "n": 2}, "target.KLpU": {"mean": 1.799142599105835, "lo": 1.775219440460205, "hi": 1.8230657577514648, "stderr": 0.016795145596891436, "n": 2}, "target.cvar_neglogOmega": {"mean": 18.42068099975586, "lo": 18.42068099975586, "hi": 18.42068099975586, "stderr": 0.0, "n": 2}}