{"mix.tv": {"mean": 0.7570624351501465, "lo": 0.7514775991439819, "hi": 0.762647271156311, "stderr": 0.003931242566864034, "n": 2}, "mix.js": {"mean": 0.39912961423397064, "lo": 0.3975698947906494, "hi": 0.40068933367729187, "stderr": 0.0011006547654808247, "n": 2}, "mix.hell": {"mean": 0.7086945176124573, "lo": 0.7086078524589539, "hi": 0.7087811827659607, "stderr": 6.28839445760127e-05, "n": 2}, "mix.l2": {"mean": 0.34656447172164917, "lo": 0.3414979577064514, "hi": 0.3516309857368469, "stderr": 0.00357996551239556, "n": 2}, "mix.H": {"mean": 2.3597524166107178, "lo": 2.3358302116394043, "hi": 2.3836746215820312, "stderr": 0.01666738213664863, "n": 2}, "mix.kl_pu": {"mean": 1.799144208431244, "lo": 1.7752221822738647, "hi": 1.823066234588623, "stderr": 0.0166846563440116, "n": 2}, "target.success": {"mean": 0.0, "lo": 0.0, "hi": 0.0, "stderr": 0.0, "n": 2}, "target.maxp": {"mean": 0.23542674630880356, "lo": 0.22582800686359406, "hi": 0.24502548575401306, "stderr": 0.0066805046402103494, "n": 2}, "target.gini": {"mean": 0.875502735376358, "lo": 0.8730396628379822, "hi": 0.8779658079147339, "stderr": 0.001751132774149259, "n": 2}, "target.tv_vsU": {"mean": 0.7570624351501465, "lo": 0.7514775991439819, "hi": 0.762647271156311, "stderr": 0.003942571276856564, "n": 2}, "target.js_vsU": {"mean": 0.39912961423397064, "lo": 0.3975698947906494, "hi": 0.40068933367729187, "stderr": 0.001101937247878347, "n": 2}, "target.H": {"mean": 2.3597524166107178, "lo": 2.3358302116394043, "hi": 2.3836746215820312, "stderr": 0.016615489773454364, "n": 2}, "target.KLpU": {"mean": 1.799144208431244, "lo": 1.7752221822738647, "hi": 1.823066234588623, "stderr": 0.01679435053862425, "n": 2}, "target.cvar_neglogOmega": {"mean": 18.42068099975586, "lo": 18.42068099975586, "hi": 18.42068099975586, "stderr": 0.0, "n": 2}}