{"mix.tv": {"mean": 0.8665450811386108, "lo": 0.8665450811386108, "hi": 0.8665450811386108, "stderr": 0.0, "n": 2}, "mix.js": {"mean": 0.5078892707824707, "lo": 0.5078892707824707, "hi": 0.5078892707824707, "stderr": 0.0, "n": 2}, "mix.hell": {"mean": 0.8058539032936096, "lo": 0.8058539032936096, "hi": 0.8058539032936096, "stderr": 0.0, "n": 2}, "mix.l2": {"mean": 0.5018448233604431, "lo": 0.5018448233604431, "hi": 0.5018448233604431, "stderr": 0.0, "n": 2}, "mix.H": {"mean": 1.6177507638931274, "lo": 1.6177507638931274, "hi": 1.6177507638931274, "stderr": 0.0, "n": 2}, "mix.kl_pu": {"mean": 2.541146755218506, "lo": 2.541146755218506, "hi": 2.541146755218506, "stderr": 0.0, "n": 2}, "target.success": {"mean": 0.0, "lo": 0.0, "hi": 0.0, "stderr": 0.0, "n": 2}, "target.maxp": {"mean": 0.3722549378871918, "lo": 0.3722549378871918, "hi": 0.3722549378871918, "stderr": 0.0, "n": 2}, "target.gini": {"mean": 0.939730167388916, "lo": 0.939730167388916, "hi": 0.939730167388916, "stderr": 0.0, "n": 2}, "target.tv_vsU": {"mean": 0.8665450811386108, "lo": 0.8665450811386108, "hi": 0.8665450811386108, "stderr": 0.0, "n": 2}, "target.js_vsU": {"mean": 0.5078892707824707, "lo": 0.5078892707824707, "hi": 0.5078892707824707, "stderr": 0.0, "n": 2}, "target.H": {"mean": 1.6177507638931274, "lo": 1.6177507638931274, "hi": 1.6177507638931274, "stderr": 0.0, "n": 2}, "target.KLpU": {"mean": 2.541146755218506, "lo": 2.541146755218506, "hi": 2.541146755218506, "stderr": 0.0, "n": 2}, "target.cvar_neglogOmega": {"mean": 18.42068099975586, "lo": 18.42068099975586, "hi": 18.42068099975586, "stderr": 0.0, "n": 2}}