{"mix.tv": {"mean": 0.8665445446968079, "lo": 0.8665445446968079, "hi": 0.8665445446968079, "stderr": 0.0, "n": 2}, "mix.js": {"mean": 0.5078889727592468, "lo": 0.5078889727592468, "hi": 0.5078889727592468, "stderr": 0.0, "n": 2}, "mix.hell": {"mean": 0.805853545665741, "lo": 0.805853545665741, "hi": 0.805853545665741, "stderr": 0.0, "n": 2}, "mix.l2": {"mean": 0.5018443465232849, "lo": 0.5018443465232849, "hi": 0.5018443465232849, "stderr": 0.0, "n": 2}, "mix.H": {"mean": 1.617753267288208, "lo": 1.617753267288208, "hi": 1.617753267288208, "stderr": 0.0, "n": 2}, "mix.kl_pu": {"mean": 2.541144847869873, "lo": 2.541144847869873, "hi": 2.541144847869873, "stderr": 0.0, "n": 2}, "target.success": {"mean": 0.0, "lo": 0.0, "hi": 0.0, "stderr": 0.0, "n": 2}, "target.maxp": {"mean": 0.37225499749183655, "lo": 0.37225499749183655, "hi": 0.37225499749183655, "stderr": 0.0, "n": 2}, "target.gini": {"mean": 0.9397301077842712, "lo": 0.9397301077842712, "hi": 0.9397301077842712, "stderr": 0.0, "n": 2}, "target.tv_vsU": {"mean": 0.8665445446968079, "lo": 0.8665445446968079, "hi": 0.8665445446968079, "stderr": 0.0, "n": 2}, "target.js_vsU": {"mean": 0.5078889727592468, "lo": 0.5078889727592468, "hi": 0.5078889727592468, "stderr": 0.0, "n": 2}, "target.H": {"mean": 1.617753267288208, "lo": 1.617753267288208, "hi": 1.617753267288208, "stderr": 0.0, "n": 2}, "target.KLpU": {"mean": 2.541144847869873, "lo": 2.541144847869873, "hi": 2.541144847869873, "stderr": 0.0, "n": 2}, "target.cvar_neglogOmega": {"mean": 18.42068099975586, "lo": 18.42068099975586, "hi": 18.42068099975586, "stderr": 0.0, "n": 2}}