{"mix.tv": {"mean": 0.6542281894013285, "lo": 0.6529681200721383, "hi": 0.6554882587305187, "stderr": 0.0005570211256234733, "n": 10}, "mix.js": {"mean": 0.33546581395203245, "lo": 0.3345906801925201, "hi": 0.3363409477115448, "stderr": 0.00038685807241094715, "n": 10}, "mix.hell": {"mean": 0.6538705506594852, "lo": 0.65305896352484, "hi": 0.6546821377941303, "stderr": 0.0003587669097319264, "n": 10}, "mix.l2": {"mean": 0.3226580930291675, "lo": 0.31994139044866954, "hi": 0.3253747956096654, "stderr": 0.0012009344996482753, "n": 10}, "mix.H": {"mean": 2.6623217537999153, "lo": 2.6541069661702696, "hi": 2.670536541429561, "stderr": 0.0036313956273848294, "n": 10}, "mix.kl_pu": {"mean": 1.4965746700298042, "lo": 1.4883598843789958, "hi": 1.5047894556806125, "stderr": 0.003631394752628033, "n": 10}, "target.success": {"mean": 0.013366587634845929, "lo": 0.012306031380999739, "hi": 0.014427143888692118, "stderr": 0.0004688251865348365, "n": 10}, "target.maxp": {"mean": 0.2735360806749668, "lo": 0.26980297251111907, "hi": 0.2772691888388146, "stderr": 0.0016502426202509171, "n": 10}, "target.gini": {"mean": 0.8186965946340934, "lo": 0.8175699810396523, "hi": 0.8198232082285345, "stderr": 0.0004980262260026761, "n": 10}, "target.tv_vsU": {"mean": 0.6542281894013285, "lo": 0.6529681200721383, "hi": 0.6554882587305187, "stderr": 0.0005570211256234733, "n": 10}, "target.js_vsU": {"mean": 0.33546581395203245, "lo": 0.3345906801925201, "hi": 0.3363409477115448, "stderr": 0.00038685807241094715, "n": 10}, "target.H": {"mean": 2.6623217537999153, "lo": 2.6541069661702696, "hi": 2.670536541429561, "stderr": 0.0036313956273848294, "n": 10}, "target.KLpU": {"mean": 1.4965746700298042, "lo": 1.4883598843789958, "hi": 1.5047894556806125, "stderr": 0.003631394752628033, "n": 10}, "target.cvar_neglogOmega": {"mean": 11.716697362391278, "lo": 11.442999461832411, "hi": 11.990395262950145, "stderr": 0.12098978137025193, "n": 10}}