{"mix.tv": {"mean": 0.6542281894013285, "lo": 0.6534063779510324, "hi": 0.6550210433505708, "stderr": 0.00042295330261514177, "n": 2560}, "mix.js": {"mean": 0.33546581395203245, "lo": 0.3349364235319081, "hi": 0.33602138882444704, "stderr": 0.0002724867125515164, "n": 2560}, "mix.hell": {"mean": 0.6538705506594852, "lo": 0.6533096657332499, "hi": 0.6543585387937492, "stderr": 0.0002604819086372645, "n": 2560}, "mix.l2": {"mean": 0.3226580930291675, "lo": 0.3210875473957276, "hi": 0.32412853883666687, "stderr": 0.0007744805571307679, "n": 2560}, "mix.H": {"mean": 2.6623217537999153, "lo": 2.6576748743839564, "hi": 2.667181689550634, "stderr": 0.0024351569779348507, "n": 2560}, "mix.kl_pu": {"mean": 1.4965746700298042, "lo": 1.4919072554074229, "hi": 1.5016865089163185, "stderr": 0.0024257246752685748, "n": 2560}, "target.success": {"mean": 0.013366587634845929, "lo": 0.011988774565269296, "hi": 0.014588889105602902, "stderr": 0.0006625085462545325, "n": 2560}, "target.maxp": {"mean": 0.2735360806749668, "lo": 0.2715790238135378, "hi": 0.2756142092925438, "stderr": 0.0010225464857447294, "n": 2560}, "target.gini": {"mean": 0.8186965946340934, "lo": 0.8180135271511972, "hi": 0.8194017688016174, "stderr": 0.00036286496559138605, "n": 2560}, "target.tv_vsU": {"mean": 0.6542281894013285, "lo": 0.6534304021659773, "hi": 0.6550511932960945, "stderr": 0.0004027631021069668, "n": 2560}, "target.js_vsU": {"mean": 0.33546581395203245, "lo": 0.33492237975617173, "hi": 0.3359705548733473, "stderr": 0.0002744396564285293, "n": 2560}, "target.H": {"mean": 2.6623217537999153, "lo": 2.6573306013899853, "hi": 2.666767683646176, "stderr": 0.002436189747671403, "n": 2560}, "target.KLpU": {"mean": 1.4965746700298042, "lo": 1.491854023769265, "hi": 1.5011141939763912, "stderr": 0.0023724987953307737, "n": 2560}, "target.cvar_neglogOmega": {"mean": 11.716697362391278, "lo": 11.44598400280229, "hi": 12.012957835941343, "stderr": 0.1402614119406904, "n": 2560}}