{"env": {"time_utc": "2026-01-12T01:57:57Z", "python": "3.11.9 (main, Apr 19 2024, 16:48:06) [GCC 11.2.0]", "platform": "Linux-6.6.87.2-microsoft-standard-WSL2-x86_64-with-glibc2.39", "executable": "/home/angel/miniconda3/envs/acpl-qwalk/bin/python", "cwd": "/mnt/c/Users/Angel/Desktop/CS598/acpl-qwalk", "numpy": "2.3.3", "torch": "2.4.1+cu121", "torch_cuda_available": false, "torch_cuda_version": "12.1", "torch_cudnn_version": 90100}, "git": {"root": "/mnt/c/Users/Angel/Desktop/CS598/acpl-qwalk", "commit": "428e1fc4e060587e57b13e7a9cb4b4c0d322683a", "dirty": true}, "cfg_manifest_hex": "30015cc369ba42d8746ec8aba58f90f4", "conditions": {"ckpt_policy": {"eval_metrics": {"mix.tv": 0.9225649833679199, "mix.js": 0.565868079662323, "mix.hell": 0.8595505356788635, "mix.l2": 0.565543532371521, "mix.H": 1.2437330484390259, "mix.kl_pu": 2.915172576904297, "target.success": 0.0, "target.maxp": 0.39511582255363464, "target.gini": 0.9560631513595581, "target.tv_vsU": 0.9225649833679199, "target.js_vsU": 0.565868079662323, "target.H": 1.2437330484390259, "target.KLpU": 2.915172576904297, "target.cvar_neglogOmega": 18.42068099975586}, "embeddings_error": "NameError: name 'seed0' is not defined"}, "ckpt_policy__abl_NoPE": {"eval_metrics": {"mix.tv": 0.8509705662727356, "mix.js": 0.49796509742736816, "mix.hell": 0.806810200214386, "mix.l2": 0.46017616987228394, "mix.H": 1.7902123928070068, "mix.kl_pu": 2.36869215965271, "target.success": 0.0, "target.maxp": 0.37315985560417175, "target.gini": 0.927737832069397, "target.tv_vsU": 0.8509705662727356, "target.js_vsU": 0.49796509742736816, "target.H": 1.7902123928070068, "target.KLpU": 2.36869215965271, "target.cvar_neglogOmega": 18.42068099975586}, "embeddings_error": "NameError: name 'seed0' is not defined"}, "ckpt_policy__abl_GlobalCoin": {"eval_metrics": {"mix.tv": 0.9225649833679199, "mix.js": 0.565868079662323, "mix.hell": 0.8595505356788635, "mix.l2": 0.565543532371521, "mix.H": 1.2437330484390259, "mix.kl_pu": 2.915172576904297, "target.success": 0.0, "target.maxp": 0.39511582255363464, "target.gini": 0.9560631513595581, "target.tv_vsU": 0.9225649833679199, "target.js_vsU": 0.565868079662323, "target.H": 1.2437330484390259, "target.KLpU": 2.915172576904297, "target.cvar_neglogOmega": 18.42068099975586}, "embeddings_error": "NameError: name 'seed0' is not defined"}, "ckpt_policy__abl_TimeFrozen": {"eval_metrics": {"mix.tv": 0.9225649833679199, "mix.js": 0.565868079662323, "mix.hell": 0.8595505356788635, "mix.l2": 0.565543532371521, "mix.H": 1.2437330484390259, "mix.kl_pu": 2.915172576904297, "target.success": 0.0, "target.maxp": 0.39511582255363464, "target.gini": 0.9560631513595581, "target.tv_vsU": 0.9225649833679199, "target.js_vsU": 0.565868079662323, "target.H": 1.2437330484390259, "target.KLpU": 2.915172576904297, "target.cvar_neglogOmega": 18.42068099975586}, "embeddings_error": "NameError: name 'seed0' is not defined"}, "ckpt_policy__abl_NodePermute": {"eval_metrics": {"mix.tv": 0.913374125957489, "mix.js": 0.5584781169891357, "mix.hell": 0.8537029027938843, "mix.l2": 0.5448610782623291, "mix.H": 1.3366286754608154, "mix.kl_pu": 2.8222765922546387, "target.success": 1.0127432046487117e-25, "target.maxp": 0.45028769969940186, "target.gini": 0.9539503455162048, "target.tv_vsU": 0.913374125957489, "target.js_vsU": 0.5584781169891357, "target.H": 1.3366286754608154, "target.KLpU": 2.8222765922546387, "target.cvar_neglogOmega": 18.42068099975586}, "embeddings_error": "NameError: name 'seed0' is not defined"}}}