{"mix.tv": {"mean": 0.6378114819526672, "lo": 0.6378114819526672, "hi": 0.6378114819526672, "stderr": 0.0, "n": 2560}, "mix.js": {"mean": 0.31308677792549133, "lo": 0.31308677792549133, "hi": 0.31308677792549133, "stderr": 0.0, "n": 2560}, "mix.hell": {"mean": 0.6323792338371277, "lo": 0.6323792338371277, "hi": 0.6323792338371277, "stderr": 0.0, "n": 2560}, "mix.l2": {"mean": 0.2719579041004181, "lo": 0.2719579041004181, "hi": 0.2719579041004181, "stderr": 0.0, "n": 2560}, "mix.H": {"mean": 2.8335533142089844, "lo": 2.8335533142089844, "hi": 2.8335533142089844, "stderr": 0.0, "n": 2560}, "mix.kl_pu": {"mean": 1.3253437280654907, "lo": 1.3253437280654907, "hi": 1.3253437280654907, "stderr": 0.0, "n": 2560}}