cond,metric.mix.tv,metric.mix.js,metric.mix.hell,metric.mix.l2,metric.mix.H,metric.mix.kl_pu,metric.target.success,metric.target.maxp,metric.target.gini,metric.target.tv_vsU,metric.target.js_vsU,metric.target.H,metric.target.KLpU,metric.target.cvar_neglogOmega
ckpt_policy,0.9457040429115295,0.601128339767456,0.8897265791893005,0.7112115025520325,0.7808552384376526,3.3780517578125,0.0,0.6456089615821838,0.9719725847244263,0.9457040429115295,0.601128339767456,0.7808552384376526,3.3780517578125,18.42068099975586
ckpt_policy__abl_NoPE,0.9362050890922546,0.592490017414093,0.8847339153289795,0.7180218696594238,0.855654776096344,3.303252696990967,0.0,0.691006064414978,0.9712861776351929,0.9362050890922546,0.592490017414093,0.855654776096344,3.303252696990967,18.42068099975586
ckpt_policy__abl_GlobalCoin,0.9457040429115295,0.601128339767456,0.8897265791893005,0.7112115025520325,0.7808552384376526,3.3780517578125,0.0,0.6456089615821838,0.9719725847244263,0.9457040429115295,0.601128339767456,0.7808552384376526,3.3780517578125,18.42068099975586
ckpt_policy__abl_TimeFrozen,0.9457040429115295,0.601128339767456,0.8897265791893005,0.7112115025520325,0.7808552384376526,3.3780517578125,0.0,0.6456089615821838,0.9719725847244263,0.9457040429115295,0.601128339767456,0.7808552384376526,3.3780517578125,18.42068099975586
ckpt_policy__abl_NodePermute,0.9448024034500122,0.5932446718215942,0.8831024169921875,0.6755360960960388,0.937719464302063,3.221187114715576,6.738313095411286e-05,0.6397082209587097,0.9676763415336609,0.9448024034500122,0.5932446718215942,0.937719464302063,3.221187114715576,9.60511589050293
