{
  "mix.tv": {
    "mean": 0.5862220525741577,
    "lo": 0.5862220525741577,
    "hi": 0.5862220525741577,
    "stderr": 0.0,
    "n": 500
  },
  "mix.js": {
    "mean": 0.32246845960617065,
    "lo": 0.32246845960617065,
    "hi": 0.32246845960617065,
    "stderr": 0.0,
    "n": 500
  },
  "mix.hell": {
    "mean": 0.6495223641395569,
    "lo": 0.6495223641395569,
    "hi": 0.6495223641395569,
    "stderr": 0.0,
    "n": 500
  },
  "mix.l2": {
    "mean": 0.45329704880714417,
    "lo": 0.45329704880714417,
    "hi": 0.45329704880714417,
    "stderr": 0.0,
    "n": 500
  },
  "mix.H": {
    "mean": 2.4748849868774414,
    "lo": 2.4748849868774414,
    "hi": 2.4748849868774414,
    "stderr": 0.0,
    "n": 500
  },
  "mix.kl_pu": {
    "mean": 1.684011459350586,
    "lo": 1.684011459350586,
    "hi": 1.684011459350586,
    "stderr": 0.0,
    "n": 500
  },
  "target.success": {
    "mean": 0.45672520995140076,
    "lo": 0.45672520995140076,
    "hi": 0.45672520995140076,
    "stderr": 0.0,
    "n": 500
  },
  "target.maxp": {
    "mean": 0.45672520995140076,
    "lo": 0.45672520995140076,
    "hi": 0.45672520995140076,
    "stderr": 0.0,
    "n": 500
  },
  "target.gini": {
    "mean": 0.7923321723937988,
    "lo": 0.7923321723937988,
    "hi": 0.7923321723937988,
    "stderr": 0.0,
    "n": 500
  },
  "target.tv_vsU": {
    "mean": 0.5862220525741577,
    "lo": 0.5862220525741577,
    "hi": 0.5862220525741577,
    "stderr": 0.0,
    "n": 500
  },
  "target.js_vsU": {
    "mean": 0.32246845960617065,
    "lo": 0.32246845960617065,
    "hi": 0.32246845960617065,
    "stderr": 0.0,
    "n": 500
  },
  "target.H": {
    "mean": 2.4748849868774414,
    "lo": 2.4748849868774414,
    "hi": 2.4748849868774414,
    "stderr": 0.0,
    "n": 500
  },
  "target.KLpU": {
    "mean": 1.684011459350586,
    "lo": 1.684011459350586,
    "hi": 1.684011459350586,
    "stderr": 0.0,
    "n": 500
  },
  "target.cvar_neglogOmega": {
    "mean": 0.7836733460426331,
    "lo": 0.7836733460426331,
    "hi": 0.7836733460426331,
    "stderr": 0.0,
    "n": 500
  }
}
