cond,mix.tv,target.tv_vsU,target.success,mix.H,mix.hell,mix.js,mix.kl_pu,mix.l2,target.H,target.KLpU,target.cvar_neglogOmega,target.gini,target.js_vsU,target.maxp
baseline_hadamard,0.0803571492433548,0.0803571492433548,0.015741839600741513,4.142576217651367,0.06507004052400589,0.004220990929752588,0.016307074576616287,0.02187044359743595,4.142576217651367,0.016307074576616287,4.168150644376874,0.08705353736877441,0.004220990929752588,0.01785714365541935
