cond,metric.mix.tv,metric.mix.js,metric.mix.hell,metric.mix.l2,metric.mix.H,metric.mix.kl_pu,metric.target.success,metric.target.maxp,metric.target.gini,metric.target.tv_vsU,metric.target.js_vsU,metric.target.H,metric.target.KLpU,metric.target.cvar_neglogOmega
baseline_hadamard,0.0803571492433548,0.004220990929752588,0.06507004052400589,0.02187044359743595,4.142576217651367,0.016307074576616287,0.015741839600741513,0.01785714365541935,0.08705353736877441,0.0803571492433548,0.004220990929752588,4.142576217651367,0.016307074576616287,4.168150644376874
