{"conditions": {"baseline_hadamard": {"summary": {"mix.tv": 0.0803571492433548, "mix.js": 0.004220990929752588, "mix.hell": 0.06507004052400589, "mix.l2": 0.02187044359743595, "mix.H": 4.142576217651367, "mix.kl_pu": 0.016307074576616287, "target.success": 0.015741839600741513, "target.maxp": 0.01785714365541935, "target.gini": 0.08705353736877441, "target.tv_vsU": 0.0803571492433548, "target.js_vsU": 0.004220990929752588, "target.H": 4.142576217651367, "target.KLpU": 0.016307074576616287, "target.cvar_neglogOmega": 4.168150644376874}, "ci": {"mix.tv": {"mean": 0.0803571492433548, "lo": 0.0803571492433548, "hi": 0.0803571492433548, "stderr": 0.0, "n": 2560}, "mix.js": {"mean": 0.004220990929752588, "lo": 0.004220990929752588, "hi": 0.004220990929752588, "stderr": 0.0, "n": 2560}, "mix.hell": {"mean": 0.06507004052400589, "lo": 0.06507004052400589, "hi": 0.06507004052400589, "stderr": 0.0, "n": 2560}, "mix.l2": {"mean": 0.02187044359743595, "lo": 0.02187044359743595, "hi": 0.02187044359743595, "stderr": 0.0, "n": 2560}, "mix.H": {"mean": 4.142576217651367, "lo": 4.142576217651367, "hi": 4.142576217651367, "stderr": 0.0, "n": 2560}, "mix.kl_pu": {"mean": 0.016307074576616287, "lo": 0.016307074576616287, "hi": 0.016307074576616287, "stderr": 0.0, "n": 2560}, "target.success": {"mean": 0.015741839600741513, "lo": 0.015642439491775805, "hi": 0.01584647129584482, "stderr": 5.2824087659147534e-05, "n": 2560}, "target.maxp": {"mean": 0.01785714365541935, "lo": 0.01785714365541935, "hi": 0.01785714365541935, "stderr": 0.0, "n": 2560}, "target.gini": {"mean": 0.08705353736877441, "lo": 0.08705353736877441, "hi": 0.08705353736877441, "stderr": 0.0, "n": 2560}, "target.tv_vsU": {"mean": 0.0803571492433548, "lo": 0.0803571492433548, "hi": 0.0803571492433548, "stderr": 0.0, "n": 2560}, "target.js_vsU": {"mean": 0.004220990929752588, "lo": 0.004220990929752588, "hi": 0.004220990929752588, "stderr": 0.0, "n": 2560}, "target.H": {"mean": 4.142576217651367, "lo": 4.142576217651367, "hi": 4.142576217651367, "stderr": 0.0, "n": 2560}, "target.KLpU": {"mean": 0.016307074576616287, "lo": 0.016307074576616287, "hi": 0.016307074576616287, "stderr": 0.0, "n": 2560}, "target.cvar_neglogOmega": {"mean": 4.168150644376874, "lo": 4.160881506935693, "hi": 4.175482536335476, "stderr": 0.003697680026451353, "n": 2560}}, "summary_seed": {"mix.tv": 0.0803571492433548, "mix.js": 0.004220990929752588, "mix.hell": 0.06507004052400589, "mix.l2": 0.02187044359743595, "mix.H": 4.142576217651367, "mix.kl_pu": 0.016307074576616287, "target.success": 0.015741839600741513, "target.maxp": 0.01785714365541935, "target.gini": 0.08705353736877441, "target.tv_vsU": 0.0803571492433548, "target.js_vsU": 0.004220990929752588, "target.H": 4.142576217651367, "target.KLpU": 0.016307074576616287, "target.cvar_neglogOmega": 4.168150644376874}, "ci_seed": {"mix.tv": {"mean": 0.0803571492433548, "lo": 0.0803571492433548, "hi": 0.0803571492433548, "stderr": 0.0, "n": 10}, "mix.js": {"mean": 0.004220990929752588, "lo": 0.004220990929752588, "hi": 0.004220990929752588, "stderr": 0.0, "n": 10}, "mix.hell": {"mean": 0.06507004052400589, "lo": 0.06507004052400589, "hi": 0.06507004052400589, "stderr": 0.0, "n": 10}, "mix.l2": {"mean": 0.02187044359743595, "lo": 0.02187044359743595, "hi": 0.02187044359743595, "stderr": 0.0, "n": 10}, "mix.H": {"mean": 4.142576217651367, "lo": 4.142576217651367, "hi": 4.142576217651367, "stderr": 0.0, "n": 10}, "mix.kl_pu": {"mean": 0.016307074576616287, "lo": 0.016307074576616287, "hi": 0.016307074576616287, "stderr": 0.0, "n": 10}, "target.success": {"mean": 0.015741839600741513, "lo": 0.015572515455523513, "hi": 0.015911163745959512, "stderr": 7.48507433516987e-05, "n": 10}, "target.maxp": {"mean": 0.01785714365541935, "lo": 0.01785714365541935, "hi": 0.01785714365541935, "stderr": 0.0, "n": 10}, "target.gini": {"mean": 0.08705353736877441, "lo": 0.08705353736877441, "hi": 0.08705353736877441, "stderr": 0.0, "n": 10}, "target.tv_vsU": {"mean": 0.0803571492433548, "lo": 0.0803571492433548, "hi": 0.0803571492433548, "stderr": 0.0, "n": 10}, "target.js_vsU": {"mean": 0.004220990929752588, "lo": 0.004220990929752588, "hi": 0.004220990929752588, "stderr": 0.0, "n": 10}, "target.H": {"mean": 4.142576217651367, "lo": 4.142576217651367, "hi": 4.142576217651367, "stderr": 0.0, "n": 10}, "target.KLpU": {"mean": 0.016307074576616287, "lo": 0.016307074576616287, "hi": 0.016307074576616287, "stderr": 0.0, "n": 10}, "target.cvar_neglogOmega": {"mean": 4.168150644376874, "lo": 4.1560820611965825, "hi": 4.180219227557166, "stderr": 0.0053349888232635334, "n": 10}}, "text": "CI over pooled episodes \u2014 baseline_hadamard \u2014 SU2 (deg=2)\n---------------------------------------------------------\nmix.H: 4.1426 [4.1426, 4.1426] @ 95% (n=2560, se=0)\n  seed_mean: 4.1426 [4.1426, 4.1426] @ 95% (n=10, se=0)\nmix.hell: 0.0651 [0.0651, 0.0651] @ 95% (n=2560, se=0)\n  seed_mean: 0.0651 [0.0651, 0.0651] @ 95% (n=10, se=0)\nmix.js: 0.0042 [0.0042, 0.0042] @ 95% (n=2560, se=0)\n  seed_mean: 0.0042 [0.0042, 0.0042] @ 95% (n=10, se=0)\nmix.kl_pu: 0.0163 [0.0163, 0.0163] @ 95% (n=2560, se=0)\n  seed_mean: 0.0163 [0.0163, 0.0163] @ 95% (n=10, se=0)\nmix.l2: 0.0219 [0.0219, 0.0219] @ 95% (n=2560, se=0)\n  seed_mean: 0.0219 [0.0219, 0.0219] @ 95% (n=10, se=0)\nmix.tv: 0.0804 [0.0804, 0.0804] @ 95% (n=2560, se=0)\n  seed_mean: 0.0804 [0.0804, 0.0804] @ 95% (n=10, se=0)\ntarget.H: 4.1426 [4.1426, 4.1426] @ 95% (n=2560, se=0)\n  seed_mean: 4.1426 [4.1426, 4.1426] @ 95% (n=10, se=0)\ntarget.KLpU: 0.0163 [0.0163, 0.0163] @ 95% (n=2560, se=0)\n  seed_mean: 0.0163 [0.0163, 0.0163] @ 95% (n=10, se=0)\ntarget.cvar_neglogOmega: 4.1682 [4.1609, 4.1755] @ 95% (n=2560, se=0.003698)\n  seed_mean: 4.1682 [4.1576, 4.1776] @ 95% (n=10, se=0.005089)\ntarget.gini: 0.0871 [0.0871, 0.0871] @ 95% (n=2560, se=0)\n  seed_mean: 0.0871 [0.0871, 0.0871] @ 95% (n=10, se=0)\ntarget.js_vsU: 0.0042 [0.0042, 0.0042] @ 95% (n=2560, se=0)\n  seed_mean: 0.0042 [0.0042, 0.0042] @ 95% (n=10, se=0)\ntarget.maxp: 0.0179 [0.0179, 0.0179] @ 95% (n=2560, se=0)\n  seed_mean: 0.0179 [0.0179, 0.0179] @ 95% (n=10, se=0)\ntarget.success: 0.0157 [0.0156, 0.0158] @ 95% (n=2560, se=5.282e-05)\n  seed_mean: 0.0157 [0.0156, 0.0159] @ 95% (n=10, se=7.147e-05)\ntarget.tv_vsU: 0.0804 [0.0804, 0.0804] @ 95% (n=2560, se=0)\n  seed_mean: 0.0804 [0.0804, 0.0804] @ 95% (n=10, se=0)", "text_seed": "Seed-level CI (replicates = seeds; values = per-seed episode means)\nmethod=student_t alpha=0.05 n_seeds=10\nmix.tv: mean=0.0803571 lo=0.0803571 hi=0.0803571 stderr=0 n=10\nmix.js: mean=0.00422099 lo=0.00422099 hi=0.00422099 stderr=0 n=10\nmix.hell: mean=0.06507 lo=0.06507 hi=0.06507 stderr=0 n=10\nmix.l2: mean=0.0218704 lo=0.0218704 hi=0.0218704 stderr=0 n=10\nmix.H: mean=4.14258 lo=4.14258 hi=4.14258 stderr=0 n=10\nmix.kl_pu: mean=0.0163071 lo=0.0163071 hi=0.0163071 stderr=0 n=10\ntarget.success: mean=0.0157418 lo=0.0155725 hi=0.0159112 stderr=7.48507e-05 n=10\ntarget.maxp: mean=0.0178571 lo=0.0178571 hi=0.0178571 stderr=0 n=10\ntarget.gini: mean=0.0870535 lo=0.0870535 hi=0.0870535 stderr=0 n=10\ntarget.tv_vsU: mean=0.0803571 lo=0.0803571 hi=0.0803571 stderr=0 n=10\ntarget.js_vsU: mean=0.00422099 lo=0.00422099 hi=0.00422099 stderr=0 n=10\ntarget.H: mean=4.14258 lo=4.14258 hi=4.14258 stderr=0 n=10\ntarget.KLpU: mean=0.0163071 lo=0.0163071 hi=0.0163071 stderr=0 n=10\ntarget.cvar_neglogOmega: mean=4.16815 lo=4.15608 hi=4.18022 stderr=0.00533499 n=10\n"}}}
