cond,metric.mix.tv,metric.mix.js,metric.mix.hell,metric.mix.l2,metric.mix.H,metric.mix.kl_pu,metric.target.success,metric.target.maxp,metric.target.gini,metric.target.tv_vsU,metric.target.js_vsU,metric.target.H,metric.target.KLpU,metric.target.cvar_neglogOmega
ckpt_policy,0.5785379409790039,0.28555601835250854,0.6074880957603455,0.22886282205581665,3.021430492401123,1.1374658346176147,0.016980829608928615,0.1615545153617859,0.7504634857177734,0.5785379409790039,0.28555601835250854,3.021430492401123,1.1374658346176147,10.792878501676023
ckpt_policy__abl_NoPE,0.9365664124488831,0.5856820940971375,0.8760838508605957,0.5963056683540344,1.0958268642425537,3.0630791187286377,0.01564534799403906,0.45698282122612,0.9614243507385254,0.9365664124488831,0.5856820940971375,1.0958268642425537,3.0630791187286377,16.806583549967037
ckpt_policy__abl_GlobalCoin,0.5785379409790039,0.28555601835250854,0.6074880957603455,0.22886282205581665,3.021430492401123,1.1374658346176147,0.016980829608928615,0.1615545153617859,0.7504634857177734,0.5785379409790039,0.28555601835250854,3.021430492401123,1.1374658346176147,10.792878501676023
ckpt_policy__abl_TimeFrozen,0.5785379409790039,0.28555601835250854,0.6074880957603455,0.22886282205581665,3.021430492401123,1.1374658346176147,0.016980829608928615,0.1615545153617859,0.7504634857177734,0.5785379409790039,0.28555601835250854,3.021430492401123,1.1374658346176147,10.792878501676023
ckpt_policy__abl_NodePermute,0.5854961276054382,0.2765536606311798,0.5989519357681274,0.2115005999803543,3.0977706909179688,1.061125636100769,0.015061980441350898,0.15648972988128662,0.7315090894699097,0.5854961276054382,0.2765536606311798,3.0977706909179688,1.061125636100769,11.085811177361757
