{"mix.tv": {"mean": 0.8115435481071472, "lo": 0.8029527966678143, "hi": 0.8202281437814236, "stderr": 0.004424790055370849, "n": 10}, "mix.js": {"mean": 0.452691513299942, "lo": 0.44511042870581147, "hi": 0.46110697388648986, "stderr": 0.0041017822062182924, "n": 10}, "mix.hell": {"mean": 0.7543072581291199, "lo": 0.7471754239499568, "hi": 0.7612884798645974, "stderr": 0.003507573350268594, "n": 10}, "mix.l2": {"mean": 0.41933098435401917, "lo": 0.40741399884223933, "hi": 0.4307475569844246, "stderr": 0.0059951095236952644, "n": 10}, "mix.H": {"mean": 1.9967041850090026, "lo": 1.9503917574882508, "hi": 2.047770692408085, "stderr": 0.025193657209135172, "n": 10}, "mix.kl_pu": {"mean": 2.162192368507385, "lo": 2.1115447330474857, "hi": 2.20821716606617, "stderr": 0.025089032250627145, "n": 10}, "target.success": {"mean": 0.0, "lo": 0.0, "hi": 0.0, "stderr": 0.0, "n": 10}, "target.maxp": {"mean": 0.28932301998138427, "lo": 0.2707355359196663, "hi": 0.3111209333688021, "stderr": 0.010452043782944597, "n": 10}, "target.gini": {"mean": 0.9114251375198364, "lo": 0.9071242284774781, "hi": 0.9155808575451374, "stderr": 0.0021984108316781847, "n": 10}, "target.tv_vsU": {"mean": 0.8115435481071472, "lo": 0.8028665360808372, "hi": 0.819593408703804, "stderr": 0.004384931243866762, "n": 10}, "target.js_vsU": {"mean": 0.452691513299942, "lo": 0.44539162307977676, "hi": 0.46037098951637745, "stderr": 0.003939926779705148, "n": 10}, "target.H": {"mean": 1.9967041850090026, "lo": 1.9514580789208413, "hi": 2.047967780530453, "stderr": 0.024996766539633872, "n": 10}, "target.KLpU": {"mean": 2.162192368507385, "lo": 2.1138535785675048, "hi": 2.2067615354061125, "stderr": 0.024473133887323025, "n": 10}, "target.cvar_neglogOmega": {"mean": 18.42068099975586, "lo": 18.42068099975586, "hi": 18.42068099975586, "stderr": 0.0, "n": 10}}