{"mix.tv": {"mean": 0.7288074493408203, "lo": 0.7288074493408203, "hi": 0.7288074493408203, "stderr": 0.0, "n": 10}, "mix.js": {"mean": 0.3821079432964325, "lo": 0.3821079432964325, "hi": 0.3821079432964325, "stderr": 0.0, "n": 10}, "mix.hell": {"mean": 0.7043095231056213, "lo": 0.7043095231056213, "hi": 0.7043095231056213, "stderr": 0.0, "n": 10}, "mix.l2": {"mean": 0.26560285687446594, "lo": 0.26560285687446594, "hi": 0.26560285687446594, "stderr": 0.0, "n": 10}, "mix.H": {"mean": 2.6372876167297363, "lo": 2.6372876167297363, "hi": 2.6372876167297363, "stderr": 0.0, "n": 10}, "mix.kl_pu": {"mean": 1.5216128826141357, "lo": 1.5216128826141357, "hi": 1.5216128826141357, "stderr": 0.0, "n": 10}, "target.success": {"mean": 0.0, "lo": 0.0, "hi": 0.0, "stderr": 0.0, "n": 10}, "target.maxp": {"mean": 0.14338314533233643, "lo": 0.14338314533233643, "hi": 0.14338314533233643, "stderr": 0.0, "n": 10}, "target.gini": {"mean": 0.8322800397872925, "lo": 0.8322800397872925, "hi": 0.8322800397872925, "stderr": 0.0, "n": 10}, "target.tv_vsU": {"mean": 0.7288074493408203, "lo": 0.7288074493408203, "hi": 0.7288074493408203, "stderr": 0.0, "n": 10}, "target.js_vsU": {"mean": 0.3821079432964325, "lo": 0.3821079432964325, "hi": 0.3821079432964325, "stderr": 0.0, "n": 10}, "target.H": {"mean": 2.6372876167297363, "lo": 2.6372876167297363, "hi": 2.6372876167297363, "stderr": 0.0, "n": 10}, "target.KLpU": {"mean": 1.5216128826141357, "lo": 1.5216128826141357, "hi": 1.5216128826141357, "stderr": 0.0, "n": 10}, "target.cvar_neglogOmega": {"mean": 18.42068099975586, "lo": 18.42068099975586, "hi": 18.42068099975586, "stderr": 0.0, "n": 10}}