{"mix.tv": {"mean": 0.984375, "lo": 0.984375, "hi": 0.984375, "stderr": 0.0, "n": 10}, "mix.js": {"mean": 0.6527416706085205, "lo": 0.6527416706085205, "hi": 0.6527416706085205, "stderr": 0.0, "n": 10}, "mix.hell": {"mean": 0.9354143738746643, "lo": 0.9354143738746643, "hi": 0.9354143738746643, "stderr": 0.0, "n": 10}, "mix.l2": {"mean": 0.9921567440032959, "lo": 0.9921567440032959, "hi": 0.9921567440032959, "stderr": 0.0, "n": 10}, "mix.H": {"mean": 0.00010154399933526292, "lo": 0.00010154399933526292, "hi": 0.00010154399933526292, "stderr": 0.0, "n": 10}, "mix.kl_pu": {"mean": 4.158807754516602, "lo": 4.158807754516602, "hi": 4.158807754516602, "stderr": 0.0, "n": 10}}