{"mix.tv": {"mean": 0.7130449414253235, "lo": 0.7130449414253235, "hi": 0.7130449414253235, "stderr": 0.0, "n": 10}, "mix.js": {"mean": 0.37638187408447266, "lo": 0.37638187408447266, "hi": 0.37638187408447266, "stderr": 0.0, "n": 10}, "mix.hell": {"mean": 0.6902519464492798, "lo": 0.6902519464492798, "hi": 0.6902519464492798, "stderr": 0.0, "n": 10}, "mix.l2": {"mean": 0.3535798490047455, "lo": 0.3535798490047455, "hi": 0.3535798490047455, "stderr": 0.0, "n": 10}, "mix.H": {"mean": 2.448192596435547, "lo": 2.448192596435547, "hi": 2.448192596435547, "stderr": 0.0, "n": 10}, "mix.kl_pu": {"mean": 1.7107036113739014, "lo": 1.7107036113739014, "hi": 1.7107036113739014, "stderr": 0.0, "n": 10}, "target.success": {"mean": 0.0, "lo": 0.0, "hi": 0.0, "stderr": 0.0, "n": 10}, "target.maxp": {"mean": 0.2857063114643097, "lo": 0.2857063114643097, "hi": 0.2857063114643097, "stderr": 0.0, "n": 10}, "target.gini": {"mean": 0.8586774468421936, "lo": 0.8586774468421936, "hi": 0.8586774468421936, "stderr": 0.0, "n": 10}, "target.tv_vsU": {"mean": 0.7130449414253235, "lo": 0.7130449414253235, "hi": 0.7130449414253235, "stderr": 0.0, "n": 10}, "target.js_vsU": {"mean": 0.37638187408447266, "lo": 0.37638187408447266, "hi": 0.37638187408447266, "stderr": 0.0, "n": 10}, "target.H": {"mean": 2.448192596435547, "lo": 2.448192596435547, "hi": 2.448192596435547, "stderr": 0.0, "n": 10}, "target.KLpU": {"mean": 1.7107036113739014, "lo": 1.7107036113739014, "hi": 1.7107036113739014, "stderr": 0.0, "n": 10}, "target.cvar_neglogOmega": {"mean": 18.42068099975586, "lo": 18.42068099975586, "hi": 18.42068099975586, "stderr": 0.0, "n": 10}}