{
  "mix.tv": {
    "mean": 0.6378114223480225,
    "lo": 0.6378114223480225,
    "hi": 0.6378114223480225,
    "stderr": 0.0,
    "n": 500
  },
  "mix.js": {
    "mean": 0.31308677792549133,
    "lo": 0.31308677792549133,
    "hi": 0.31308677792549133,
    "stderr": 0.0,
    "n": 500
  },
  "mix.hell": {
    "mean": 0.6323790550231934,
    "lo": 0.6323790550231934,
    "hi": 0.6323790550231934,
    "stderr": 0.0,
    "n": 500
  },
  "mix.l2": {
    "mean": 0.27195802330970764,
    "lo": 0.27195802330970764,
    "hi": 0.27195802330970764,
    "stderr": 0.0,
    "n": 500
  },
  "mix.H": {
    "mean": 2.833552837371826,
    "lo": 2.833552837371826,
    "hi": 2.833552837371826,
    "stderr": 0.0,
    "n": 500
  },
  "mix.kl_pu": {
    "mean": 1.3253426551818848,
    "lo": 1.3253426551818848,
    "hi": 1.3253426551818848,
    "stderr": 0.0,
    "n": 500
  }
}