{"mix.tv": {"mean": 0.22905369102954865, "lo": 0.22905369102954865, "hi": 0.22905369102954865, "stderr": 0.0, "n": 2560}, "mix.js": {"mean": 0.0402316078543663, "lo": 0.0402316078543663, "hi": 0.0402316078543663, "stderr": 0.0, "n": 2560}, "mix.hell": {"mean": 0.20272529125213623, "lo": 0.20272529125213623, "hi": 0.20272529125213623, "stderr": 0.0, "n": 2560}, "mix.l2": {"mean": 0.07371153682470322, "lo": 0.07371153682470322, "hi": 0.07371153682470322, "stderr": 0.0, "n": 2560}, "mix.H": {"mean": 3.9979405403137207, "lo": 3.9979405403137207, "hi": 3.9979405403137207, "stderr": 0.0, "n": 2560}, "mix.kl_pu": {"mean": 0.16094258427619934, "lo": 0.16094258427619934, "hi": 0.16094258427619934, "stderr": 0.0, "n": 2560}, "target.success": {"mean": 0.008043472655117512, "lo": 0.008043472655117512, "hi": 0.008043472655117512, "stderr": 0.0, "n": 2560}, "target.maxp": {"mean": 0.05266620218753815, "lo": 0.05266620218753815, "hi": 0.05266620218753815, "stderr": 0.0, "n": 2560}, "target.gini": {"mean": 0.31433290243148804, "lo": 0.31433290243148804, "hi": 0.31433290243148804, "stderr": 0.0, "n": 2560}, "target.tv_vsU": {"mean": 0.22905369102954865, "lo": 0.22905369102954865, "hi": 0.22905369102954865, "stderr": 0.0, "n": 2560}, "target.js_vsU": {"mean": 0.0402316078543663, "lo": 0.0402316078543663, "hi": 0.0402316078543663, "stderr": 0.0, "n": 2560}, "target.H": {"mean": 3.9979405403137207, "lo": 3.9979405403137207, "hi": 3.9979405403137207, "stderr": 0.0, "n": 2560}, "target.KLpU": {"mean": 0.16094258427619934, "lo": 0.16094258427619934, "hi": 0.16094258427619934, "stderr": 0.0, "n": 2560}, "target.cvar_neglogOmega": {"mean": 4.82289457321167, "lo": 4.82289457321167, "hi": 4.82289457321167, "stderr": 0.0, "n": 2560}}