{"mix.tv": {"mean": 0.6787340354640037, "lo": 0.6778508456586793, "hi": 0.6796172252693281, "stderr": 0.0003904192952757242, "n": 10}, "mix.js": {"mean": 0.34673066103132444, "lo": 0.346168367877279, "hi": 0.3472929541853699, "stderr": 0.00024856502601968545, "n": 10}, "mix.hell": {"mean": 0.6632196132326499, "lo": 0.6627264551938631, "hi": 0.6637127712714367, "stderr": 0.00021800343799484377, "n": 10}, "mix.l2": {"mean": 0.3143221604404971, "lo": 0.31344788011385794, "hi": 0.31519644076713627, "stderr": 0.00038648080734412626, "n": 10}, "mix.H": {"mean": 2.645412838086486, "lo": 2.6417240566667184, "hi": 2.6491016195062533, "stderr": 0.0016306477199460304, "n": 10}, "mix.kl_pu": {"mean": 1.5134835506789386, "lo": 1.5097947644649585, "hi": 1.5171723368929186, "stderr": 0.0016306498392560924, "n": 10}, "target.success": {"mean": 0.016874827104584256, "lo": 0.015448055024528059, "hi": 0.018301599184640454, "stderr": 0.0006307130660435991, "n": 10}, "target.maxp": {"mean": 0.25936801704228857, "lo": 0.257681063012021, "hi": 0.26105497107255615, "stderr": 0.0007457280413440525, "n": 10}, "target.gini": {"mean": 0.8269978445488959, "lo": 0.8263118890139768, "hi": 0.827683800083815, "stderr": 0.0003032307154351984, "n": 10}, "target.tv_vsU": {"mean": 0.6787340354640037, "lo": 0.6778508456586793, "hi": 0.6796172252693281, "stderr": 0.0003904192952757242, "n": 10}, "target.js_vsU": {"mean": 0.34673066103132444, "lo": 0.346168367877279, "hi": 0.3472929541853699, "stderr": 0.00024856502601968545, "n": 10}, "target.H": {"mean": 2.645412838086486, "lo": 2.6417240566667184, "hi": 2.6491016195062533, "stderr": 0.0016306477199460304, "n": 10}, "target.KLpU": {"mean": 1.5134835506789386, "lo": 1.5097947644649585, "hi": 1.5171723368929186, "stderr": 0.0016306498392560924, "n": 10}, "target.cvar_neglogOmega": {"mean": 11.631076552439481, "lo": 11.374266930143856, "hi": 11.887886174735106, "stderr": 0.11352421773013147, "n": 10}}