{"mix.tv": {"mean": 0.6787340354640037, "lo": 0.6779758532985579, "hi": 0.6794996258697938, "stderr": 0.0003877819307862053, "n": 2560}, "mix.js": {"mean": 0.34673066103132444, "lo": 0.34619473806495077, "hi": 0.34720393319264986, "stderr": 0.00024767263891877444, "n": 2560}, "mix.hell": {"mean": 0.6632196132326499, "lo": 0.6627994844544447, "hi": 0.6636533581867116, "stderr": 0.00021561620060199274, "n": 2560}, "mix.l2": {"mean": 0.3143221604404971, "lo": 0.3135715621139389, "hi": 0.3150497996310878, "stderr": 0.00037366177667647667, "n": 2560}, "mix.H": {"mean": 2.645412838086486, "lo": 2.6420917187305166, "hi": 2.6483801396307536, "stderr": 0.0015978472182820972, "n": 2560}, "mix.kl_pu": {"mean": 1.5134835506789386, "lo": 1.5102635382360314, "hi": 1.516676802756265, "stderr": 0.001648527298235142, "n": 2560}, "target.success": {"mean": 0.016874827104584256, "lo": 0.015342935300134428, "hi": 0.018412066484881962, "stderr": 0.0007837789348261016, "n": 2560}, "target.maxp": {"mean": 0.25936801704228857, "lo": 0.2578196749473136, "hi": 0.26073287608800455, "stderr": 0.0007370050376327659, "n": 2560}, "target.gini": {"mean": 0.8269978445488959, "lo": 0.8264102391758933, "hi": 0.8275757341366261, "stderr": 0.0002966319902789589, "n": 2560}, "target.tv_vsU": {"mean": 0.6787340354640037, "lo": 0.6780220469948836, "hi": 0.6795132155867759, "stderr": 0.0003888810585814673, "n": 2560}, "target.js_vsU": {"mean": 0.34673066103132444, "lo": 0.3462335202394752, "hi": 0.34720956649020085, "stderr": 0.0002451338259726244, "n": 2560}, "target.H": {"mean": 2.645412838086486, "lo": 2.6422053884738124, "hi": 2.648577832200099, "stderr": 0.0016335666092844542, "n": 2560}, "target.KLpU": {"mean": 1.5134835506789386, "lo": 1.5102594917232637, "hi": 1.5168021916330325, "stderr": 0.0016453322365690267, "n": 2560}, "target.cvar_neglogOmega": {"mean": 11.631076552439481, "lo": 11.367681339238771, "hi": 11.916220941983628, "stderr": 0.13871637444378698, "n": 2560}}