{
  "mix.tv": {
    "mean": 0.23374120891094208,
    "lo": 0.23374120891094208,
    "hi": 0.23374120891094208,
    "stderr": 0.0,
    "n": 500
  },
  "mix.js": {
    "mean": 0.042758241295814514,
    "lo": 0.042758241295814514,
    "hi": 0.042758241295814514,
    "stderr": 0.0,
    "n": 500
  },
  "mix.hell": {
    "mean": 0.20907168090343475,
    "lo": 0.20907168090343475,
    "hi": 0.20907168090343475,
    "stderr": 0.0,
    "n": 500
  },
  "mix.l2": {
    "mean": 0.07253742963075638,
    "lo": 0.07253742963075638,
    "hi": 0.07253742963075638,
    "stderr": 0.0,
    "n": 500
  },
  "mix.H": {
    "mean": 3.9923577308654785,
    "lo": 3.9923577308654785,
    "hi": 3.9923577308654785,
    "stderr": 0.0,
    "n": 500
  },
  "mix.kl_pu": {
    "mean": 0.16652560234069824,
    "lo": 0.16652560234069824,
    "hi": 0.16652560234069824,
    "stderr": 0.0,
    "n": 500
  },
  "target.success": {
    "mean": 0.009736379608511925,
    "lo": 0.009736379608511925,
    "hi": 0.009736379608511925,
    "stderr": 0.0,
    "n": 500
  },
  "target.maxp": {
    "mean": 0.04180647432804108,
    "lo": 0.04180647432804108,
    "hi": 0.04180647432804108,
    "stderr": 0.0,
    "n": 500
  },
  "target.gini": {
    "mean": 0.32339179515838623,
    "lo": 0.32339179515838623,
    "hi": 0.32339179515838623,
    "stderr": 0.0,
    "n": 500
  },
  "target.tv_vsU": {
    "mean": 0.23374120891094208,
    "lo": 0.23374120891094208,
    "hi": 0.23374120891094208,
    "stderr": 0.0,
    "n": 500
  },
  "target.js_vsU": {
    "mean": 0.042758241295814514,
    "lo": 0.042758241295814514,
    "hi": 0.042758241295814514,
    "stderr": 0.0,
    "n": 500
  },
  "target.H": {
    "mean": 3.9923577308654785,
    "lo": 3.9923577308654785,
    "hi": 3.9923577308654785,
    "stderr": 0.0,
    "n": 500
  },
  "target.KLpU": {
    "mean": 0.16652560234069824,
    "lo": 0.16652560234069824,
    "hi": 0.16652560234069824,
    "stderr": 0.0,
    "n": 500
  },
  "target.cvar_neglogOmega": {
    "mean": 4.631886005401611,
    "lo": 4.631886005401611,
    "hi": 4.631886005401611,
    "stderr": 0.0,
    "n": 500
  }
}