{"sigmas": [0.0, 0.02, 0.05, 0.1], "trials": 5, "metrics": {"mix.tv": {"mean": [0.682624101638794, 0.682624101638794, 0.682624101638794, 0.682624101638794], "lo": [0.682624101638794, 0.682624101638794, 0.682624101638794, 0.682624101638794], "hi": [0.682624101638794, 0.682624101638794, 0.682624101638794, 0.682624101638794], "n": [5, 5, 5, 5], "ci_over": "trials", "ci_method": "student_t", "alpha": 0.05}, "mix.js": {"mean": [0.34678569436073303, 0.34678569436073303, 0.34678569436073303, 0.34678569436073303], "lo": [0.34678569436073303, 0.34678569436073303, 0.34678569436073303, 0.34678569436073303], "hi": [0.34678569436073303, 0.34678569436073303, 0.34678569436073303, 0.34678569436073303], "n": [5, 5, 5, 5], "ci_over": "trials", "ci_method": "student_t", "alpha": 0.05}, "mix.hell": {"mean": [0.6623528003692627, 0.6623528003692627, 0.6623528003692627, 0.6623528003692627], "lo": [0.6623528003692627, 0.6623528003692627, 0.6623528003692627, 0.6623528003692627], "hi": [0.6623528003692627, 0.6623528003692627, 0.6623528003692627, 0.6623528003692627], "n": [5, 5, 5, 5], "ci_over": "trials", "ci_method": "student_t", "alpha": 0.05}, "mix.l2": {"mean": [0.3164433538913727, 0.3164433538913727, 0.3164433538913727, 0.3164433538913727], "lo": [0.3164433538913727, 0.3164433538913727, 0.3164433538913727, 0.3164433538913727], "hi": [0.3164433538913727, 0.3164433538913727, 0.3164433538913727, 0.3164433538913727], "n": [5, 5, 5, 5], "ci_over": "trials", "ci_method": "student_t", "alpha": 0.05}, "mix.H": {"mean": [2.6157584190368652, 2.6157584190368652, 2.6157584190368652, 2.6157584190368652], "lo": [2.6157584190368652, 2.6157584190368652, 2.6157584190368652, 2.6157584190368652], "hi": [2.6157584190368652, 2.6157584190368652, 2.6157584190368652, 2.6157584190368652], "n": [5, 5, 5, 5], "ci_over": "trials", "ci_method": "student_t", "alpha": 0.05}, "mix.kl_pu": {"mean": [1.543138027191162, 1.543138027191162, 1.543138027191162, 1.543138027191162], "lo": [1.543138027191162, 1.543138027191162, 1.543138027191162, 1.543138027191162], "hi": [1.543138027191162, 1.543138027191162, 1.543138027191162, 1.543138027191162], "n": [5, 5, 5, 5], "ci_over": "trials", "ci_method": "student_t", "alpha": 0.05}, "target.success": {"mean": [0.01614569447719987, 0.01614569447719987, 0.01614569447719987, 0.01614569447719987], "lo": [0.01614569447719987, 0.01614569447719987, 0.01614569447719987, 0.01614569447719987], "hi": [0.01614569447719987, 0.01614569447719987, 0.01614569447719987, 0.01614569447719987], "n": [5, 5, 5, 5], "ci_over": "trials", "ci_method": "student_t", "alpha": 0.05}, "target.maxp": {"mean": [0.23795735836029053, 0.23795735836029053, 0.23795735836029053, 0.23795735836029053], "lo": [0.23795735836029053, 0.23795735836029053, 0.23795735836029053, 0.23795735836029053], "hi": [0.23795735836029053, 0.23795735836029053, 0.23795735836029053, 0.23795735836029053], "n": [5, 5, 5, 5], "ci_over": "trials", "ci_method": "student_t", "alpha": 0.05}, "target.gini": {"mean": [0.8345360159873962, 0.8345360159873962, 0.8345360159873962, 0.8345360159873962], "lo": [0.8345360159873962, 0.8345360159873962, 0.8345360159873962, 0.8345360159873962], "hi": [0.8345360159873962, 0.8345360159873962, 0.8345360159873962, 0.8345360159873962], "n": [5, 5, 5, 5], "ci_over": "trials", "ci_method": "student_t", "alpha": 0.05}, "target.tv_vsU": {"mean": [0.682624101638794, 0.682624101638794, 0.682624101638794, 0.682624101638794], "lo": [0.682624101638794, 0.682624101638794, 0.682624101638794, 0.682624101638794], "hi": [0.682624101638794, 0.682624101638794, 0.682624101638794, 0.682624101638794], "n": [5, 5, 5, 5], "ci_over": "trials", "ci_method": "student_t", "alpha": 0.05}, "target.js_vsU": {"mean": [0.34678569436073303, 0.34678569436073303, 0.34678569436073303, 0.34678569436073303], "lo": [0.34678569436073303, 0.34678569436073303, 0.34678569436073303, 0.34678569436073303], "hi": [0.34678569436073303, 0.34678569436073303, 0.34678569436073303, 0.34678569436073303], "n": [5, 5, 5, 5], "ci_over": "trials", "ci_method": "student_t", "alpha": 0.05}, "target.H": {"mean": [2.6157584190368652, 2.6157584190368652, 2.6157584190368652, 2.6157584190368652], "lo": [2.6157584190368652, 2.6157584190368652, 2.6157584190368652, 2.6157584190368652], "hi": [2.6157584190368652, 2.6157584190368652, 2.6157584190368652, 2.6157584190368652], "n": [5, 5, 5, 5], "ci_over": "trials", "ci_method": "student_t", "alpha": 0.05}, "target.KLpU": {"mean": [1.543138027191162, 1.543138027191162, 1.543138027191162, 1.543138027191162], "lo": [1.543138027191162, 1.543138027191162, 1.543138027191162, 1.543138027191162], "hi": [1.543138027191162, 1.543138027191162, 1.543138027191162, 1.543138027191162], "n": [5, 5, 5, 5], "ci_over": "trials", "ci_method": "student_t", "alpha": 0.05}, "target.cvar_neglogOmega": {"mean": [11.543557545775547, 11.543557545775547, 11.543557545775547, 11.543557545775547], "lo": [11.543557545775547, 11.543557545775547, 11.543557545775547, 11.543557545775547], "hi": [11.543557545775547, 11.543557545775547, 11.543557545775547, 11.543557545775547], "n": [5, 5, 5, 5], "ci_over": "trials", "ci_method": "student_t", "alpha": 0.05}}}