{"mix.tv": {"mean": 0.7177086532115936, "lo": 0.7008096669614315, "hi": 0.7341693890094757, "stderr": 0.008642688408020398, "n": 10}, "mix.js": {"mean": 0.3771424412727356, "lo": 0.3642307491600513, "hi": 0.3885096895694733, "stderr": 0.006150471572316802, "n": 10}, "mix.hell": {"mean": 0.6921174645423889, "lo": 0.6817600679397583, "hi": 0.7017866514623166, "stderr": 0.00524739472997883, "n": 10}, "mix.l2": {"mean": 0.31865528523921965, "lo": 0.3009209118783474, "hi": 0.3363140758872032, "stderr": 0.009279305698730185, "n": 10}, "mix.H": {"mean": 2.511548638343811, "lo": 2.4355966663360595, "hi": 2.595627969503403, "stderr": 0.039630787345962835, "n": 10}, "mix.kl_pu": {"mean": 1.6473481893539428, "lo": 1.56534323990345, "hi": 1.7200351732969283, "stderr": 0.038868646296305966, "n": 10}, "target.success": {"mean": 0.0, "lo": 0.0, "hi": 0.0, "stderr": 0.0, "n": 10}, "target.maxp": {"mean": 0.2129732996225357, "lo": 0.1902226408943534, "hi": 0.2374619774147868, "stderr": 0.011636477039336983, "n": 10}, "target.gini": {"mean": 0.8526548326015473, "lo": 0.8401397739350795, "hi": 0.8636272747814655, "stderr": 0.006000944425766744, "n": 10}, "target.tv_vsU": {"mean": 0.7177086532115936, "lo": 0.7006898728013039, "hi": 0.7348003810644149, "stderr": 0.008701609733297748, "n": 10}, "target.js_vsU": {"mean": 0.3771424412727356, "lo": 0.3655641527473927, "hi": 0.38799800746142865, "stderr": 0.005897582352487792, "n": 10}, "target.H": {"mean": 2.511548638343811, "lo": 2.4380395704507825, "hi": 2.591082946062088, "stderr": 0.039623305050337426, "n": 10}, "target.KLpU": {"mean": 1.6473481893539428, "lo": 1.5674190884828567, "hi": 1.7176866054534914, "stderr": 0.04020851495794108, "n": 10}, "target.cvar_neglogOmega": {"mean": 18.42068099975586, "lo": 18.42068099975586, "hi": 18.42068099975586, "stderr": 0.0, "n": 10}}