cond,mix.tv,target.tv_vsU,target.success,mix.H,mix.hell,mix.js,mix.kl_pu,mix.l2,target.H,target.KLpU,target.cvar_neglogOmega,target.gini,target.js_vsU,target.maxp
ckpt_policy,0.8375473022460938,0.8375473022460938,0.0,1.867385983467102,0.7763198018074036,0.47693905234336853,2.291511058807373,0.4391302764415741,1.867385983467102,2.291511058807373,18.42068099975586,0.9235054850578308,0.47693905234336853,0.31588080525398254
ckpt_policy__abl_GlobalCoin,0.7130449414253235,0.7130449414253235,0.0,2.448192596435547,0.6902519464492798,0.37638187408447266,1.7107036113739014,0.3535798490047455,2.448192596435547,1.7107036113739014,18.42068099975586,0.8586774468421936,0.37638187408447266,0.2857063114643097
ckpt_policy__abl_NoPE,0.8335531949996948,0.8335531949996948,0.0,1.8463232517242432,0.7925617694854736,0.4847533404827118,2.3125789165496826,0.45682379603385925,1.8463232517242432,2.3125789165496826,18.42068099975586,0.9253145456314087,0.4847533404827118,0.39477357268333435
ckpt_policy__abl_NodePermute,0.8296528458595276,0.8296528458595276,0.06791378557682037,1.93927001953125,0.7859556674957275,0.4758949279785156,2.219630718231201,0.4363527297973633,1.93927001953125,2.219630718231201,2.689516305923462,0.9146378636360168,0.4758949279785156,0.3637799620628357
ckpt_policy__abl_TimeFrozen,0.8665448427200317,0.8665448427200317,0.0,1.6177523136138916,0.8058537244796753,0.5078890919685364,2.5411458015441895,0.5018445253372192,1.6177523136138916,2.5411458015441895,18.42068099975586,0.9397301077842712,0.5078890919685364,0.37225520610809326
