{"conditions": {"ckpt_policy": {"summary": {"mix.tv": 0.8375473022460938, "mix.js": 0.47693905234336853, "mix.hell": 0.7763198018074036, "mix.l2": 0.4391302764415741, "mix.H": 1.867385983467102, "mix.kl_pu": 2.291511058807373, "target.success": 0.0, "target.maxp": 0.31588080525398254, "target.gini": 0.9235054850578308, "target.tv_vsU": 0.8375473022460938, "target.js_vsU": 0.47693905234336853, "target.H": 1.867385983467102, "target.KLpU": 2.291511058807373, "target.cvar_neglogOmega": 18.42068099975586}, "ci": {"mix.tv": {"mean": 0.8375473022460938, "lo": 0.8375473022460938, "hi": 0.8375473022460938, "stderr": 0.0, "n": 10}, "mix.js": {"mean": 0.47693905234336853, "lo": 0.47693905234336853, "hi": 0.47693905234336853, "stderr": 0.0, "n": 10}, "mix.hell": {"mean": 0.7763198018074036, "lo": 0.7763198018074036, "hi": 0.7763198018074036, "stderr": 0.0, "n": 10}, "mix.l2": {"mean": 0.4391302764415741, "lo": 0.4391302764415741, "hi": 0.4391302764415741, "stderr": 0.0, "n": 10}, "mix.H": {"mean": 1.867385983467102, "lo": 1.867385983467102, "hi": 1.867385983467102, "stderr": 0.0, "n": 10}, "mix.kl_pu": {"mean": 2.291511058807373, "lo": 2.291511058807373, "hi": 2.291511058807373, "stderr": 0.0, "n": 10}, "target.success": {"mean": 0.0, "lo": 0.0, "hi": 0.0, "stderr": 0.0, "n": 10}, "target.maxp": {"mean": 0.31588080525398254, "lo": 0.31588080525398254, "hi": 0.31588080525398254, "stderr": 0.0, "n": 10}, "target.gini": {"mean": 0.9235054850578308, "lo": 0.9235054850578308, "hi": 0.9235054850578308, "stderr": 0.0, "n": 10}, "target.tv_vsU": {"mean": 0.8375473022460938, "lo": 0.8375473022460938, "hi": 0.8375473022460938, "stderr": 0.0, "n": 10}, "target.js_vsU": {"mean": 0.47693905234336853, "lo": 0.47693905234336853, "hi": 0.47693905234336853, "stderr": 0.0, "n": 10}, "target.H": {"mean": 1.867385983467102, "lo": 1.867385983467102, "hi": 1.867385983467102, "stderr": 0.0, "n": 10}, "target.KLpU": {"mean": 2.291511058807373, "lo": 2.291511058807373, "hi": 2.291511058807373, "stderr": 0.0, "n": 10}, "target.cvar_neglogOmega": {"mean": 18.42068099975586, "lo": 18.42068099975586, "hi": 18.42068099975586, "stderr": 0.0, "n": 10}}, "text": "CI over pooled episodes \u2014 ckpt_policy \u2014 EXP (any degree)\n--------------------------------------------------------\nmix.H: 1.8674 [1.8674, 1.8674] @ 95% (n=10, se=0)\nmix.hell: 0.7763 [0.7763, 0.7763] @ 95% (n=10, se=0)\nmix.js: 0.4769 [0.4769, 0.4769] @ 95% (n=10, se=0)\nmix.kl_pu: 2.2915 [2.2915, 2.2915] @ 95% (n=10, se=0)\nmix.l2: 0.4391 [0.4391, 0.4391] @ 95% (n=10, se=0)\nmix.tv: 0.8375 [0.8375, 0.8375] @ 95% (n=10, se=0)\ntarget.H: 1.8674 [1.8674, 1.8674] @ 95% (n=10, se=0)\ntarget.KLpU: 2.2915 [2.2915, 2.2915] @ 95% (n=10, se=0)\ntarget.cvar_neglogOmega: 18.4207 [18.4207, 18.4207] @ 95% (n=10, se=0)\ntarget.gini: 0.9235 [0.9235, 0.9235] @ 95% (n=10, se=0)\ntarget.js_vsU: 0.4769 [0.4769, 0.4769] @ 95% (n=10, se=0)\ntarget.maxp: 0.3159 [0.3159, 0.3159] @ 95% (n=10, se=0)\ntarget.success: 0.0000 [0.0000, 0.0000] @ 95% (n=10, se=0)\ntarget.tv_vsU: 0.8375 [0.8375, 0.8375] @ 95% (n=10, se=0)"}, "ckpt_policy__abl_NoPE": {"summary": {"mix.tv": 0.8335531949996948, "mix.js": 0.4847533404827118, "mix.hell": 0.7925617694854736, "mix.l2": 0.45682379603385925, "mix.H": 1.8463232517242432, "mix.kl_pu": 2.3125789165496826, "target.success": 0.0, "target.maxp": 0.39477357268333435, "target.gini": 0.9253145456314087, "target.tv_vsU": 0.8335531949996948, "target.js_vsU": 0.4847533404827118, "target.H": 1.8463232517242432, "target.KLpU": 2.3125789165496826, "target.cvar_neglogOmega": 18.42068099975586}, "ci": {"mix.tv": {"mean": 0.8335531949996948, "lo": 0.8335531949996948, "hi": 0.8335531949996948, "stderr": 0.0, "n": 10}, "mix.js": {"mean": 0.4847533404827118, "lo": 0.4847533404827118, "hi": 0.4847533404827118, "stderr": 0.0, "n": 10}, "mix.hell": {"mean": 0.7925617694854736, "lo": 0.7925617694854736, "hi": 0.7925617694854736, "stderr": 0.0, "n": 10}, "mix.l2": {"mean": 0.45682379603385925, "lo": 0.45682379603385925, "hi": 0.45682379603385925, "stderr": 0.0, "n": 10}, "mix.H": {"mean": 1.8463232517242432, "lo": 1.8463232517242432, "hi": 1.8463232517242432, "stderr": 0.0, "n": 10}, "mix.kl_pu": {"mean": 2.3125789165496826, "lo": 2.3125789165496826, "hi": 2.3125789165496826, "stderr": 0.0, "n": 10}, "target.success": {"mean": 0.0, "lo": 0.0, "hi": 0.0, "stderr": 0.0, "n": 10}, "target.maxp": {"mean": 0.39477357268333435, "lo": 0.39477357268333435, "hi": 0.39477357268333435, "stderr": 0.0, "n": 10}, "target.gini": {"mean": 0.9253145456314087, "lo": 0.9253145456314087, "hi": 0.9253145456314087, "stderr": 0.0, "n": 10}, "target.tv_vsU": {"mean": 0.8335531949996948, "lo": 0.8335531949996948, "hi": 0.8335531949996948, "stderr": 0.0, "n": 10}, "target.js_vsU": {"mean": 0.4847533404827118, "lo": 0.4847533404827118, "hi": 0.4847533404827118, "stderr": 0.0, "n": 10}, "target.H": {"mean": 1.8463232517242432, "lo": 1.8463232517242432, "hi": 1.8463232517242432, "stderr": 0.0, "n": 10}, "target.KLpU": {"mean": 2.3125789165496826, "lo": 2.3125789165496826, "hi": 2.3125789165496826, "stderr": 0.0, "n": 10}, "target.cvar_neglogOmega": {"mean": 18.42068099975586, "lo": 18.42068099975586, "hi": 18.42068099975586, "stderr": 0.0, "n": 10}}, "text": "CI over pooled episodes \u2014 ckpt_policy__abl_NoPE \u2014 EXP (any degree)\n------------------------------------------------------------------\nmix.H: 1.8463 [1.8463, 1.8463] @ 95% (n=10, se=0)\nmix.hell: 0.7926 [0.7926, 0.7926] @ 95% (n=10, se=0)\nmix.js: 0.4848 [0.4848, 0.4848] @ 95% (n=10, se=0)\nmix.kl_pu: 2.3126 [2.3126, 2.3126] @ 95% (n=10, se=0)\nmix.l2: 0.4568 [0.4568, 0.4568] @ 95% (n=10, se=0)\nmix.tv: 0.8336 [0.8336, 0.8336] @ 95% (n=10, se=0)\ntarget.H: 1.8463 [1.8463, 1.8463] @ 95% (n=10, se=0)\ntarget.KLpU: 2.3126 [2.3126, 2.3126] @ 95% (n=10, se=0)\ntarget.cvar_neglogOmega: 18.4207 [18.4207, 18.4207] @ 95% (n=10, se=0)\ntarget.gini: 0.9253 [0.9253, 0.9253] @ 95% (n=10, se=0)\ntarget.js_vsU: 0.4848 [0.4848, 0.4848] @ 95% (n=10, se=0)\ntarget.maxp: 0.3948 [0.3948, 0.3948] @ 95% (n=10, se=0)\ntarget.success: 0.0000 [0.0000, 0.0000] @ 95% (n=10, se=0)\ntarget.tv_vsU: 0.8336 [0.8336, 0.8336] @ 95% (n=10, se=0)"}, "ckpt_policy__abl_GlobalCoin": {"summary": {"mix.tv": 0.7130449414253235, "mix.js": 0.37638187408447266, "mix.hell": 0.6902519464492798, "mix.l2": 0.3535798490047455, "mix.H": 2.448192596435547, "mix.kl_pu": 1.7107036113739014, "target.success": 0.0, "target.maxp": 0.2857063114643097, "target.gini": 0.8586774468421936, "target.tv_vsU": 0.7130449414253235, "target.js_vsU": 0.37638187408447266, "target.H": 2.448192596435547, "target.KLpU": 1.7107036113739014, "target.cvar_neglogOmega": 18.42068099975586}, "ci": {"mix.tv": {"mean": 0.7130449414253235, "lo": 0.7130449414253235, "hi": 0.7130449414253235, "stderr": 0.0, "n": 10}, "mix.js": {"mean": 0.37638187408447266, "lo": 0.37638187408447266, "hi": 0.37638187408447266, "stderr": 0.0, "n": 10}, "mix.hell": {"mean": 0.6902519464492798, "lo": 0.6902519464492798, "hi": 0.6902519464492798, "stderr": 0.0, "n": 10}, "mix.l2": {"mean": 0.3535798490047455, "lo": 0.3535798490047455, "hi": 0.3535798490047455, "stderr": 0.0, "n": 10}, "mix.H": {"mean": 2.448192596435547, "lo": 2.448192596435547, "hi": 2.448192596435547, "stderr": 0.0, "n": 10}, "mix.kl_pu": {"mean": 1.7107036113739014, "lo": 1.7107036113739014, "hi": 1.7107036113739014, "stderr": 0.0, "n": 10}, "target.success": {"mean": 0.0, "lo": 0.0, "hi": 0.0, "stderr": 0.0, "n": 10}, "target.maxp": {"mean": 0.2857063114643097, "lo": 0.2857063114643097, "hi": 0.2857063114643097, "stderr": 0.0, "n": 10}, "target.gini": {"mean": 0.8586774468421936, "lo": 0.8586774468421936, "hi": 0.8586774468421936, "stderr": 0.0, "n": 10}, "target.tv_vsU": {"mean": 0.7130449414253235, "lo": 0.7130449414253235, "hi": 0.7130449414253235, "stderr": 0.0, "n": 10}, "target.js_vsU": {"mean": 0.37638187408447266, "lo": 0.37638187408447266, "hi": 0.37638187408447266, "stderr": 0.0, "n": 10},