cond,metric.mix.tv,metric.mix.js,metric.mix.hell,metric.mix.l2,metric.mix.H,metric.mix.kl_pu,metric.target.success,metric.target.maxp,metric.target.gini,metric.target.tv_vsU,metric.target.js_vsU,metric.target.H,metric.target.KLpU,metric.target.cvar_neglogOmega
ckpt_policy,0.8374433517456055,0.47703325748443604,0.7763349413871765,0.43982580304145813,1.8651399612426758,2.2937562465667725,0.0,0.3163456618785858,0.9236908555030823,0.8374433517456055,0.47703325748443604,1.8651399612426758,2.2937562465667725,18.42068099975586
