{"conditions": {"ckpt_policy": {"summary": {"mix.tv": 0.8374433517456055, "mix.js": 0.47703325748443604, "mix.hell": 0.7763349413871765, "mix.l2": 0.43982580304145813, "mix.H": 1.8651399612426758, "mix.kl_pu": 2.2937562465667725, "target.success": 0.0, "target.maxp": 0.3163456618785858, "target.gini": 0.9236908555030823, "target.tv_vsU": 0.8374433517456055, "target.js_vsU": 0.47703325748443604, "target.H": 1.8651399612426758, "target.KLpU": 2.2937562465667725, "target.cvar_neglogOmega": 18.42068099975586}, "ci": {"mix.tv": {"mean": 0.8374433517456055, "lo": 0.8374433517456055, "hi": 0.8374433517456055, "stderr": 0.0, "n": 10}, "mix.js": {"mean": 0.47703325748443604, "lo": 0.47703325748443604, "hi": 0.47703325748443604, "stderr": 0.0, "n": 10}, "mix.hell": {"mean": 0.7763349413871765, "lo": 0.7763349413871765, "hi": 0.7763349413871765, "stderr": 0.0, "n": 10}, "mix.l2": {"mean": 0.43982580304145813, "lo": 0.43982580304145813, "hi": 0.43982580304145813, "stderr": 0.0, "n": 10}, "mix.H": {"mean": 1.8651399612426758, "lo": 1.8651399612426758, "hi": 1.8651399612426758, "stderr": 0.0, "n": 10}, "mix.kl_pu": {"mean": 2.2937562465667725, "lo": 2.2937562465667725, "hi": 2.2937562465667725, "stderr": 0.0, "n": 10}, "target.success": {"mean": 0.0, "lo": 0.0, "hi": 0.0, "stderr": 0.0, "n": 10}, "target.maxp": {"mean": 0.3163456618785858, "lo": 0.3163456618785858, "hi": 0.3163456618785858, "stderr": 0.0, "n": 10}, "target.gini": {"mean": 0.9236908555030823, "lo": 0.9236908555030823, "hi": 0.9236908555030823, "stderr": 0.0, "n": 10}, "target.tv_vsU": {"mean": 0.8374433517456055, "lo": 0.8374433517456055, "hi": 0.8374433517456055, "stderr": 0.0, "n": 10}, "target.js_vsU": {"mean": 0.47703325748443604, "lo": 0.47703325748443604, "hi": 0.47703325748443604, "stderr": 0.0, "n": 10}, "target.H": {"mean": 1.8651399612426758, "lo": 1.8651399612426758, "hi": 1.8651399612426758, "stderr": 0.0, "n": 10}, "target.KLpU": {"mean": 2.2937562465667725, "lo": 2.2937562465667725, "hi": 2.2937562465667725, "stderr": 0.0, "n": 10}, "target.cvar_neglogOmega": {"mean": 18.42068099975586, "lo": 18.42068099975586, "hi": 18.42068099975586, "stderr": 0.0, "n": 10}}, "summary_seed": {}, "ci_seed": {}, "text": "CI over pooled episodes \u2014 ckpt_policy \u2014 EXP (any degree)\n--------------------------------------------------------\nmix.H: 1.8651 [1.8651, 1.8651] @ 95% (n=10, se=0)\n  seed_mean: 1.8651 [1.8651, 1.8651] @ 95% (n=1, se=0)\nmix.hell: 0.7763 [0.7763, 0.7763] @ 95% (n=10, se=0)\n  seed_mean: 0.7763 [0.7763, 0.7763] @ 95% (n=1, se=0)\nmix.js: 0.4770 [0.4770, 0.4770] @ 95% (n=10, se=0)\n  seed_mean: 0.4770 [0.4770, 0.4770] @ 95% (n=1, se=0)\nmix.kl_pu: 2.2938 [2.2938, 2.2938] @ 95% (n=10, se=0)\n  seed_mean: 2.2938 [2.2938, 2.2938] @ 95% (n=1, se=0)\nmix.l2: 0.4398 [0.4398, 0.4398] @ 95% (n=10, se=0)\n  seed_mean: 0.4398 [0.4398, 0.4398] @ 95% (n=1, se=0)\nmix.tv: 0.8374 [0.8374, 0.8374] @ 95% (n=10, se=0)\n  seed_mean: 0.8374 [0.8374, 0.8374] @ 95% (n=1, se=0)\ntarget.H: 1.8651 [1.8651, 1.8651] @ 95% (n=10, se=0)\n  seed_mean: 1.8651 [1.8651, 1.8651] @ 95% (n=1, se=0)\ntarget.KLpU: 2.2938 [2.2938, 2.2938] @ 95% (n=10, se=0)\n  seed_mean: 2.2938 [2.2938, 2.2938] @ 95% (n=1, se=0)\ntarget.cvar_neglogOmega: 18.4207 [18.4207, 18.4207] @ 95% (n=10, se=0)\n  seed_mean: 18.4207 [18.4207, 18.4207] @ 95% (n=1, se=0)\ntarget.gini: 0.9237 [0.9237, 0.9237] @ 95% (n=10, se=0)\n  seed_mean: 0.9237 [0.9237, 0.9237] @ 95% (n=1, se=0)\ntarget.js_vsU: 0.4770 [0.4770, 0.4770] @ 95% (n=10, se=0)\n  seed_mean: 0.4770 [0.4770, 0.4770] @ 95% (n=1, se=0)\ntarget.maxp: 0.3163 [0.3163, 0.3163] @ 95% (n=10, se=0)\n  seed_mean: 0.3163 [0.3163, 0.3163] @ 95% (n=1, se=0)\ntarget.success: 0.0000 [0.0000, 0.0000] @ 95% (n=10, se=0)\n  seed_mean: 0.0000 [0.0000, 0.0000] @ 95% (n=1, se=0)\ntarget.tv_vsU: 0.8374 [0.8374, 0.8374] @ 95% (n=10, se=0)\n  seed_mean: 0.8374 [0.8374, 0.8374] @ 95% (n=1, se=0)", "text_seed": ""}}}
