{
  "mix.tv": {
    "mean": 0.717840313911438,
    "lo": 0.717840313911438,
    "hi": 0.717840313911438,
    "stderr": 0.0,
    "n": 80
  },
  "mix.js": {
    "mean": 0.36866822838783264,
    "lo": 0.36866822838783264,
    "hi": 0.36866822838783264,
    "stderr": 0.0,
    "n": 80
  },
  "mix.hell": {
    "mean": 0.6937552094459534,
    "lo": 0.6937552094459534,
    "hi": 0.6937552094459534,
    "stderr": 0.0,
    "n": 80
  },
  "mix.l2": {
    "mean": 0.24245797097682953,
    "lo": 0.24245797097682953,
    "hi": 0.24245797097682953,
    "stderr": 0.0,
    "n": 80
  },
  "mix.H": {
    "mean": 2.7466182708740234,
    "lo": 2.7466182708740234,
    "hi": 2.7466182708740234,
    "stderr": 0.0,
    "n": 80
  },
  "mix.kl_pu": {
    "mean": 1.4122819900512695,
    "lo": 1.4122819900512695,
    "hi": 1.4122819900512695,
    "stderr": 0.0,
    "n": 80
  },
  "target.success": {
    "mean": 0.0,
    "lo": 0.0,
    "hi": 0.0,
    "stderr": 0.0,
    "n": 80
  },
  "target.maxp": {
    "mean": 0.1298915147781372,
    "lo": 0.1298915147781372,
    "hi": 0.1298915147781372,
    "stderr": 0.0,
    "n": 80
  },
  "target.gini": {
    "mean": 0.8047956824302673,
    "lo": 0.8047956824302673,
    "hi": 0.8047956824302673,
    "stderr": 0.0,
    "n": 80
  },
  "target.tv_vsU": {
    "mean": 0.717840313911438,
    "lo": 0.717840313911438,
    "hi": 0.717840313911438,
    "stderr": 0.0,
    "n": 80
  },
  "target.js_vsU": {
    "mean": 0.36866822838783264,
    "lo": 0.36866822838783264,
    "hi": 0.36866822838783264,
    "stderr": 0.0,
    "n": 80
  },
  "target.H": {
    "mean": 2.7466182708740234,
    "lo": 2.7466182708740234,
    "hi": 2.7466182708740234,
    "stderr": 0.0,
    "n": 80
  },
  "target.KLpU": {
    "mean": 1.4122819900512695,
    "lo": 1.4122819900512695,
    "hi": 1.4122819900512695,
    "stderr": 0.0,
    "n": 80
  },
  "target.cvar_neglogOmega": {
    "mean": 18.42068099975586,
    "lo": 18.42068099975586,
    "hi": 18.42068099975586,
    "stderr": 0.0,
    "n": 80
  }
}
