{"mix.tv": {"mean": 0.913374125957489, "lo": 0.913374125957489, "hi": 0.913374125957489, "stderr": 0.0, "n": 2560}, "mix.js": {"mean": 0.5584781169891357, "lo": 0.5584781169891357, "hi": 0.5584781169891357, "stderr": 0.0, "n": 2560}, "mix.hell": {"mean": 0.8537029027938843, "lo": 0.8537029027938843, "hi": 0.8537029027938843, "stderr": 0.0, "n": 2560}, "mix.l2": {"mean": 0.5448610782623291, "lo": 0.5448610782623291, "hi": 0.5448610782623291, "stderr": 0.0, "n": 2560}, "mix.H": {"mean": 1.3366286754608154, "lo": 1.3366286754608154, "hi": 1.3366286754608154, "stderr": 0.0, "n": 2560}, "mix.kl_pu": {"mean": 2.8222765922546387, "lo": 2.8222765922546387, "hi": 2.8222765922546387, "stderr": 0.0, "n": 2560}, "target.success": {"mean": 1.0127432046487117e-25, "lo": 1.0127432046487117e-25, "hi": 1.0127432046487117e-25, "stderr": 0.0, "n": 2560}, "target.maxp": {"mean": 0.45028769969940186, "lo": 0.45028769969940186, "hi": 0.45028769969940186, "stderr": 0.0, "n": 2560}, "target.gini": {"mean": 0.9539503455162048, "lo": 0.9539503455162048, "hi": 0.9539503455162048, "stderr": 0.0, "n": 2560}, "target.tv_vsU": {"mean": 0.913374125957489, "lo": 0.913374125957489, "hi": 0.913374125957489, "stderr": 0.0, "n": 2560}, "target.js_vsU": {"mean": 0.5584781169891357, "lo": 0.5584781169891357, "hi": 0.5584781169891357, "stderr": 0.0, "n": 2560}, "target.H": {"mean": 1.3366286754608154, "lo": 1.3366286754608154, "hi": 1.3366286754608154, "stderr": 0.0, "n": 2560}, "target.KLpU": {"mean": 2.8222765922546387, "lo": 2.8222765922546387, "hi": 2.8222765922546387, "stderr": 0.0, "n": 2560}, "target.cvar_neglogOmega": {"mean": 18.42068099975586, "lo": 18.42068099975586, "hi": 18.42068099975586, "stderr": 0.0, "n": 2560}}