{"mix.tv": {"mean": 0.5282300710678101, "lo": 0.5282300710678101, "hi": 0.5282300710678101, "stderr": 0.0, "n": 2560}, "mix.js": {"mean": 0.24259531497955322, "lo": 0.24259531497955322, "hi": 0.24259531497955322, "stderr": 0.0, "n": 2560}, "mix.hell": {"mean": 0.5670576095581055, "lo": 0.5670576095581055, "hi": 0.5670576095581055, "stderr": 0.0, "n": 2560}, "mix.l2": {"mean": 0.1607450395822525, "lo": 0.1607450395822525, "hi": 0.1607450395822525, "stderr": 0.0, "n": 2560}, "mix.H": {"mean": 3.3112494945526123, "lo": 3.3112494945526123, "hi": 3.3112494945526123, "stderr": 0.0, "n": 2560}, "mix.kl_pu": {"mean": 0.8476470112800598, "lo": 0.8476470112800598, "hi": 0.8476470112800598, "stderr": 0.0, "n": 2560}}