{"mix.tv": {"mean": 0.9457040429115295, "lo": 0.9457040429115295, "hi": 0.9457040429115295, "stderr": 0.0, "n": 10}, "mix.js": {"mean": 0.601128339767456, "lo": 0.601128339767456, "hi": 0.601128339767456, "stderr": 0.0, "n": 10}, "mix.hell": {"mean": 0.8897265791893005, "lo": 0.8897265791893005, "hi": 0.8897265791893005, "stderr": 0.0, "n": 10}, "mix.l2": {"mean": 0.7112115025520325, "lo": 0.7112115025520325, "hi": 0.7112115025520325, "stderr": 0.0, "n": 10}, "mix.H": {"mean": 0.7808552384376526, "lo": 0.7808552384376526, "hi": 0.7808552384376526, "stderr": 0.0, "n": 10}, "mix.kl_pu": {"mean": 3.3780517578125, "lo": 3.3780517578125, "hi": 3.3780517578125, "stderr": 0.0, "n": 10}, "target.success": {"mean": 0.0, "lo": 0.0, "hi": 0.0, "stderr": 0.0, "n": 10}, "target.maxp": {"mean": 0.6456089615821838, "lo": 0.6456089615821838, "hi": 0.6456089615821838, "stderr": 0.0, "n": 10}, "target.gini": {"mean": 0.9719725847244263, "lo": 0.9719725847244263, "hi": 0.9719725847244263, "stderr": 0.0, "n": 10}, "target.tv_vsU": {"mean": 0.9457040429115295, "lo": 0.9457040429115295, "hi": 0.9457040429115295, "stderr": 0.0, "n": 10}, "target.js_vsU": {"mean": 0.601128339767456, "lo": 0.601128339767456, "hi": 0.601128339767456, "stderr": 0.0, "n": 10}, "target.H": {"mean": 0.7808552384376526, "lo": 0.7808552384376526, "hi": 0.7808552384376526, "stderr": 0.0, "n": 10}, "target.KLpU": {"mean": 3.3780517578125, "lo": 3.3780517578125, "hi": 3.3780517578125, "stderr": 0.0, "n": 10}, "target.cvar_neglogOmega": {"mean": 18.42068099975586, "lo": 18.42068099975586, "hi": 18.42068099975586, "stderr": 0.0, "n": 10}}