{"mix.tv": {"mean": 0.2227204591035843, "lo": 0.2227204591035843, "hi": 0.2227204591035843, "stderr": 0.0, "n": 10}, "mix.js": {"mean": 0.03921864181756973, "lo": 0.03921864181756973, "hi": 0.03921864181756973, "stderr": 0.0, "n": 10}, "mix.hell": {"mean": 0.2022397816181183, "lo": 0.2022397816181183, "hi": 0.2022397816181183, "stderr": 0.0, "n": 10}, "mix.l2": {"mean": 0.06863384693861008, "lo": 0.06863384693861008, "hi": 0.06863384693861008, "stderr": 0.0, "n": 10}, "mix.H": {"mean": 4.008014678955078, "lo": 4.008014678955078, "hi": 4.008014678955078, "stderr": 0.0, "n": 10}, "mix.kl_pu": {"mean": 0.15086844563484192, "lo": 0.15086844563484192, "hi": 0.15086844563484192, "stderr": 0.0, "n": 10}, "target.success": {"mean": 0.010626262053847313, "lo": 0.010626262053847313, "hi": 0.010626262053847313, "stderr": 0.0, "n": 10}, "target.maxp": {"mean": 0.04035719856619835, "lo": 0.04035719856619835, "hi": 0.04035719856619835, "stderr": 0.0, "n": 10}, "target.gini": {"mean": 0.3015965521335602, "lo": 0.3015965521335602, "hi": 0.3015965521335602, "stderr": 0.0, "n": 10}, "target.tv_vsU": {"mean": 0.2227204591035843, "lo": 0.2227204591035843, "hi": 0.2227204591035843, "stderr": 0.0, "n": 10}, "target.js_vsU": {"mean": 0.03921864181756973, "lo": 0.03921864181756973, "hi": 0.03921864181756973, "stderr": 0.0, "n": 10}, "target.H": {"mean": 4.008014678955078, "lo": 4.008014678955078, "hi": 4.008014678955078, "stderr": 0.0, "n": 10}, "target.KLpU": {"mean": 0.15086844563484192, "lo": 0.15086844563484192, "hi": 0.15086844563484192, "stderr": 0.0, "n": 10}, "target.cvar_neglogOmega": {"mean": 4.544426918029785, "lo": 4.544426918029785, "hi": 4.544426918029785, "stderr": 0.0, "n": 10}}