{"mix.tv": {"mean": 0.6095621616812423, "lo": 0.6090079714171589, "hi": 0.6101314428535989, "stderr": 0.0002796999791622196, "n": 2560}, "mix.js": {"mean": 0.2943422113545239, "lo": 0.29398372806812406, "hi": 0.2947012516716495, "stderr": 0.0001841938743241889, "n": 2560}, "mix.hell": {"mean": 0.6150225464254617, "lo": 0.6146616846288089, "hi": 0.61534190692415, "stderr": 0.00017597727251643326, "n": 2560}, "mix.l2": {"mean": 0.2265868521295488, "lo": 0.22600094334746246, "hi": 0.22712769350997405, "stderr": 0.0002875439398016251, "n": 2560}, "mix.H": {"mean": 2.9978581543080507, "lo": 2.995238149652723, "hi": 3.0004024622612633, "stderr": 0.001291148691848399, "n": 2560}, "mix.kl_pu": {"mean": 1.161038177786395, "lo": 1.1585221049486427, "hi": 1.1636004427156876, "stderr": 0.0012969901595606152, "n": 2560}, "target.success": {"mean": 0.01416217057421818, "lo": 0.01323202702861181, "hi": 0.015123750308114267, "stderr": 0.0004821675881348481, "n": 2560}, "target.maxp": {"mean": 0.13370512903493365, "lo": 0.13294691359376884, "hi": 0.1344022010032495, "stderr": 0.0003892160702745051, "n": 2560}, "target.gini": {"mean": 0.7601881424197927, "lo": 0.7595257735170889, "hi": 0.7608589415805181, "stderr": 0.00034178679151033125, "n": 2560}, "target.tv_vsU": {"mean": 0.6095621616812423, "lo": 0.6090184720250545, "hi": 0.610118772390997, "stderr": 0.00028718316128992385, "n": 2560}, "target.js_vsU": {"mean": 0.2943422113545239, "lo": 0.29396244973293506, "hi": 0.2947115319885779, "stderr": 0.00019064945550194585, "n": 2560}, "target.H": {"mean": 2.9978581543080507, "lo": 2.995523994485848, "hi": 3.0003322794474663, "stderr": 0.001242699382857673, "n": 2560}, "target.KLpU": {"mean": 1.161038177786395, "lo": 1.1586295899015384, "hi": 1.1634706611407455, "stderr": 0.0012825541383674444, "n": 2560}, "target.cvar_neglogOmega": {"mean": 11.545336457155646, "lo": 11.273414171452169, "hi": 11.844013284405229, "stderr": 0.14339762353486388, "n": 2560}}