{"mix.tv": {"mean": 0.6095621616812423, "lo": 0.6087138617445887, "hi": 0.6104104616178959, "stderr": 0.0003749960217544108, "n": 10}, "mix.js": {"mean": 0.2943422113545239, "lo": 0.29375449934021275, "hi": 0.294929923368835, "stderr": 0.0002598015840639618, "n": 10}, "mix.hell": {"mean": 0.6150225464254617, "lo": 0.6144802843828567, "hi": 0.6155648084680667, "stderr": 0.00023971015432051052, "n": 10}, "mix.l2": {"mean": 0.2265868521295488, "lo": 0.22570518513865506, "hi": 0.22746851912044252, "stderr": 0.00038974612611855587, "n": 10}, "mix.H": {"mean": 2.9978581543080507, "lo": 2.993906110970537, "hi": 3.0018101976455642, "stderr": 0.0017470242131751032, "n": 10}, "mix.kl_pu": {"mean": 1.161038177786395, "lo": 1.1570861262668302, "hi": 1.1649902293059597, "stderr": 0.0017470278300993716, "n": 10}, "target.success": {"mean": 0.01416217057421818, "lo": 0.013205020752620087, "hi": 0.015119320395816272, "stderr": 0.0004231137594306151, "n": 10}, "target.maxp": {"mean": 0.13370512903493365, "lo": 0.13293835117015204, "hi": 0.13447190689971525, "stderr": 0.0003389587060406472, "n": 10}, "target.gini": {"mean": 0.7601881424197927, "lo": 0.759153059072005, "hi": 0.7612232257675804, "stderr": 0.00045756473722706465, "n": 10}, "target.tv_vsU": {"mean": 0.6095621616812423, "lo": 0.6087138617445887, "hi": 0.6104104616178959, "stderr": 0.0003749960217544108, "n": 10}, "target.js_vsU": {"mean": 0.2943422113545239, "lo": 0.29375449934021275, "hi": 0.294929923368835, "stderr": 0.0002598015840639618, "n": 10}, "target.H": {"mean": 2.9978581543080507, "lo": 2.993906110970537, "hi": 3.0018101976455642, "stderr": 0.0017470242131751032, "n": 10}, "target.KLpU": {"mean": 1.161038177786395, "lo": 1.1570861262668302, "hi": 1.1649902293059597, "stderr": 0.0017470278300993716, "n": 10}, "target.cvar_neglogOmega": {"mean": 11.545336457155646, "lo": 11.28006428110657, "hi": 11.81060863320472, "stderr": 0.11726513984306397, "n": 10}}