{"mix.tv": {"mean": 0.5610812902450562, "lo": 0.5610812902450562, "hi": 0.5610812902450562, "stderr": 0.0, "n": 2560}, "mix.js": {"mean": 0.2537161111831665, "lo": 0.2537161111831665, "hi": 0.2537161111831665, "stderr": 0.0, "n": 2560}, "mix.hell": {"mean": 0.5769692659378052, "lo": 0.5769692659378052, "hi": 0.5769692659378052, "stderr": 0.0, "n": 2560}, "mix.l2": {"mean": 0.1691933572292328, "lo": 0.1691933572292328, "hi": 0.1691933572292328, "stderr": 0.0, "n": 2560}, "mix.H": {"mean": 3.2543110847473145, "lo": 3.2543110847473145, "hi": 3.2543110847473145, "stderr": 0.0, "n": 2560}, "mix.kl_pu": {"mean": 0.904585063457489, "lo": 0.904585063457489, "hi": 0.904585063457489, "stderr": 0.0, "n": 2560}, "target.success": {"mean": 0.015549826430105895, "lo": 0.01478915519850034, "hi": 0.016364245662316534, "stderr": 0.00039887106518461175, "n": 2560}, "target.maxp": {"mean": 0.08162043243646622, "lo": 0.08162043243646622, "hi": 0.08162043243646622, "stderr": 0.0, "n": 2560}, "target.gini": {"mean": 0.6799349188804626, "lo": 0.6799349188804626, "hi": 0.6799349188804626, "stderr": 0.0, "n": 2560}, "target.tv_vsU": {"mean": 0.5610812902450562, "lo": 0.5610812902450562, "hi": 0.5610812902450562, "stderr": 0.0, "n": 2560}, "target.js_vsU": {"mean": 0.2537161111831665, "lo": 0.2537161111831665, "hi": 0.2537161111831665, "stderr": 0.0, "n": 2560}, "target.H": {"mean": 3.2543110847473145, "lo": 3.2543110847473145, "hi": 3.2543110847473145, "stderr": 0.0, "n": 2560}, "target.KLpU": {"mean": 0.904585063457489, "lo": 0.904585063457489, "hi": 0.904585063457489, "stderr": 0.0, "n": 2560}, "target.cvar_neglogOmega": {"mean": 11.091772317513824, "lo": 10.829618438966573, "hi": 11.37657144620316, "stderr": 0.14545882247770212, "n": 2560}}