{"mix.tv": {"mean": 0.7130448818206787, "lo": 0.7130448818206787, "hi": 0.7130448818206787, "stderr": 0.0, "n": 2}, "mix.js": {"mean": 0.3763818144798279, "lo": 0.3763818144798279, "hi": 0.3763818144798279, "stderr": 0.0, "n": 2}, "mix.hell": {"mean": 0.690251886844635, "lo": 0.690251886844635, "hi": 0.690251886844635, "stderr": 0.0, "n": 2}, "mix.l2": {"mean": 0.3535797595977783, "lo": 0.3535797595977783, "hi": 0.3535797595977783, "stderr": 0.0, "n": 2}, "mix.H": {"mean": 2.448193073272705, "lo": 2.448193073272705, "hi": 2.448193073272705, "stderr": 0.0, "n": 2}, "mix.kl_pu": {"mean": 1.7107033729553223, "lo": 1.7107033729553223, "hi": 1.7107033729553223, "stderr": 0.0, "n": 2}, "target.success": {"mean": 0.0, "lo": 0.0, "hi": 0.0, "stderr": 0.0, "n": 2}, "target.maxp": {"mean": 0.28570616245269775, "lo": 0.28570616245269775, "hi": 0.28570616245269775, "stderr": 0.0, "n": 2}, "target.gini": {"mean": 0.858677327632904, "lo": 0.858677327632904, "hi": 0.858677327632904, "stderr": 0.0, "n": 2}, "target.tv_vsU": {"mean": 0.7130448818206787, "lo": 0.7130448818206787, "hi": 0.7130448818206787, "stderr": 0.0, "n": 2}, "target.js_vsU": {"mean": 0.3763818144798279, "lo": 0.3763818144798279, "hi": 0.3763818144798279, "stderr": 0.0, "n": 2}, "target.H": {"mean": 2.448193073272705, "lo": 2.448193073272705, "hi": 2.448193073272705, "stderr": 0.0, "n": 2}, "target.KLpU": {"mean": 1.7107033729553223, "lo": 1.7107033729553223, "hi": 1.7107033729553223, "stderr": 0.0, "n": 2}, "target.cvar_neglogOmega": {"mean": 18.42068099975586, "lo": 18.42068099975586, "hi": 18.42068099975586, "stderr": 0.0, "n": 2}}