{"mix.tv": {"mean": 0.7130448222160339, "lo": 0.7130448222160339, "hi": 0.7130448222160339, "stderr": 0.0, "n": 2}, "mix.js": {"mean": 0.37638190388679504, "lo": 0.37638190388679504, "hi": 0.37638190388679504, "stderr": 0.0, "n": 2}, "mix.hell": {"mean": 0.6902519464492798, "lo": 0.6902519464492798, "hi": 0.6902519464492798, "stderr": 0.0, "n": 2}, "mix.l2": {"mean": 0.35357996821403503, "lo": 0.35357996821403503, "hi": 0.35357996821403503, "stderr": 0.0, "n": 2}, "mix.H": {"mean": 2.4481921195983887, "lo": 2.4481921195983887, "hi": 2.4481921195983887, "stderr": 0.0, "n": 2}, "mix.kl_pu": {"mean": 1.7107046842575073, "lo": 1.7107046842575073, "hi": 1.7107046842575073, "stderr": 0.0, "n": 2}, "target.success": {"mean": 0.0, "lo": 0.0, "hi": 0.0, "stderr": 0.0, "n": 2}, "target.maxp": {"mean": 0.28570622205734253, "lo": 0.28570622205734253, "hi": 0.28570622205734253, "stderr": 0.0, "n": 2}, "target.gini": {"mean": 0.8586775660514832, "lo": 0.8586775660514832, "hi": 0.8586775660514832, "stderr": 0.0, "n": 2}, "target.tv_vsU": {"mean": 0.7130448222160339, "lo": 0.7130448222160339, "hi": 0.7130448222160339, "stderr": 0.0, "n": 2}, "target.js_vsU": {"mean": 0.37638190388679504, "lo": 0.37638190388679504, "hi": 0.37638190388679504, "stderr": 0.0, "n": 2}, "target.H": {"mean": 2.4481921195983887, "lo": 2.4481921195983887, "hi": 2.4481921195983887, "stderr": 0.0, "n": 2}, "target.KLpU": {"mean": 1.7107046842575073, "lo": 1.7107046842575073, "hi": 1.7107046842575073, "stderr": 0.0, "n": 2}, "target.cvar_neglogOmega": {"mean": 18.42068099975586, "lo": 18.42068099975586, "hi": 18.42068099975586, "stderr": 0.0, "n": 2}}