{"mix.tv": {"mean": 0.5302862524986267, "lo": 0.5302862524986267, "hi": 0.5302862524986267, "stderr": 0.0, "n": 2560}, "mix.js": {"mean": 0.23613831400871277, "lo": 0.23613831400871277, "hi": 0.23613831400871277, "stderr": 0.0, "n": 2560}, "mix.hell": {"mean": 0.5605305433273315, "lo": 0.5605305433273315, "hi": 0.5605305433273315, "stderr": 0.0, "n": 2560}, "mix.l2": {"mean": 0.14750073850154877, "lo": 0.14750073850154877, "hi": 0.14750073850154877, "stderr": 0.0, "n": 2560}, "mix.H": {"mean": 3.356423854827881, "lo": 3.356423854827881, "hi": 3.356423854827881, "stderr": 0.0, "n": 2560}, "mix.kl_pu": {"mean": 0.8024721741676331, "lo": 0.8024721741676331, "hi": 0.8024721741676331, "stderr": 0.0, "n": 2560}}