{
  "mix.tv": {
    "mean": 0.6378116607666016,
    "lo": 0.6378116607666016,
    "hi": 0.6378116607666016,
    "stderr": 0.0,
    "n": 500
  },
  "mix.js": {
    "mean": 0.31308692693710327,
    "lo": 0.31308692693710327,
    "hi": 0.31308692693710327,
    "stderr": 0.0,
    "n": 500
  },
  "mix.hell": {
    "mean": 0.6323792934417725,
    "lo": 0.6323792934417725,
    "hi": 0.6323792934417725,
    "stderr": 0.0,
    "n": 500
  },
  "mix.l2": {
    "mean": 0.27195844054222107,
    "lo": 0.27195844054222107,
    "hi": 0.27195844054222107,
    "stderr": 0.0,
    "n": 500
  },
  "mix.H": {
    "mean": 2.8335518836975098,
    "lo": 2.8335518836975098,
    "hi": 2.8335518836975098,
    "stderr": 0.0,
    "n": 500
  },
  "mix.kl_pu": {
    "mean": 1.325344443321228,
    "lo": 1.325344443321228,
    "hi": 1.325344443321228,
    "stderr": 0.0,
    "n": 500
  },
  "target.success": {
    "mean": 0.017181976443622262,
    "lo": 0.014118786998721771,
    "hi": 0.020758461043552962,
    "stderr": 0.0017272780187579612,
    "n": 500
  },
  "target.maxp": {
    "mean": 0.19299693405628204,
    "lo": 0.19299693405628204,
    "hi": 0.19299693405628204,
    "stderr": 0.0,
    "n": 500
  },
  "target.gini": {
    "mean": 0.7946014404296875,
    "lo": 0.7946014404296875,
    "hi": 0.7946014404296875,
    "stderr": 0.0,
    "n": 500
  },
  "target.tv_vsU": {
    "mean": 0.6378116607666016,
    "lo": 0.6378116607666016,
    "hi": 0.6378116607666016,
    "stderr": 0.0,
    "n": 500
  },
  "target.js_vsU": {
    "mean": 0.31308692693710327,
    "lo": 0.31308692693710327,
    "hi": 0.31308692693710327,
    "stderr": 0.0,
    "n": 500
  },
  "target.H": {
    "mean": 2.8335518836975098,
    "lo": 2.8335518836975098,
    "hi": 2.8335518836975098,
    "stderr": 0.0,
    "n": 500
  },
  "target.KLpU": {
    "mean": 1.325344443321228,
    "lo": 1.325344443321228,
    "hi": 1.325344443321228,
    "stderr": 0.0,
    "n": 500
  },
  "target.cvar_neglogOmega": {
    "mean": 11.169834373950959,
    "lo": 10.569066948151589,
    "hi": 11.825335958373547,
    "stderr": 0.3233623875827532,
    "n": 500
  }
}