{
  "mix.tv": {
    "mean": 0.08157539430260659,
    "lo": 0.08152916574403644,
    "hi": 0.08162206442654132,
    "stderr": 2.40314565113806e-05,
    "n": 500
  },
  "mix.js": {
    "mean": 0.004623178200796246,
    "lo": 0.004614268718287348,
    "hi": 0.004631959964963607,
    "stderr": 4.243745756643401e-06,
    "n": 500
  },
  "mix.hell": {
    "mean": 0.06809782859683036,
    "lo": 0.06803817936442792,
    "hi": 0.06816386571973562,
    "stderr": 3.1661516349839785e-05,
    "n": 500
  },
  "mix.l2": {
    "mean": 0.02275296115502715,
    "lo": 0.022734155618399383,
    "hi": 0.02277034344598651,
    "stderr": 9.117830407836362e-06,
    "n": 500
  },
  "mix.H": {
    "mean": 4.141092108726501,
    "lo": 4.1410609031200405,
    "hi": 4.141123027420044,
    "stderr": 1.6137139553109206e-05,
    "n": 500
  },
  "mix.kl_pu": {
    "mean": 0.017791121944785118,
    "lo": 0.017761102584935722,
    "hi": 0.017821130177937447,
    "stderr": 1.5722859422524052e-05,
    "n": 500
  },
  "target.success": {
    "mean": 0.015549510654062033,
    "lo": 0.015292486106557772,
    "hi": 0.01577658368330449,
    "stderr": 0.00012250322666757204,
    "n": 500
  },
  "target.maxp": {
    "mean": 0.017857141762971877,
    "lo": 0.017857141740620135,
    "hi": 0.01785714178159833,
    "stderr": 1.055377176980522e-11,
    "n": 500
  },
  "target.gini": {
    "mean": 0.09223548591136932,
    "lo": 0.09216782280802727,
    "hi": 0.09229160198122263,
    "stderr": 3.131816017544236e-05,
    "n": 500
  },
  "target.tv_vsU": {
    "mean": 0.08157539430260659,
    "lo": 0.08152907485440374,
    "hi": 0.08162293574921786,
    "stderr": 2.4289467589620866e-05,
    "n": 500
  },
  "target.js_vsU": {
    "mean": 0.004623178200796246,
    "lo": 0.004615820786100812,
    "hi": 0.004631249348493293,
    "stderr": 4.0932084057618705e-06,
    "n": 500
  },
  "target.H": {
    "mean": 4.141092108726501,
    "lo": 4.141059435033798,
    "hi": 4.141123233056068,
    "stderr": 1.6286108222616818e-05,
    "n": 500
  },
  "target.KLpU": {
    "mean": 0.017791121944785118,
    "lo": 0.017759915093984453,
    "hi": 0.017820658714696763,
    "stderr": 1.5421994449803805e-05,
    "n": 500
  },
  "target.cvar_neglogOmega": {
    "mean": 4.182645586967468,
    "lo": 4.165837687778473,
    "hi": 4.199797636294365,
    "stderr": 0.008792322750582643,
    "n": 500
  }
}