{"mix.tv": {"mean": 0.5986020565032959, "lo": 0.5986020565032959, "hi": 0.5986020565032959, "stderr": 0.0, "n": 10}, "mix.js": {"mean": 0.28541651368141174, "lo": 0.28541651368141174, "hi": 0.28541651368141174, "stderr": 0.0, "n": 10}, "mix.hell": {"mean": 0.6065647602081299, "lo": 0.6065647602081299, "hi": 0.6065647602081299, "stderr": 0.0, "n": 10}, "mix.l2": {"mean": 0.20697031915187836, "lo": 0.20697031915187836, "hi": 0.20697031915187836, "stderr": 0.0, "n": 10}, "mix.H": {"mean": 3.0728919506073, "lo": 3.0728919506073, "hi": 3.0728919506073, "stderr": 0.0, "n": 10}, "mix.kl_pu": {"mean": 1.0860044956207275, "lo": 1.0860044956207275, "hi": 1.0860044956207275, "stderr": 0.0, "n": 10}}