cond,mix.tv,target.tv_vsU,target.success,mix.H,mix.hell,mix.js,mix.kl_pu,mix.l2,target.H,target.KLpU,target.cvar_neglogOmega,target.gini,target.js_vsU,target.maxp
baseline_hadamard,0.7982268333435059,0.7982268333435059,3.181720837318325e-13,1.895134687423706,0.7542856335639954,0.4465341866016388,2.263762950897217,0.49026957154273987,1.895134687423706,2.263762950897217,18.42068099975586,0.9159197211265564,0.4465341866016388,0.4470682442188263
