{"conditions": {"baseline_hadamard": {"summary": {"mix.tv": 0.7982268333435059, "mix.js": 0.4465341866016388, "mix.hell": 0.7542856335639954, "mix.l2": 0.49026957154273987, "mix.H": 1.895134687423706, "mix.kl_pu": 2.263762950897217, "target.success": 3.181720837318325e-13, "target.maxp": 0.4470682442188263, "target.gini": 0.9159197211265564, "target.tv_vsU": 0.7982268333435059, "target.js_vsU": 0.4465341866016388, "target.H": 1.895134687423706, "target.KLpU": 2.263762950897217, "target.cvar_neglogOmega": 18.42068099975586}, "ci": {"mix.tv": {"mean": 0.7982268333435059, "lo": 0.7982268333435059, "hi": 0.7982268333435059, "stderr": 0.0, "n": 2560}, "mix.js": {"mean": 0.4465341866016388, "lo": 0.4465341866016388, "hi": 0.4465341866016388, "stderr": 0.0, "n": 2560}, "mix.hell": {"mean": 0.7542856335639954, "lo": 0.7542856335639954, "hi": 0.7542856335639954, "stderr": 0.0, "n": 2560}, "mix.l2": {"mean": 0.49026957154273987, "lo": 0.49026957154273987, "hi": 0.49026957154273987, "stderr": 0.0, "n": 2560}, "mix.H": {"mean": 1.895134687423706, "lo": 1.895134687423706, "hi": 1.895134687423706, "stderr": 0.0, "n": 2560}, "mix.kl_pu": {"mean": 2.263762950897217, "lo": 2.263762950897217, "hi": 2.263762950897217, "stderr": 0.0, "n": 2560}, "target.success": {"mean": 3.181720837318325e-13, "lo": 3.181720837318325e-13, "hi": 3.181720837318325e-13, "stderr": 0.0, "n": 2560}, "target.maxp": {"mean": 0.4470682442188263, "lo": 0.4470682442188263, "hi": 0.4470682442188263, "stderr": 0.0, "n": 2560}, "target.gini": {"mean": 0.9159197211265564, "lo": 0.9159197211265564, "hi": 0.9159197211265564, "stderr": 0.0, "n": 2560}, "target.tv_vsU": {"mean": 0.7982268333435059, "lo": 0.7982268333435059, "hi": 0.7982268333435059, "stderr": 0.0, "n": 2560}, "target.js_vsU": {"mean": 0.4465341866016388, "lo": 0.4465341866016388, "hi": 0.4465341866016388, "stderr": 0.0, "n": 2560}, "target.H": {"mean": 1.895134687423706, "lo": 1.895134687423706, "hi": 1.895134687423706, "stderr": 0.0, "n": 2560}, "target.KLpU": {"mean": 2.263762950897217, "lo": 2.263762950897217, "hi": 2.263762950897217, "stderr": 0.0, "n": 2560}, "target.cvar_neglogOmega": {"mean": 18.42068099975586, "lo": 18.42068099975586, "hi": 18.42068099975586, "stderr": 0.0, "n": 2560}}, "summary_seed": {"mix.tv": 0.7982268333435059, "mix.js": 0.4465341866016388, "mix.hell": 0.7542856335639954, "mix.l2": 0.49026957154273987, "mix.H": 1.895134687423706, "mix.kl_pu": 2.263762950897217, "target.success": 3.181720837318325e-13, "target.maxp": 0.4470682442188263, "target.gini": 0.9159197211265564, "target.tv_vsU": 0.7982268333435059, "target.js_vsU": 0.4465341866016388, "target.H": 1.895134687423706, "target.KLpU": 2.263762950897217, "target.cvar_neglogOmega": 18.42068099975586}, "ci_seed": {"mix.tv": {"mean": 0.7982268333435059, "lo": 0.7982268333435059, "hi": 0.7982268333435059, "stderr": 0.0, "n": 10}, "mix.js": {"mean": 0.4465341866016388, "lo": 0.4465341866016388, "hi": 0.4465341866016388, "stderr": 0.0, "n": 10}, "mix.hell": {"mean": 0.7542856335639954, "lo": 0.7542856335639954, "hi": 0.7542856335639954, "stderr": 0.0, "n": 10}, "mix.l2": {"mean": 0.49026957154273987, "lo": 0.49026957154273987, "hi": 0.49026957154273987, "stderr": 0.0, "n": 10}, "mix.H": {"mean": 1.895134687423706, "lo": 1.895134687423706, "hi": 1.895134687423706, "stderr": 0.0, "n": 10}, "mix.kl_pu": {"mean": 2.263762950897217, "lo": 2.263762950897217, "hi": 2.263762950897217, "stderr": 0.0, "n": 10}, "target.success": {"mean": 3.181720837318325e-13, "lo": 3.181720837318325e-13, "hi": 3.181720837318325e-13, "stderr": 0.0, "n": 10}, "target.maxp": {"mean": 0.4470682442188263, "lo": 0.4470682442188263, "hi": 0.4470682442188263, "stderr": 0.0, "n": 10}, "target.gini": {"mean": 0.9159197211265564, "lo": 0.9159197211265564, "hi": 0.9159197211265564, "stderr": 0.0, "n": 10}, "target.tv_vsU": {"mean": 0.7982268333435059, "lo": 0.7982268333435059, "hi": 0.7982268333435059, "stderr": 0.0, "n": 10}, "target.js_vsU": {"mean": 0.4465341866016388, "lo": 0.4465341866016388, "hi": 0.4465341866016388, "stderr": 0.0, "n": 10}, "target.H": {"mean": 1.895134687423706, "lo": 1.895134687423706, "hi": 1.895134687423706, "stderr": 0.0, "n": 10}, "target.KLpU": {"mean": 2.263762950897217, "lo": 2.263762950897217, "hi": 2.263762950897217, "stderr": 0.0, "n": 10}, "target.cvar_neglogOmega": {"mean": 18.42068099975586, "lo": 18.42068099975586, "hi": 18.42068099975586, "stderr": 0.0, "n": 10}}, "text": "CI over pooled episodes \u2014 baseline_hadamard \u2014 SU2 (deg=2)\n---------------------------------------------------------\nmix.H: 1.8951 [1.8951, 1.8951] @ 95% (n=2560, se=0)\n  seed_mean: 1.8951 [1.8951, 1.8951] @ 95% (n=10, se=0)\nmix.hell: 0.7543 [0.7543, 0.7543] @ 95% (n=2560, se=0)\n  seed_mean: 0.7543 [0.7543, 0.7543] @ 95% (n=10, se=0)\nmix.js: 0.4465 [0.4465, 0.4465] @ 95% (n=2560, se=0)\n  seed_mean: 0.4465 [0.4465, 0.4465] @ 95% (n=10, se=0)\nmix.kl_pu: 2.2638 [2.2638, 2.2638] @ 95% (n=2560, se=0)\n  seed_mean: 2.2638 [2.2638, 2.2638] @ 95% (n=10, se=0)\nmix.l2: 0.4903 [0.4903, 0.4903] @ 95% (n=2560, se=0)\n  seed_mean: 0.4903 [0.4903, 0.4903] @ 95% (n=10, se=0)\nmix.tv: 0.7982 [0.7982, 0.7982] @ 95% (n=2560, se=0)\n  seed_mean: 0.7982 [0.7982, 0.7982] @ 95% (n=10, se=0)\ntarget.H: 1.8951 [1.8951, 1.8951] @ 95% (n=2560, se=0)\n  seed_mean: 1.8951 [1.8951, 1.8951] @ 95% (n=10, se=0)\ntarget.KLpU: 2.2638 [2.2638, 2.2638] @ 95% (n=2560, se=0)\n  seed_mean: 2.2638 [2.2638, 2.2638] @ 95% (n=10, se=0)\ntarget.cvar_neglogOmega: 18.4207 [18.4207, 18.4207] @ 95% (n=2560, se=0)\n  seed_mean: 18.4207 [18.4207, 18.4207] @ 95% (n=10, se=0)\ntarget.gini: 0.9159 [0.9159, 0.9159] @ 95% (n=2560, se=0)\n  seed_mean: 0.9159 [0.9159, 0.9159] @ 95% (n=10, se=0)\ntarget.js_vsU: 0.4465 [0.4465, 0.4465] @ 95% (n=2560, se=0)\n  seed_mean: 0.4465 [0.4465, 0.4465] @ 95% (n=10, se=0)\ntarget.maxp: 0.4471 [0.4471, 0.4471] @ 95% (n=2560, se=0)\n  seed_mean: 0.4471 [0.4471, 0.4471] @ 95% (n=10, se=0)\ntarget.success: 0.0000 [0.0000, 0.0000] @ 95% (n=2560, se=0)\n  seed_mean: 0.0000 [0.0000, 0.0000] @ 95% (n=10, se=0)\ntarget.tv_vsU: 0.7982 [0.7982, 0.7982] @ 95% (n=2560, se=0)\n  seed_mean: 0.7982 [0.7982, 0.7982] @ 95% (n=10, se=0)", "text_seed": "Seed-level CI (replicates = seeds; values = per-seed episode means)\nmethod=student_t alpha=0.05 n_seeds=10\nmix.tv: mean=0.798227 lo=0.798227 hi=0.798227 stderr=0 n=10\nmix.js: mean=0.446534 lo=0.446534 hi=0.446534 stderr=0 n=10\nmix.hell: mean=0.754286 lo=0.754286 hi=0.754286 stderr=0 n=10\nmix.l2: mean=0.49027 lo=0.49027 hi=0.49027 stderr=0 n=10\nmix.H: mean=1.89513 lo=1.89513 hi=1.89513 stderr=0 n=10\nmix.kl_pu: mean=2.26376 lo=2.26376 hi=2.26376 stderr=0 n=10\ntarget.success: mean=3.18172e-13 lo=3.18172e-13 hi=3.18172e-13 stderr=0 n=10\ntarget.maxp: mean=0.447068 lo=0.447068 hi=0.447068 stderr=0 n=10\ntarget.gini: mean=0.91592 lo=0.91592 hi=0.91592 stderr=0 n=10\ntarget.tv_vsU: mean=0.798227 lo=0.798227 hi=0.798227 stderr=0 n=10\ntarget.js_vsU: mean=0.446534 lo=0.446534 hi=0.446534 stderr=0 n=10\ntarget.H: mean=1.89513 lo=1.89513 hi=1.89513 stderr=0 n=10\ntarget.KLpU: mean=2.26376 lo=2.26376 hi=2.26376 stderr=0 n=10\ntarget.cvar_neglogOmega: mean=18.4207 lo=18.4207 hi=18.4207 stderr=0 n=10\n"}}}
