{
  "mix.tv": {
    "mean": 0.9225649833679199,
    "lo": 0.9225649833679199,
    "hi": 0.9225649833679199,
    "stderr": 0.0,
    "n": 500
  },
  "mix.js": {
    "mean": 0.5658681392669678,
    "lo": 0.5658681392669678,
    "hi": 0.5658681392669678,
    "stderr": 0.0,
    "n": 500
  },
  "mix.hell": {
    "mean": 0.8595505356788635,
    "lo": 0.8595505356788635,
    "hi": 0.8595505356788635,
    "stderr": 0.0,
    "n": 500
  },
  "mix.l2": {
    "mean": 0.5655435919761658,
    "lo": 0.5655435919761658,
    "hi": 0.5655435919761658,
    "stderr": 0.0,
    "n": 500
  },
  "mix.H": {
    "mean": 1.2437330484390259,
    "lo": 1.2437330484390259,
    "hi": 1.2437330484390259,
    "stderr": 0.0,
    "n": 500
  },
  "mix.kl_pu": {
    "mean": 2.915172815322876,
    "lo": 2.915172815322876,
    "hi": 2.915172815322876,
    "stderr": 0.0,
    "n": 500
  },
  "target.success": {
    "mean": 0.0,
    "lo": 0.0,
    "hi": 0.0,
    "stderr": 0.0,
    "n": 500
  },
  "target.maxp": {
    "mean": 0.39511585235595703,
    "lo": 0.39511585235595703,
    "hi": 0.39511585235595703,
    "stderr": 0.0,
    "n": 500
  },
  "target.gini": {
    "mean": 0.9560631513595581,
    "lo": 0.9560631513595581,
    "hi": 0.9560631513595581,
    "stderr": 0.0,
    "n": 500
  },
  "target.tv_vsU": {
    "mean": 0.9225649833679199,
    "lo": 0.9225649833679199,
    "hi": 0.9225649833679199,
    "stderr": 0.0,
    "n": 500
  },
  "target.js_vsU": {
    "mean": 0.5658681392669678,
    "lo": 0.5658681392669678,
    "hi": 0.5658681392669678,
    "stderr": 0.0,
    "n": 500
  },
  "target.H": {
    "mean": 1.2437330484390259,
    "lo": 1.2437330484390259,
    "hi": 1.2437330484390259,
    "stderr": 0.0,
    "n": 500
  },
  "target.KLpU": {
    "mean": 2.915172815322876,
    "lo": 2.915172815322876,
    "hi": 2.915172815322876,
    "stderr": 0.0,
    "n": 500
  },
  "target.cvar_neglogOmega": {
    "mean": 18.42068099975586,
    "lo": 18.42068099975586,
    "hi": 18.42068099975586,
    "stderr": 0.0,
    "n": 500
  }
}