{
  "mix.tv": {
    "mean": 0.9526565670967102,
    "lo": 0.9526565670967102,
    "hi": 0.9526565670967102,
    "stderr": 0.0,
    "n": 500
  },
  "mix.js": {
    "mean": 0.5990811586380005,
    "lo": 0.5990811586380005,
    "hi": 0.5990811586380005,
    "stderr": 0.0,
    "n": 500
  },
  "mix.hell": {
    "mean": 0.8870946764945984,
    "lo": 0.8870946764945984,
    "hi": 0.8870946764945984,
    "stderr": 0.0,
    "n": 500
  },
  "mix.l2": {
    "mean": 0.6179331541061401,
    "lo": 0.6179331541061401,
    "hi": 0.6179331541061401,
    "stderr": 0.0,
    "n": 500
  },
  "mix.H": {
    "mean": 0.9965925812721252,
    "lo": 0.9965925812721252,
    "hi": 0.9965925812721252,
    "stderr": 0.0,
    "n": 500
  },
  "mix.kl_pu": {
    "mean": 3.162315607070923,
    "lo": 3.162315607070923,
    "hi": 3.162315607070923,
    "stderr": 0.0,
    "n": 500
  },
  "target.success": {
    "mean": 0.0,
    "lo": 0.0,
    "hi": 0.0,
    "stderr": 0.0,
    "n": 500
  },
  "target.maxp": {
    "mean": 0.5010693669319153,
    "lo": 0.5010693669319153,
    "hi": 0.5010693669319153,
    "stderr": 0.0,
    "n": 500
  },
  "target.gini": {
    "mean": 0.9642553925514221,
    "lo": 0.9642553925514221,
    "hi": 0.9642553925514221,
    "stderr": 0.0,
    "n": 500
  },
  "target.tv_vsU": {
    "mean": 0.9526565670967102,
    "lo": 0.9526565670967102,
    "hi": 0.9526565670967102,
    "stderr": 0.0,
    "n": 500
  },
  "target.js_vsU": {
    "mean": 0.5990811586380005,
    "lo": 0.5990811586380005,
    "hi": 0.5990811586380005,
    "stderr": 0.0,
    "n": 500
  },
  "target.H": {
    "mean": 0.9965925812721252,
    "lo": 0.9965925812721252,
    "hi": 0.9965925812721252,
    "stderr": 0.0,
    "n": 500
  },
  "target.KLpU": {
    "mean": 3.162315607070923,
    "lo": 3.162315607070923,
    "hi": 3.162315607070923,
    "stderr": 0.0,
    "n": 500
  },
  "target.cvar_neglogOmega": {
    "mean": 18.42068099975586,
    "lo": 18.42068099975586,
    "hi": 18.42068099975586,
    "stderr": 0.0,
    "n": 500
  }
}