{"mix.tv": {"mean": 0.271011084318161, "lo": 0.271011084318161, "hi": 0.271011084318161, "stderr": 0.0, "n": 2560}, "mix.js": {"mean": 0.060071296989917755, "lo": 0.060071296989917755, "hi": 0.060071296989917755, "stderr": 0.0, "n": 2560}, "mix.hell": {"mean": 0.24986863136291504, "lo": 0.24986863136291504, "hi": 0.24986863136291504, "stderr": 0.0, "n": 2560}, "mix.l2": {"mean": 0.09199005365371704, "lo": 0.09199005365371704, "hi": 0.09199005365371704, "stderr": 0.0, "n": 2560}, "mix.H": {"mean": 3.917849540710449, "lo": 3.917849540710449, "hi": 3.917849540710449, "stderr": 0.0, "n": 2560}, "mix.kl_pu": {"mean": 0.2410336434841156, "lo": 0.2410336434841156, "hi": 0.2410336434841156, "stderr": 0.0, "n": 2560}, "target.success": {"mean": 0.01578056439757347, "lo": 0.01578056439757347, "hi": 0.01578056439757347, "stderr": 0.0, "n": 2560}, "target.maxp": {"mean": 0.054208144545555115, "lo": 0.054208144545555115, "hi": 0.054208144545555115, "stderr": 0.0, "n": 2560}, "target.gini": {"mean": 0.379782497882843, "lo": 0.379782497882843, "hi": 0.379782497882843, "stderr": 0.0, "n": 2560}, "target.tv_vsU": {"mean": 0.271011084318161, "lo": 0.271011084318161, "hi": 0.271011084318161, "stderr": 0.0, "n": 2560}, "target.js_vsU": {"mean": 0.060071296989917755, "lo": 0.060071296989917755, "hi": 0.060071296989917755, "stderr": 0.0, "n": 2560}, "target.H": {"mean": 3.917849540710449, "lo": 3.917849540710449, "hi": 3.917849540710449, "stderr": 0.0, "n": 2560}, "target.KLpU": {"mean": 0.2410336434841156, "lo": 0.2410336434841156, "hi": 0.2410336434841156, "stderr": 0.0, "n": 2560}, "target.cvar_neglogOmega": {"mean": 4.1489763259887695, "lo": 4.1489763259887695, "hi": 4.1489763259887695, "stderr": 0.0, "n": 2560}}