cond,metric.mix.tv,metric.mix.js,metric.mix.hell,metric.mix.l2,metric.mix.H,metric.mix.kl_pu,metric.target.success,metric.target.maxp,metric.target.gini,metric.target.tv_vsU,metric.target.js_vsU,metric.target.H,metric.target.KLpU,metric.target.cvar_neglogOmega
ckpt_policy,0.8375473022460938,0.47693905234336853,0.7763198018074036,0.4391302764415741,1.867385983467102,2.291511058807373,0.0,0.31588080525398254,0.9235054850578308,0.8375473022460938,0.47693905234336853,1.867385983467102,2.291511058807373,18.42068099975586
ckpt_policy__abl_NoPE,0.8335531949996948,0.4847533404827118,0.7925617694854736,0.45682379603385925,1.8463232517242432,2.3125789165496826,0.0,0.39477357268333435,0.9253145456314087,0.8335531949996948,0.4847533404827118,1.8463232517242432,2.3125789165496826,18.42068099975586
ckpt_policy__abl_GlobalCoin,0.7130449414253235,0.37638187408447266,0.6902519464492798,0.3535798490047455,2.448192596435547,1.7107036113739014,0.0,0.2857063114643097,0.8586774468421936,0.7130449414253235,0.37638187408447266,2.448192596435547,1.7107036113739014,18.42068099975586
ckpt_policy__abl_TimeFrozen,0.8665448427200317,0.5078890919685364,0.8058537244796753,0.5018445253372192,1.6177523136138916,2.5411458015441895,0.0,0.37225520610809326,0.9397301077842712,0.8665448427200317,0.5078890919685364,1.6177523136138916,2.5411458015441895,18.42068099975586
ckpt_policy__abl_NodePermute,0.8296528458595276,0.4758949279785156,0.7859556674957275,0.4363527297973633,1.93927001953125,2.219630718231201,0.06791378557682037,0.3637799620628357,0.9146378636360168,0.8296528458595276,0.4758949279785156,1.93927001953125,2.219630718231201,2.689516305923462
