cond,metric.mix.tv,metric.mix.js,metric.mix.hell,metric.mix.l2,metric.mix.H,metric.mix.kl_pu,metric.target.success,metric.target.maxp,metric.target.gini,metric.target.tv_vsU,metric.target.js_vsU,metric.target.H,metric.target.KLpU,metric.target.cvar_neglogOmega
ckpt_policy,0.8375475406646729,0.47693920135498047,0.776319682598114,0.43913018703460693,1.8673861026763916,2.291510581970215,0.0,0.3158811330795288,0.9235054850578308,0.8375475406646729,0.47693920135498047,1.8673861026763916,2.291510581970215,18.42068099975586
