{"sigmas": [0.0, 0.02, 0.05, 0.1], "trials": 5, "metrics": {"mix.tv": {"mean": [0.5785379409790039, 0.5785379409790039, 0.5785379409790039, 0.5785379409790039], "lo": [0.5785379409790039, 0.5785379409790039, 0.5785379409790039, 0.5785379409790039], "hi": [0.5785379409790039, 0.5785379409790039, 0.5785379409790039, 0.5785379409790039], "n": [5, 5, 5, 5], "ci_over": "trials", "ci_method": "student_t", "alpha": 0.05}, "mix.js": {"mean": [0.28555601835250854, 0.28555601835250854, 0.28555601835250854, 0.28555601835250854], "lo": [0.28555601835250854, 0.28555601835250854, 0.28555601835250854, 0.28555601835250854], "hi": [0.28555601835250854, 0.28555601835250854, 0.28555601835250854, 0.28555601835250854], "n": [5, 5, 5, 5], "ci_over": "trials", "ci_method": "student_t", "alpha": 0.05}, "mix.hell": {"mean": [0.6074880957603455, 0.6074880957603455, 0.6074880957603455, 0.6074880957603455], "lo": [0.6074880957603455, 0.6074880957603455, 0.6074880957603455, 0.6074880957603455], "hi": [0.6074880957603455, 0.6074880957603455, 0.6074880957603455, 0.6074880957603455], "n": [5, 5, 5, 5], "ci_over": "trials", "ci_method": "student_t", "alpha": 0.05}, "mix.l2": {"mean": [0.22886282205581665, 0.22886282205581665, 0.22886282205581665, 0.22886282205581665], "lo": [0.22886282205581665, 0.22886282205581665, 0.22886282205581665, 0.22886282205581665], "hi": [0.22886282205581665, 0.22886282205581665, 0.22886282205581665, 0.22886282205581665], "n": [5, 5, 5, 5], "ci_over": "trials", "ci_method": "student_t", "alpha": 0.05}, "mix.H": {"mean": [3.021430492401123, 3.021430492401123, 3.021430492401123, 3.021430492401123], "lo": [3.021430492401123, 3.021430492401123, 3.021430492401123, 3.021430492401123], "hi": [3.021430492401123, 3.021430492401123, 3.021430492401123, 3.021430492401123], "n": [5, 5, 5, 5], "ci_over": "trials", "ci_method": "student_t", "alpha": 0.05}, "mix.kl_pu": {"mean": [1.1374658346176147, 1.1374658346176147, 1.1374658346176147, 1.1374658346176147], "lo": [1.1374658346176147, 1.1374658346176147, 1.1374658346176147, 1.1374658346176147], "hi": [1.1374658346176147, 1.1374658346176147, 1.1374658346176147, 1.1374658346176147], "n": [5, 5, 5, 5], "ci_over": "trials", "ci_method": "student_t", "alpha": 0.05}, "target.success": {"mean": [0.016980829608928615, 0.016980829608928615, 0.016980829608928615, 0.016980829608928615], "lo": [0.016980829608928615, 0.016980829608928615, 0.016980829608928615, 0.016980829608928615], "hi": [0.016980829608928615, 0.016980829608928615, 0.016980829608928615, 0.016980829608928615], "n": [5, 5, 5, 5], "ci_over": "trials", "ci_method": "student_t", "alpha": 0.05}, "target.maxp": {"mean": [0.1615545153617859, 0.1615545153617859, 0.1615545153617859, 0.1615545153617859], "lo": [0.1615545153617859, 0.1615545153617859, 0.1615545153617859, 0.1615545153617859], "hi": [0.1615545153617859, 0.1615545153617859, 0.1615545153617859, 0.1615545153617859], "n": [5, 5, 5, 5], "ci_over": "trials", "ci_method": "student_t", "alpha": 0.05}, "target.gini": {"mean": [0.7504634857177734, 0.7504634857177734, 0.7504634857177734, 0.7504634857177734], "lo": [0.7504634857177734, 0.7504634857177734, 0.7504634857177734, 0.7504634857177734], "hi": [0.7504634857177734, 0.7504634857177734, 0.7504634857177734, 0.7504634857177734], "n": [5, 5, 5, 5], "ci_over": "trials", "ci_method": "student_t", "alpha": 0.05}, "target.tv_vsU": {"mean": [0.5785379409790039, 0.5785379409790039, 0.5785379409790039, 0.5785379409790039], "lo": [0.5785379409790039, 0.5785379409790039, 0.5785379409790039, 0.5785379409790039], "hi": [0.5785379409790039, 0.5785379409790039, 0.5785379409790039, 0.5785379409790039], "n": [5, 5, 5, 5], "ci_over": "trials", "ci_method": "student_t", "alpha": 0.05}, "target.js_vsU": {"mean": [0.28555601835250854, 0.28555601835250854, 0.28555601835250854, 0.28555601835250854], "lo": [0.28555601835250854, 0.28555601835250854, 0.28555601835250854, 0.28555601835250854], "hi": [0.28555601835250854, 0.28555601835250854, 0.28555601835250854, 0.28555601835250854], "n": [5, 5, 5, 5], "ci_over": "trials", "ci_method": "student_t", "alpha": 0.05}, "target.H": {"mean": [3.021430492401123, 3.021430492401123, 3.021430492401123, 3.021430492401123], "lo": [3.021430492401123, 3.021430492401123, 3.021430492401123, 3.021430492401123], "hi": [3.021430492401123, 3.021430492401123, 3.021430492401123, 3.021430492401123], "n": [5, 5, 5, 5], "ci_over": "trials", "ci_method": "student_t", "alpha": 0.05}, "target.KLpU": {"mean": [1.1374658346176147, 1.1374658346176147, 1.1374658346176147, 1.1374658346176147], "lo": [1.1374658346176147, 1.1374658346176147, 1.1374658346176147, 1.1374658346176147], "hi": [1.1374658346176147, 1.1374658346176147, 1.1374658346176147, 1.1374658346176147], "n": [5, 5, 5, 5], "ci_over": "trials", "ci_method": "student_t", "alpha": 0.05}, "target.cvar_neglogOmega": {"mean": [10.792878501676023, 10.792878501676023, 10.792878501676023, 10.792878501676023], "lo": [10.792878501676023, 10.792878501676023, 10.792878501676023, 10.792878501676023], "hi": [10.792878501676023, 10.792878501676023, 10.792878501676023, 10.792878501676023], "n": [5, 5, 5, 5], "ci_over": "trials", "ci_method": "student_t", "alpha": 0.05}}}