{"mix.tv": {"mean": 0.5471595525741577, "lo": 0.5471595525741577, "hi": 0.5471595525741577, "stderr": 0.0, "n": 10}, "mix.js": {"mean": 0.25769272446632385, "lo": 0.25769272446632385, "hi": 0.25769272446632385, "stderr": 0.0, "n": 10}, "mix.hell": {"mean": 0.5818493366241455, "lo": 0.5818493366241455, "hi": 0.5818493366241455, "stderr": 0.0, "n": 10}, "mix.l2": {"mean": 0.17974679172039032, "lo": 0.17974679172039032, "hi": 0.17974679172039032, "stderr": 0.0, "n": 10}, "mix.H": {"mean": 3.225332260131836, "lo": 3.225332260131836, "hi": 3.225332260131836, "stderr": 0.0, "n": 10}, "mix.kl_pu": {"mean": 0.9335638880729675, "lo": 0.9335638880729675, "hi": 0.9335638880729675, "stderr": 0.0, "n": 10}, "target.success": {"mean": 0.015201377593939469, "lo": 0.014459364299440265, "hi": 0.01594339088843867, "stderr": 0.00032801138076676655, "n": 10}, "target.maxp": {"mean": 0.10842498391866684, "lo": 0.10842498391866684, "hi": 0.10842498391866684, "stderr": 0.0, "n": 10}, "target.gini": {"mean": 0.6855578422546387, "lo": 0.6855578422546387, "hi": 0.6855578422546387, "stderr": 0.0, "n": 10}, "target.tv_vsU": {"mean": 0.5471595525741577, "lo": 0.5471595525741577, "hi": 0.5471595525741577, "stderr": 0.0, "n": 10}, "target.js_vsU": {"mean": 0.25769272446632385, "lo": 0.25769272446632385, "hi": 0.25769272446632385, "stderr": 0.0, "n": 10}, "target.H": {"mean": 3.225332260131836, "lo": 3.225332260131836, "hi": 3.225332260131836, "stderr": 0.0, "n": 10}, "target.KLpU": {"mean": 0.9335638880729675, "lo": 0.9335638880729675, "hi": 0.9335638880729675, "stderr": 0.0, "n": 10}, "target.cvar_neglogOmega": {"mean": 11.262561404891311, "lo": 11.035882271535279, "hi": 11.489240538247344, "stderr": 0.10020485626650169, "n": 10}}