{
  "mix.tv": {
    "mean": 0.5743112564086914,
    "lo": 0.5743112564086914,
    "hi": 0.5743112564086914,
    "stderr": 0.0,
    "n": 640
  },
  "mix.js": {
    "mean": 0.2862480580806732,
    "lo": 0.2862480580806732,
    "hi": 0.2862480580806732,
    "stderr": 0.0,
    "n": 640
  },
  "mix.hell": {
    "mean": 0.608819842338562,
    "lo": 0.608819842338562,
    "hi": 0.608819842338562,
    "stderr": 0.0,
    "n": 640
  },
  "mix.l2": {
    "mean": 0.2415805160999298,
    "lo": 0.2415805160999298,
    "hi": 0.2415805160999298,
    "stderr": 0.0,
    "n": 640
  },
  "mix.H": {
    "mean": 2.989398241043091,
    "lo": 2.989398241043091,
    "hi": 2.989398241043091,
    "stderr": 0.0,
    "n": 640
  },
  "mix.kl_pu": {
    "mean": 1.1694979667663574,
    "lo": 1.1694979667663574,
    "hi": 1.1694979667663574,
    "stderr": 0.0,
    "n": 640
  },
  "target.success": {
    "mean": 0.0,
    "lo": 0.0,
    "hi": 0.0,
    "stderr": 0.0,
    "n": 640
  },
  "target.maxp": {
    "mean": 0.16393575072288513,
    "lo": 0.16393575072288513,
    "hi": 0.16393575072288513,
    "stderr": 0.0,
    "n": 640
  },
  "target.gini": {
    "mean": 0.7540099024772644,
    "lo": 0.7540099024772644,
    "hi": 0.7540099024772644,
    "stderr": 0.0,
    "n": 640
  },
  "target.tv_vsU": {
    "mean": 0.5743112564086914,
    "lo": 0.5743112564086914,
    "hi": 0.5743112564086914,
    "stderr": 0.0,
    "n": 640
  },
  "target.js_vsU": {
    "mean": 0.2862480580806732,
    "lo": 0.2862480580806732,
    "hi": 0.2862480580806732,
    "stderr": 0.0,
    "n": 640
  },
  "target.H": {
    "mean": 2.989398241043091,
    "lo": 2.989398241043091,
    "hi": 2.989398241043091,
    "stderr": 0.0,
    "n": 640
  },
  "target.KLpU": {
    "mean": 1.1694979667663574,
    "lo": 1.1694979667663574,
    "hi": 1.1694979667663574,
    "stderr": 0.0,
    "n": 640
  },
  "target.cvar_neglogOmega": {
    "mean": 18.42068099975586,
    "lo": 18.42068099975586,
    "hi": 18.42068099975586,
    "stderr": 0.0,
    "n": 640
  }
}
