{"mix.tv": {"mean": 0.8296529054641724, "lo": 0.8296529054641724, "hi": 0.8296529054641724, "stderr": 0.0, "n": 10}, "mix.js": {"mean": 0.47589486837387085, "lo": 0.47589486837387085, "hi": 0.47589486837387085, "stderr": 0.0, "n": 10}, "mix.hell": {"mean": 0.7859556078910828, "lo": 0.7859556078910828, "hi": 0.7859556078910828, "stderr": 0.0, "n": 10}, "mix.l2": {"mean": 0.4363515377044678, "lo": 0.4363515377044678, "hi": 0.4363515377044678, "stderr": 0.0, "n": 10}, "mix.H": {"mean": 1.9392718076705933, "lo": 1.9392718076705933, "hi": 1.9392718076705933, "stderr": 0.0, "n": 10}, "mix.kl_pu": {"mean": 2.2196292877197266, "lo": 2.2196292877197266, "hi": 2.2196292877197266, "stderr": 0.0, "n": 10}, "target.success": {"mean": 0.06791399419307709, "lo": 0.06791399419307709, "hi": 0.06791399419307709, "stderr": 0.0, "n": 10}, "target.maxp": {"mean": 0.36377769708633423, "lo": 0.36377769708633423, "hi": 0.36377769708633423, "stderr": 0.0, "n": 10}, "target.gini": {"mean": 0.9146378636360168, "lo": 0.9146378636360168, "hi": 0.9146378636360168, "stderr": 0.0, "n": 10}, "target.tv_vsU": {"mean": 0.8296529054641724, "lo": 0.8296529054641724, "hi": 0.8296529054641724, "stderr": 0.0, "n": 10}, "target.js_vsU": {"mean": 0.47589486837387085, "lo": 0.47589486837387085, "hi": 0.47589486837387085, "stderr": 0.0, "n": 10}, "target.H": {"mean": 1.9392718076705933, "lo": 1.9392718076705933, "hi": 1.9392718076705933, "stderr": 0.0, "n": 10}, "target.KLpU": {"mean": 2.2196292877197266, "lo": 2.2196292877197266, "hi": 2.2196292877197266, "stderr": 0.0, "n": 10}, "target.cvar_neglogOmega": {"mean": 2.6895132064819336, "lo": 2.6895132064819336, "hi": 2.6895132064819336, "stderr": 0.0, "n": 10}}