{"mix.tv": {"mean": 0.0803571492433548, "lo": 0.0803571492433548, "hi": 0.0803571492433548, "stderr": 0.0, "n": 10}, "mix.js": {"mean": 0.004220990929752588, "lo": 0.004220990929752588, "hi": 0.004220990929752588, "stderr": 0.0, "n": 10}, "mix.hell": {"mean": 0.06507004052400589, "lo": 0.06507004052400589, "hi": 0.06507004052400589, "stderr": 0.0, "n": 10}, "mix.l2": {"mean": 0.02187044359743595, "lo": 0.02187044359743595, "hi": 0.02187044359743595, "stderr": 0.0, "n": 10}, "mix.H": {"mean": 4.142576217651367, "lo": 4.142576217651367, "hi": 4.142576217651367, "stderr": 0.0, "n": 10}, "mix.kl_pu": {"mean": 0.016307074576616287, "lo": 0.016307074576616287, "hi": 0.016307074576616287, "stderr": 0.0, "n": 10}, "target.success": {"mean": 0.015741839600741513, "lo": 0.015572515455523513, "hi": 0.015911163745959512, "stderr": 7.48507433516987e-05, "n": 10}, "target.maxp": {"mean": 0.01785714365541935, "lo": 0.01785714365541935, "hi": 0.01785714365541935, "stderr": 0.0, "n": 10}, "target.gini": {"mean": 0.08705353736877441, "lo": 0.08705353736877441, "hi": 0.08705353736877441, "stderr": 0.0, "n": 10}, "target.tv_vsU": {"mean": 0.0803571492433548, "lo": 0.0803571492433548, "hi": 0.0803571492433548, "stderr": 0.0, "n": 10}, "target.js_vsU": {"mean": 0.004220990929752588, "lo": 0.004220990929752588, "hi": 0.004220990929752588, "stderr": 0.0, "n": 10}, "target.H": {"mean": 4.142576217651367, "lo": 4.142576217651367, "hi": 4.142576217651367, "stderr": 0.0, "n": 10}, "target.KLpU": {"mean": 0.016307074576616287, "lo": 0.016307074576616287, "hi": 0.016307074576616287, "stderr": 0.0, "n": 10}, "target.cvar_neglogOmega": {"mean": 4.168150644376874, "lo": 4.1560820611965825, "hi": 4.180219227557166, "stderr": 0.0053349888232635334, "n": 10}}