{"mix.tv": {"mean": 0.0803571492433548, "lo": 0.0803571492433548, "hi": 0.0803571492433548, "stderr": 0.0, "n": 2560}, "mix.js": {"mean": 0.004220990929752588, "lo": 0.004220990929752588, "hi": 0.004220990929752588, "stderr": 0.0, "n": 2560}, "mix.hell": {"mean": 0.06507004052400589, "lo": 0.06507004052400589, "hi": 0.06507004052400589, "stderr": 0.0, "n": 2560}, "mix.l2": {"mean": 0.02187044359743595, "lo": 0.02187044359743595, "hi": 0.02187044359743595, "stderr": 0.0, "n": 2560}, "mix.H": {"mean": 4.142576217651367, "lo": 4.142576217651367, "hi": 4.142576217651367, "stderr": 0.0, "n": 2560}, "mix.kl_pu": {"mean": 0.016307074576616287, "lo": 0.016307074576616287, "hi": 0.016307074576616287, "stderr": 0.0, "n": 2560}, "target.success": {"mean": 0.015741839600741513, "lo": 0.015642439491775805, "hi": 0.01584647129584482, "stderr": 5.2824087659147534e-05, "n": 2560}, "target.maxp": {"mean": 0.01785714365541935, "lo": 0.01785714365541935, "hi": 0.01785714365541935, "stderr": 0.0, "n": 2560}, "target.gini": {"mean": 0.08705353736877441, "lo": 0.08705353736877441, "hi": 0.08705353736877441, "stderr": 0.0, "n": 2560}, "target.tv_vsU": {"mean": 0.0803571492433548, "lo": 0.0803571492433548, "hi": 0.0803571492433548, "stderr": 0.0, "n": 2560}, "target.js_vsU": {"mean": 0.004220990929752588, "lo": 0.004220990929752588, "hi": 0.004220990929752588, "stderr": 0.0, "n": 2560}, "target.H": {"mean": 4.142576217651367, "lo": 4.142576217651367, "hi": 4.142576217651367, "stderr": 0.0, "n": 2560}, "target.KLpU": {"mean": 0.016307074576616287, "lo": 0.016307074576616287, "hi": 0.016307074576616287, "stderr": 0.0, "n": 2560}, "target.cvar_neglogOmega": {"mean": 4.168150644376874, "lo": 4.160881506935693, "hi": 4.175482536335476, "stderr": 0.003697680026451353, "n": 2560}}