{"mix.tv": {"mean": 0.9362050890922546, "lo": 0.9362050890922546, "hi": 0.9362050890922546, "stderr": 0.0, "n": 2560}, "mix.js": {"mean": 0.592490017414093, "lo": 0.592490017414093, "hi": 0.592490017414093, "stderr": 0.0, "n": 2560}, "mix.hell": {"mean": 0.8847339153289795, "lo": 0.8847339153289795, "hi": 0.8847339153289795, "stderr": 0.0, "n": 2560}, "mix.l2": {"mean": 0.7180218696594238, "lo": 0.7180218696594238, "hi": 0.7180218696594238, "stderr": 0.0, "n": 2560}, "mix.H": {"mean": 0.855654776096344, "lo": 0.855654776096344, "hi": 0.855654776096344, "stderr": 0.0, "n": 2560}, "mix.kl_pu": {"mean": 3.303252696990967, "lo": 3.303252696990967, "hi": 3.303252696990967, "stderr": 0.0, "n": 2560}, "target.success": {"mean": 0.0, "lo": 0.0, "hi": 0.0, "stderr": 0.0, "n": 2560}, "target.maxp": {"mean": 0.691006064414978, "lo": 0.691006064414978, "hi": 0.691006064414978, "stderr": 0.0, "n": 2560}, "target.gini": {"mean": 0.9712861776351929, "lo": 0.9712861776351929, "hi": 0.9712861776351929, "stderr": 0.0, "n": 2560}, "target.tv_vsU": {"mean": 0.9362050890922546, "lo": 0.9362050890922546, "hi": 0.9362050890922546, "stderr": 0.0, "n": 2560}, "target.js_vsU": {"mean": 0.592490017414093, "lo": 0.592490017414093, "hi": 0.592490017414093, "stderr": 0.0, "n": 2560}, "target.H": {"mean": 0.855654776096344, "lo": 0.855654776096344, "hi": 0.855654776096344, "stderr": 0.0, "n": 2560}, "target.KLpU": {"mean": 3.303252696990967, "lo": 3.303252696990967, "hi": 3.303252696990967, "stderr": 0.0, "n": 2560}, "target.cvar_neglogOmega": {"mean": 18.42068099975586, "lo": 18.42068099975586, "hi": 18.42068099975586, "stderr": 0.0, "n": 2560}}