{"mix.tv": {"mean": 0.5471595525741577, "lo": 0.5471595525741577, "hi": 0.5471595525741577, "stderr": 0.0, "n": 2560}, "mix.js": {"mean": 0.25769272446632385, "lo": 0.25769272446632385, "hi": 0.25769272446632385, "stderr": 0.0, "n": 2560}, "mix.hell": {"mean": 0.5818493366241455, "lo": 0.5818493366241455, "hi": 0.5818493366241455, "stderr": 0.0, "n": 2560}, "mix.l2": {"mean": 0.17974679172039032, "lo": 0.17974679172039032, "hi": 0.17974679172039032, "stderr": 0.0, "n": 2560}, "mix.H": {"mean": 3.225332260131836, "lo": 3.225332260131836, "hi": 3.225332260131836, "stderr": 0.0, "n": 2560}, "mix.kl_pu": {"mean": 0.9335638880729675, "lo": 0.9335638880729675, "hi": 0.9335638880729675, "stderr": 0.0, "n": 2560}, "target.success": {"mean": 0.015201377593939469, "lo": 0.014379847448402643, "hi": 0.01601716072518343, "stderr": 0.00042824941043184765, "n": 2560}, "target.maxp": {"mean": 0.10842498391866684, "lo": 0.10842498391866684, "hi": 0.10842498391866684, "stderr": 0.0, "n": 2560}, "target.gini": {"mean": 0.6855578422546387, "lo": 0.6855578422546387, "hi": 0.6855578422546387, "stderr": 0.0, "n": 2560}, "target.tv_vsU": {"mean": 0.5471595525741577, "lo": 0.5471595525741577, "hi": 0.5471595525741577, "stderr": 0.0, "n": 2560}, "target.js_vsU": {"mean": 0.25769272446632385, "lo": 0.25769272446632385, "hi": 0.25769272446632385, "stderr": 0.0, "n": 2560}, "target.H": {"mean": 3.225332260131836, "lo": 3.225332260131836, "hi": 3.225332260131836, "stderr": 0.0, "n": 2560}, "target.KLpU": {"mean": 0.9335638880729675, "lo": 0.9335638880729675, "hi": 0.9335638880729675, "stderr": 0.0, "n": 2560}, "target.cvar_neglogOmega": {"mean": 11.262561404891311, "lo": 10.984664885455278, "hi": 11.545008137559051, "stderr": 0.1410814868235095, "n": 2560}}