{"sigmas": [0.0, 0.05], "trials": 1, "metrics": {"mix.tv": {"mean": [0.7570618391036987, 0.7570618391036987], "lo": [0.7570618391036987, 0.7570618391036987], "hi": [0.7570618391036987, 0.7570618391036987], "n": [1, 1], "ci_over": "trials", "ci_method": "student_t", "alpha": 0.05}, "mix.js": {"mean": [0.39912934601306915, 0.39912934601306915], "lo": [0.39912934601306915, 0.39912934601306915], "hi": [0.39912934601306915, 0.39912934601306915], "n": [1, 1], "ci_over": "trials", "ci_method": "student_t", "alpha": 0.05}, "mix.hell": {"mean": [0.7086942791938782, 0.7086942791938782], "lo": [0.7086942791938782, 0.7086942791938782], "hi": [0.7086942791938782, 0.7086942791938782], "n": [1, 1], "ci_over": "trials", "ci_method": "student_t", "alpha": 0.05}, "mix.l2": {"mean": [0.34656424820423126, 0.34656424820423126], "lo": [0.34656424820423126, 0.34656424820423126], "hi": [0.34656424820423126, 0.34656424820423126], "n": [1, 1], "ci_over": "trials", "ci_method": "student_t", "alpha": 0.05}, "mix.H": {"mean": [2.3597540855407715, 2.3597540855407715], "lo": [2.3597540855407715, 2.3597540855407715], "hi": [2.3597540855407715, 2.3597540855407715], "n": [1, 1], "ci_over": "trials", "ci_method": "student_t", "alpha": 0.05}, "mix.kl_pu": {"mean": [1.799142599105835, 1.799142599105835], "lo": [1.799142599105835, 1.799142599105835], "hi": [1.799142599105835, 1.799142599105835], "n": [1, 1], "ci_over": "trials", "ci_method": "student_t", "alpha": 0.05}, "target.success": {"mean": [0.0, 0.0], "lo": [0.0, 0.0], "hi": [0.0, 0.0], "n": [1, 1], "ci_over": "trials", "ci_method": "student_t", "alpha": 0.05}, "target.maxp": {"mean": [0.23542667925357819, 0.23542667925357819], "lo": [0.23542667925357819, 0.23542667925357819], "hi": [0.23542667925357819, 0.23542667925357819], "n": [1, 1], "ci_over": "trials", "ci_method": "student_t", "alpha": 0.05}, "target.gini": {"mean": [0.8755024671554565, 0.8755024671554565], "lo": [0.8755024671554565, 0.8755024671554565], "hi": [0.8755024671554565, 0.8755024671554565], "n": [1, 1], "ci_over": "trials", "ci_method": "student_t", "alpha": 0.05}, "target.tv_vsU": {"mean": [0.7570618391036987, 0.7570618391036987], "lo": [0.7570618391036987, 0.7570618391036987], "hi": [0.7570618391036987, 0.7570618391036987], "n": [1, 1], "ci_over": "trials", "ci_method": "student_t", "alpha": 0.05}, "target.js_vsU": {"mean": [0.39912934601306915, 0.39912934601306915], "lo": [0.39912934601306915, 0.39912934601306915], "hi": [0.39912934601306915, 0.39912934601306915], "n": [1, 1], "ci_over": "trials", "ci_method": "student_t", "alpha": 0.05}, "target.H": {"mean": [2.3597540855407715, 2.3597540855407715], "lo": [2.3597540855407715, 2.3597540855407715], "hi": [2.3597540855407715, 2.3597540855407715], "n": [1, 1], "ci_over": "trials", "ci_method": "student_t", "alpha": 0.05}, "target.KLpU": {"mean": [1.799142599105835, 1.799142599105835], "lo": [1.799142599105835, 1.799142599105835], "hi": [1.799142599105835, 1.799142599105835], "n": [1, 1], "ci_over": "trials", "ci_method": "student_t", "alpha": 0.05}, "target.cvar_neglogOmega": {"mean": [18.42068099975586, 18.42068099975586], "lo": [18.42068099975586, 18.42068099975586], "hi": [18.42068099975586, 18.42068099975586], "n": [1, 1], "ci_over": "trials", "ci_method": "student_t", "alpha": 0.05}}}