{"mix.tv": {"mean": 0.7982268333435059, "lo": 0.7982268333435059, "hi": 0.7982268333435059, "stderr": 0.0, "n": 10}, "mix.js": {"mean": 0.4465341866016388, "lo": 0.4465341866016388, "hi": 0.4465341866016388, "stderr": 0.0, "n": 10}, "mix.hell": {"mean": 0.7542856335639954, "lo": 0.7542856335639954, "hi": 0.7542856335639954, "stderr": 0.0, "n": 10}, "mix.l2": {"mean": 0.49026957154273987, "lo": 0.49026957154273987, "hi": 0.49026957154273987, "stderr": 0.0, "n": 10}, "mix.H": {"mean": 1.895134687423706, "lo": 1.895134687423706, "hi": 1.895134687423706, "stderr": 0.0, "n": 10}, "mix.kl_pu": {"mean": 2.263762950897217, "lo": 2.263762950897217, "hi": 2.263762950897217, "stderr": 0.0, "n": 10}, "target.success": {"mean": 3.181720837318325e-13, "lo": 3.181720837318325e-13, "hi": 3.181720837318325e-13, "stderr": 0.0, "n": 10}, "target.maxp": {"mean": 0.4470682442188263, "lo": 0.4470682442188263, "hi": 0.4470682442188263, "stderr": 0.0, "n": 10}, "target.gini": {"mean": 0.9159197211265564, "lo": 0.9159197211265564, "hi": 0.9159197211265564, "stderr": 0.0, "n": 10}, "target.tv_vsU": {"mean": 0.7982268333435059, "lo": 0.7982268333435059, "hi": 0.7982268333435059, "stderr": 0.0, "n": 10}, "target.js_vsU": {"mean": 0.4465341866016388, "lo": 0.4465341866016388, "hi": 0.4465341866016388, "stderr": 0.0, "n": 10}, "target.H": {"mean": 1.895134687423706, "lo": 1.895134687423706, "hi": 1.895134687423706, "stderr": 0.0, "n": 10}, "target.KLpU": {"mean": 2.263762950897217, "lo": 2.263762950897217, "hi": 2.263762950897217, "stderr": 0.0, "n": 10}, "target.cvar_neglogOmega": {"mean": 18.42068099975586, "lo": 18.42068099975586, "hi": 18.42068099975586, "stderr": 0.0, "n": 10}}