{"mix.tv": {"mean": 0.5325788855552673, "lo": 0.5325788855552673, "hi": 0.5325788855552673, "stderr": 0.0, "n": 10}, "mix.js": {"mean": 0.2561626732349396, "lo": 0.2561626732349396, "hi": 0.2561626732349396, "stderr": 0.0, "n": 10}, "mix.hell": {"mean": 0.5809849500656128, "lo": 0.5809849500656128, "hi": 0.5809849500656128, "stderr": 0.0, "n": 10}, "mix.l2": {"mean": 0.20000897347927094, "lo": 0.20000897347927094, "hi": 0.20000897347927094, "stderr": 0.0, "n": 10}, "mix.H": {"mean": 3.1920034885406494, "lo": 3.1920034885406494, "hi": 3.1920034885406494, "stderr": 0.0, "n": 10}, "mix.kl_pu": {"mean": 0.9668928384780884, "lo": 0.9668928384780884, "hi": 0.9668928384780884, "stderr": 0.0, "n": 10}, "target.success": {"mean": 0.01591732524193503, "lo": 0.014306153080222423, "hi": 0.01752849740364764, "stderr": 0.0007122282165752966, "n": 10}, "target.maxp": {"mean": 0.14947742223739624, "lo": 0.14947742223739624, "hi": 0.14947742223739624, "stderr": 0.0, "n": 10}, "target.gini": {"mean": 0.689561128616333, "lo": 0.689561128616333, "hi": 0.689561128616333, "stderr": 0.0, "n": 10}, "target.tv_vsU": {"mean": 0.5325788855552673, "lo": 0.5325788855552673, "hi": 0.5325788855552673, "stderr": 0.0, "n": 10}, "target.js_vsU": {"mean": 0.2561626732349396, "lo": 0.2561626732349396, "hi": 0.2561626732349396, "stderr": 0.0, "n": 10}, "target.H": {"mean": 3.1920034885406494, "lo": 3.1920034885406494, "hi": 3.1920034885406494, "stderr": 0.0, "n": 10}, "target.KLpU": {"mean": 0.9668928384780884, "lo": 0.9668928384780884, "hi": 0.9668928384780884, "stderr": 0.0, "n": 10}, "target.cvar_neglogOmega": {"mean": 10.948248786386102, "lo": 10.544465551901867, "hi": 11.352032020870338, "stderr": 0.17849477530323024, "n": 10}}