{
  "mix.tv": {
    "mean": 0.5569489002227783,
    "lo": 0.5569489002227783,
    "hi": 0.5569489002227783,
    "stderr": 0.0,
    "n": 500
  },
  "mix.js": {
    "mean": 0.25770992040634155,
    "lo": 0.25770992040634155,
    "hi": 0.25770992040634155,
    "stderr": 0.0,
    "n": 500
  },
  "mix.hell": {
    "mean": 0.5809961557388306,
    "lo": 0.5809961557388306,
    "hi": 0.5809961557388306,
    "stderr": 0.0,
    "n": 500
  },
  "mix.l2": {
    "mean": 0.17588749527931213,
    "lo": 0.17588749527931213,
    "hi": 0.17588749527931213,
    "stderr": 0.0,
    "n": 500
  },
  "mix.H": {
    "mean": 3.2282779216766357,
    "lo": 3.2282779216766357,
    "hi": 3.2282779216766357,
    "stderr": 0.0,
    "n": 500
  },
  "mix.kl_pu": {
    "mean": 0.9306186437606812,
    "lo": 0.9306186437606812,
    "hi": 0.9306186437606812,
    "stderr": 0.0,
    "n": 500
  },
  "target.success": {
    "mean": 0.01585458217561245,
    "lo": 0.014131533943396063,
    "hi": 0.01774925416249316,
    "stderr": 0.0009234734677193634,
    "n": 500
  },
  "target.maxp": {
    "mean": 0.08660665899515152,
    "lo": 0.08660665899515152,
    "hi": 0.08660665899515152,
    "stderr": 0.0,
    "n": 500
  },
  "target.gini": {
    "mean": 0.6908959150314331,
    "lo": 0.6908959150314331,
    "hi": 0.6908959150314331,
    "stderr": 0.0,
    "n": 500
  },
  "target.tv_vsU": {
    "mean": 0.5569489002227783,
    "lo": 0.5569489002227783,
    "hi": 0.5569489002227783,
    "stderr": 0.0,
    "n": 500
  },
  "target.js_vsU": {
    "mean": 0.25770992040634155,
    "lo": 0.25770992040634155,
    "hi": 0.25770992040634155,
    "stderr": 0.0,
    "n": 500
  },
  "target.H": {
    "mean": 3.2282779216766357,
    "lo": 3.2282779216766357,
    "hi": 3.2282779216766357,
    "stderr": 0.0,
    "n": 500
  },
  "target.KLpU": {
    "mean": 0.9306186437606812,
    "lo": 0.9306186437606812,
    "hi": 0.9306186437606812,
    "stderr": 0.0,
    "n": 500
  },
  "target.cvar_neglogOmega": {
    "mean": 10.637867205142975,
    "lo": 9.993335277426244,
    "hi": 11.240757024872304,
    "stderr": 0.32079074951440784,
    "n": 500
  }
}