{"mix.tv": {"mean": 0.2663476765155792, "lo": 0.2663476765155792, "hi": 0.2663476765155792, "stderr": 0.0, "n": 10}, "mix.js": {"mean": 0.06051066145300865, "lo": 0.06051066145300865, "hi": 0.06051066145300865, "stderr": 0.0, "n": 10}, "mix.hell": {"mean": 0.25149208307266235, "lo": 0.25149208307266235, "hi": 0.25149208307266235, "stderr": 0.0, "n": 10}, "mix.l2": {"mean": 0.08441078662872314, "lo": 0.08441078662872314, "hi": 0.08441078662872314, "stderr": 0.0, "n": 10}, "mix.H": {"mean": 3.928658962249756, "lo": 3.928658962249756, "hi": 3.928658962249756, "stderr": 0.0, "n": 10}, "mix.kl_pu": {"mean": 0.23022380471229553, "lo": 0.23022380471229553, "hi": 0.23022380471229553, "stderr": 0.0, "n": 10}, "target.success": {"mean": 0.0030225589871406555, "lo": 0.0030225589871406555, "hi": 0.0030225589871406555, "stderr": 0.0, "n": 10}, "target.maxp": {"mean": 0.044625915586948395, "lo": 0.044625915586948395, "hi": 0.044625915586948395, "stderr": 0.0, "n": 10}, "target.gini": {"mean": 0.3739730715751648, "lo": 0.3739730715751648, "hi": 0.3739730715751648, "stderr": 0.0, "n": 10}, "target.tv_vsU": {"mean": 0.2663476765155792, "lo": 0.2663476765155792, "hi": 0.2663476765155792, "stderr": 0.0, "n": 10}, "target.js_vsU": {"mean": 0.06051066145300865, "lo": 0.06051066145300865, "hi": 0.06051066145300865, "stderr": 0.0, "n": 10}, "target.H": {"mean": 3.928658962249756, "lo": 3.928658962249756, "hi": 3.928658962249756, "stderr": 0.0, "n": 10}, "target.KLpU": {"mean": 0.23022380471229553, "lo": 0.23022380471229553, "hi": 0.23022380471229553, "stderr": 0.0, "n": 10}, "target.cvar_neglogOmega": {"mean": 5.801651477813721, "lo": 5.801651477813721, "hi": 5.801651477813721, "stderr": 0.0, "n": 10}}