{
  "mix.tv": {
    "mean": 0.21546199917793274,
    "lo": 0.21546199917793274,
    "hi": 0.21546199917793274,
    "stderr": 0.0,
    "n": 500
  },
  "mix.js": {
    "mean": 0.03914075344800949,
    "lo": 0.03914075344800949,
    "hi": 0.03914075344800949,
    "stderr": 0.0,
    "n": 500
  },
  "mix.hell": {
    "mean": 0.20062255859375,
    "lo": 0.20062255859375,
    "hi": 0.20062255859375,
    "stderr": 0.0,
    "n": 500
  },
  "mix.l2": {
    "mean": 0.07166098058223724,
    "lo": 0.07166098058223724,
    "hi": 0.07166098058223724,
    "stderr": 0.0,
    "n": 500
  },
  "mix.H": {
    "mean": 4.004031181335449,
    "lo": 4.004031181335449,
    "hi": 4.004031181335449,
    "stderr": 0.0,
    "n": 500
  },
  "mix.kl_pu": {
    "mean": 0.15485170483589172,
    "lo": 0.15485170483589172,
    "hi": 0.15485170483589172,
    "stderr": 0.0,
    "n": 500
  },
  "target.success": {
    "mean": 0.010052956640720367,
    "lo": 0.010052956640720367,
    "hi": 0.010052956640720367,
    "stderr": 0.0,
    "n": 500
  },
  "target.maxp": {
    "mean": 0.04807225614786148,
    "lo": 0.04807225614786148,
    "hi": 0.04807225614786148,
    "stderr": 0.0,
    "n": 500
  },
  "target.gini": {
    "mean": 0.30536916851997375,
    "lo": 0.30536916851997375,
    "hi": 0.30536916851997375,
    "stderr": 0.0,
    "n": 500
  },
  "target.tv_vsU": {
    "mean": 0.21546199917793274,
    "lo": 0.21546199917793274,
    "hi": 0.21546199917793274,
    "stderr": 0.0,
    "n": 500
  },
  "target.js_vsU": {
    "mean": 0.03914075344800949,
    "lo": 0.03914075344800949,
    "hi": 0.03914075344800949,
    "stderr": 0.0,
    "n": 500
  },
  "target.H": {
    "mean": 4.004031181335449,
    "lo": 4.004031181335449,
    "hi": 4.004031181335449,
    "stderr": 0.0,
    "n": 500
  },
  "target.KLpU": {
    "mean": 0.15485170483589172,
    "lo": 0.15485170483589172,
    "hi": 0.15485170483589172,
    "stderr": 0.0,
    "n": 500
  },
  "target.cvar_neglogOmega": {
    "mean": 4.599888324737549,
    "lo": 4.599888324737549,
    "hi": 4.599888324737549,
    "stderr": 0.0,
    "n": 500
  }
}