{
  "mix.tv": {
    "mean": 0.598601758480072,
    "lo": 0.598601758480072,
    "hi": 0.598601758480072,
    "stderr": 0.0,
    "n": 500
  },
  "mix.js": {
    "mean": 0.28541627526283264,
    "lo": 0.28541627526283264,
    "hi": 0.28541627526283264,
    "stderr": 0.0,
    "n": 500
  },
  "mix.hell": {
    "mean": 0.606564462184906,
    "lo": 0.606564462184906,
    "hi": 0.606564462184906,
    "stderr": 0.0,
    "n": 500
  },
  "mix.l2": {
    "mean": 0.20696993172168732,
    "lo": 0.20696993172168732,
    "hi": 0.20696993172168732,
    "stderr": 0.0,
    "n": 500
  },
  "mix.H": {
    "mean": 3.0728940963745117,
    "lo": 3.0728940963745117,
    "hi": 3.0728940963745117,
    "stderr": 0.0,
    "n": 500
  },
  "mix.kl_pu": {
    "mean": 1.0860027074813843,
    "lo": 1.0860027074813843,
    "hi": 1.0860027074813843,
    "stderr": 0.0,
    "n": 500
  }
}