{
  "mix.tv": {
    "mean": 0.984375,
    "lo": 0.984375,
    "hi": 0.984375,
    "stderr": 0.0,
    "n": 500
  },
  "mix.js": {
    "mean": 0.6527417898178101,
    "lo": 0.6527417898178101,
    "hi": 0.6527417898178101,
    "stderr": 0.0,
    "n": 500
  },
  "mix.hell": {
    "mean": 0.9354143738746643,
    "lo": 0.9354143738746643,
    "hi": 0.9354143738746643,
    "stderr": 0.0,
    "n": 500
  },
  "mix.l2": {
    "mean": 0.9921567440032959,
    "lo": 0.9921567440032959,
    "hi": 0.9921567440032959,
    "stderr": 0.0,
    "n": 500
  },
  "mix.H": {
    "mean": 0.00010154400661122054,
    "lo": 0.00010154400661122054,
    "hi": 0.00010154400661122054,
    "stderr": 0.0,
    "n": 500
  },
  "mix.kl_pu": {
    "mean": 4.158807754516602,
    "lo": 4.158807754516602,
    "hi": 4.158807754516602,
    "stderr": 0.0,
    "n": 500
  }
}