{"mix.tv": {"mean": 0.5465779900550842, "lo": 0.5465779900550842, "hi": 0.5465779900550842, "stderr": 0.0, "n": 2560}, "mix.js": {"mean": 0.26284900307655334, "lo": 0.26284900307655334, "hi": 0.26284900307655334, "stderr": 0.0, "n": 2560}, "mix.hell": {"mean": 0.5869118571281433, "lo": 0.5869118571281433, "hi": 0.5869118571281433, "stderr": 0.0, "n": 2560}, "mix.l2": {"mean": 0.20189005136489868, "lo": 0.20189005136489868, "hi": 0.20189005136489868, "stderr": 0.0, "n": 2560}, "mix.H": {"mean": 3.1654114723205566, "lo": 3.1654114723205566, "hi": 3.1654114723205566, "stderr": 0.0, "n": 2560}, "mix.kl_pu": {"mean": 0.9934850931167603, "lo": 0.9934850931167603, "hi": 0.9934850931167603, "stderr": 0.0, "n": 2560}}