cond,metric.mix.tv,metric.mix.js,metric.mix.hell,metric.mix.l2,metric.mix.H,metric.mix.kl_pu,metric.target.success,metric.target.maxp,metric.target.gini,metric.target.tv_vsU,metric.target.js_vsU,metric.target.H,metric.target.KLpU,metric.target.cvar_neglogOmega
ckpt_policy,0.5569488406181335,0.25770992040634155,0.5809960961341858,0.17588745057582855,3.2282779216766357,0.9306181073188782,0.015971220219034875,0.08660662174224854,0.6908956170082092,0.5569488406181335,0.25770992040634155,3.2282779216766357,0.9306181073188782,10.957017598394305
ckpt_policy__abl_NoPE,0.5325788855552673,0.2561626732349396,0.5809849500656128,0.20000897347927094,3.1920034885406494,0.9668928384780884,0.01591732524193503,0.14947742223739624,0.689561128616333,0.5325788855552673,0.2561626732349396,3.1920034885406494,0.9668928384780884,10.948248786386102
ckpt_policy__abl_GlobalCoin,0.5569488406181335,0.25770992040634155,0.5809960961341858,0.17588745057582855,3.2282779216766357,0.9306181073188782,0.015971220219034875,0.08660662174224854,0.6908956170082092,0.5569488406181335,0.25770992040634155,3.2282779216766357,0.9306181073188782,10.957017598394305
ckpt_policy__abl_TimeFrozen,0.5569488406181335,0.25770992040634155,0.5809960961341858,0.17588745057582855,3.2282779216766357,0.9306181073188782,0.015971220219034875,0.08660662174224854,0.6908956170082092,0.5569488406181335,0.25770992040634155,3.2282779216766357,0.9306181073188782,10.957017598394305
ckpt_policy__abl_NodePermute,0.5610812902450562,0.2537161111831665,0.5769692659378052,0.1691933572292328,3.2543110847473145,0.904585063457489,0.015549826430105895,0.08162043243646622,0.6799349188804626,0.5610812902450562,0.2537161111831665,3.2543110847473145,0.904585063457489,11.091772317513824
