{"mix.tv": {"mean": 0.20393575727939606, "lo": 0.20393575727939606, "hi": 0.20393575727939606, "stderr": 0.0, "n": 10}, "mix.js": {"mean": 0.03230345994234085, "lo": 0.03230345994234085, "hi": 0.03230345994234085, "stderr": 0.0, "n": 10}, "mix.hell": {"mean": 0.18115372955799103, "lo": 0.18115372955799103, "hi": 0.18115372955799103, "stderr": 0.0, "n": 10}, "mix.l2": {"mean": 0.06457693874835968, "lo": 0.06457693874835968, "hi": 0.06457693874835968, "stderr": 0.0, "n": 10}, "mix.H": {"mean": 4.030544757843018, "lo": 4.030544757843018, "hi": 4.030544757843018, "stderr": 0.0, "n": 10}, "mix.kl_pu": {"mean": 0.12833869457244873, "lo": 0.12833869457244873, "hi": 0.12833869457244873, "stderr": 0.0, "n": 10}, "target.success": {"mean": 0.020843734964728355, "lo": 0.020843734964728355, "hi": 0.020843734964728355, "stderr": 0.0, "n": 10}, "target.maxp": {"mean": 0.036786481738090515, "lo": 0.036786481738090515, "hi": 0.036786481738090515, "stderr": 0.0, "n": 10}, "target.gini": {"mean": 0.2838563323020935, "lo": 0.2838563323020935, "hi": 0.2838563323020935, "stderr": 0.0, "n": 10}, "target.tv_vsU": {"mean": 0.20393575727939606, "lo": 0.20393575727939606, "hi": 0.20393575727939606, "stderr": 0.0, "n": 10}, "target.js_vsU": {"mean": 0.03230345994234085, "lo": 0.03230345994234085, "hi": 0.03230345994234085, "stderr": 0.0, "n": 10}, "target.H": {"mean": 4.030544757843018, "lo": 4.030544757843018, "hi": 4.030544757843018, "stderr": 0.0, "n": 10}, "target.KLpU": {"mean": 0.12833869457244873, "lo": 0.12833869457244873, "hi": 0.12833869457244873, "stderr": 0.0, "n": 10}, "target.cvar_neglogOmega": {"mean": 3.870701789855957, "lo": 3.870701789855957, "hi": 3.870701789855957, "stderr": 0.0, "n": 10}}