{
  "mix.tv": {
    "mean": 0.7462527751922607,
    "lo": 0.7462527751922607,
    "hi": 0.7462527751922607,
    "stderr": 0.0,
    "n": 500
  },
  "mix.js": {
    "mean": 0.40688470005989075,
    "lo": 0.40688470005989075,
    "hi": 0.40688470005989075,
    "stderr": 0.0,
    "n": 500
  },
  "mix.hell": {
    "mean": 0.7259082794189453,
    "lo": 0.7259082794189453,
    "hi": 0.7259082794189453,
    "stderr": 0.0,
    "n": 500
  },
  "mix.l2": {
    "mean": 0.3269297778606415,
    "lo": 0.3269297778606415,
    "hi": 0.3269297778606415,
    "stderr": 0.0,
    "n": 500
  },
  "mix.H": {
    "mean": 2.4199063777923584,
    "lo": 2.4199063777923584,
    "hi": 2.4199063777923584,
    "stderr": 0.0,
    "n": 500
  },
  "mix.kl_pu": {
    "mean": 1.7389938831329346,
    "lo": 1.7389938831329346,
    "hi": 1.7389938831329346,
    "stderr": 0.0,
    "n": 500
  },
  "target.success": {
    "mean": 6.504472475314166e-27,
    "lo": 6.504472475314166e-27,
    "hi": 6.504472475314166e-27,
    "stderr": 0.0,
    "n": 500
  },
  "target.maxp": {
    "mean": 0.23876161873340607,
    "lo": 0.23876161873340607,
    "hi": 0.23876161873340607,
    "stderr": 0.0,
    "n": 500
  },
  "target.gini": {
    "mean": 0.8647449016571045,
    "lo": 0.8647449016571045,
    "hi": 0.8647449016571045,
    "stderr": 0.0,
    "n": 500
  },
  "target.tv_vsU": {
    "mean": 0.7462527751922607,
    "lo": 0.7462527751922607,
    "hi": 0.7462527751922607,
    "stderr": 0.0,
    "n": 500
  },
  "target.js_vsU": {
    "mean": 0.40688470005989075,
    "lo": 0.40688470005989075,
    "hi": 0.40688470005989075,
    "stderr": 0.0,
    "n": 500
  },
  "target.H": {
    "mean": 2.4199063777923584,
    "lo": 2.4199063777923584,
    "hi": 2.4199063777923584,
    "stderr": 0.0,
    "n": 500
  },
  "target.KLpU": {
    "mean": 1.7389938831329346,
    "lo": 1.7389938831329346,
    "hi": 1.7389938831329346,
    "stderr": 0.0,
    "n": 500
  },
  "target.cvar_neglogOmega": {
    "mean": 18.42068099975586,
    "lo": 18.42068099975586,
    "hi": 18.42068099975586,
    "stderr": 0.0,
    "n": 500
  }
}