{
  "mix.tv": {
    "mean": 0.8124254941940308,
    "lo": 0.8124254941940308,
    "hi": 0.8124254941940308,
    "stderr": 0.0,
    "n": 500
  },
  "mix.js": {
    "mean": 0.4496437907218933,
    "lo": 0.4496437907218933,
    "hi": 0.4496437907218933,
    "stderr": 0.0,
    "n": 500
  },
  "mix.hell": {
    "mean": 0.7662335634231567,
    "lo": 0.7662335634231567,
    "hi": 0.7662335634231567,
    "stderr": 0.0,
    "n": 500
  },
  "mix.l2": {
    "mean": 0.32751917839050293,
    "lo": 0.32751917839050293,
    "hi": 0.32751917839050293,
    "stderr": 0.0,
    "n": 500
  },
  "mix.H": {
    "mean": 2.2820615768432617,
    "lo": 2.2820615768432617,
    "hi": 2.2820615768432617,
    "stderr": 0.0,
    "n": 500
  },
  "mix.kl_pu": {
    "mean": 1.8768426179885864,
    "lo": 1.8768426179885864,
    "hi": 1.8768426179885864,
    "stderr": 0.0,
    "n": 500
  },
  "target.success": {
    "mean": 0.0,
    "lo": 0.0,
    "hi": 0.0,
    "stderr": 0.0,
    "n": 500
  },
  "target.maxp": {
    "mean": 0.2356809377670288,
    "lo": 0.2356809377670288,
    "hi": 0.2356809377670288,
    "stderr": 0.0,
    "n": 500
  },
  "target.gini": {
    "mean": 0.8756218552589417,
    "lo": 0.8756218552589417,
    "hi": 0.8756218552589417,
    "stderr": 0.0,
    "n": 500
  },
  "target.tv_vsU": {
    "mean": 0.8124254941940308,
    "lo": 0.8124254941940308,
    "hi": 0.8124254941940308,
    "stderr": 0.0,
    "n": 500
  },
  "target.js_vsU": {
    "mean": 0.4496437907218933,
    "lo": 0.4496437907218933,
    "hi": 0.4496437907218933,
    "stderr": 0.0,
    "n": 500
  },
  "target.H": {
    "mean": 2.2820615768432617,
    "lo": 2.2820615768432617,
    "hi": 2.2820615768432617,
    "stderr": 0.0,
    "n": 500
  },
  "target.KLpU": {
    "mean": 1.8768426179885864,
    "lo": 1.8768426179885864,
    "hi": 1.8768426179885864,
    "stderr": 0.0,
    "n": 500
  },
  "target.cvar_neglogOmega": {
    "mean": 18.42068099975586,
    "lo": 18.42068099975586,
    "hi": 18.42068099975586,
    "stderr": 0.0,
    "n": 500
  }
}