{
  "mix.tv": {
    "mean": 0.5326706171035767,
    "lo": 0.5326706171035767,
    "hi": 0.5326706171035767,
    "stderr": 0.0,
    "n": 500
  },
  "mix.js": {
    "mean": 0.24169306457042694,
    "lo": 0.24169306457042694,
    "hi": 0.24169306457042694,
    "stderr": 0.0,
    "n": 500
  },
  "mix.hell": {
    "mean": 0.5660168528556824,
    "lo": 0.5660168528556824,
    "hi": 0.5660168528556824,
    "stderr": 0.0,
    "n": 500
  },
  "mix.l2": {
    "mean": 0.15867677330970764,
    "lo": 0.15867677330970764,
    "hi": 0.15867677330970764,
    "stderr": 0.0,
    "n": 500
  },
  "mix.H": {
    "mean": 3.316514253616333,
    "lo": 3.316514253616333,
    "hi": 3.316514253616333,
    "stderr": 0.0,
    "n": 500
  },
  "mix.kl_pu": {
    "mean": 0.8423819541931152,
    "lo": 0.8423819541931152,
    "hi": 0.8423819541931152,
    "stderr": 0.0,
    "n": 500
  }
}