{
  "mix.tv": {
    "mean": 0.9219042062759399,
    "lo": 0.9219042062759399,
    "hi": 0.9219042062759399,
    "stderr": 0.0,
    "n": 500
  },
  "mix.js": {
    "mean": 0.5751639604568481,
    "lo": 0.5751639604568481,
    "hi": 0.5751639604568481,
    "stderr": 0.0,
    "n": 500
  },
  "mix.hell": {
    "mean": 0.8709513545036316,
    "lo": 0.8709513545036316,
    "hi": 0.8709513545036316,
    "stderr": 0.0,
    "n": 500
  },
  "mix.l2": {
    "mean": 0.6780804395675659,
    "lo": 0.6780804395675659,
    "hi": 0.6780804395675659,
    "stderr": 0.0,
    "n": 500
  },
  "mix.H": {
    "mean": 1.039932131767273,
    "lo": 1.039932131767273,
    "hi": 1.039932131767273,
    "stderr": 0.0,
    "n": 500
  },
  "mix.kl_pu": {
    "mean": 3.118973970413208,
    "lo": 3.118973970413208,
    "hi": 3.118973970413208,
    "stderr": 0.0,
    "n": 500
  },
  "target.success": {
    "mean": 0.0,
    "lo": 0.0,
    "hi": 0.0,
    "stderr": 0.0,
    "n": 500
  },
  "target.maxp": {
    "mean": 0.659367024898529,
    "lo": 0.659367024898529,
    "hi": 0.659367024898529,
    "stderr": 0.0,
    "n": 500
  },
  "target.gini": {
    "mean": 0.9652794003486633,
    "lo": 0.9652794003486633,
    "hi": 0.9652794003486633,
    "stderr": 0.0,
    "n": 500
  },
  "target.tv_vsU": {
    "mean": 0.9219042062759399,
    "lo": 0.9219042062759399,
    "hi": 0.9219042062759399,
    "stderr": 0.0,
    "n": 500
  },
  "target.js_vsU": {
    "mean": 0.5751639604568481,
    "lo": 0.5751639604568481,
    "hi": 0.5751639604568481,
    "stderr": 0.0,
    "n": 500
  },
  "target.H": {
    "mean": 1.039932131767273,
    "lo": 1.039932131767273,
    "hi": 1.039932131767273,
    "stderr": 0.0,
    "n": 500
  },
  "target.KLpU": {
    "mean": 3.118973970413208,
    "lo": 3.118973970413208,
    "hi": 3.118973970413208,
    "stderr": 0.0,
    "n": 500
  },
  "target.cvar_neglogOmega": {
    "mean": 18.42068099975586,
    "lo": 18.42068099975586,
    "hi": 18.42068099975586,
    "stderr": 0.0,
    "n": 500
  }
}