{
  "mix.tv": {
    "mean": 0.3461061120033264,
    "lo": 0.3461061120033264,
    "hi": 0.3461061120033264,
    "stderr": 0.0,
    "n": 640
  },
  "mix.js": {
    "mean": 0.09365807473659515,
    "lo": 0.09365807473659515,
    "hi": 0.09365807473659515,
    "stderr": 0.0,
    "n": 640
  },
  "mix.hell": {
    "mean": 0.3125048577785492,
    "lo": 0.3125048577785492,
    "hi": 0.3125048577785492,
    "stderr": 0.0,
    "n": 640
  },
  "mix.l2": {
    "mean": 0.1300714910030365,
    "lo": 0.1300714910030365,
    "hi": 0.1300714910030365,
    "stderr": 0.0,
    "n": 640
  },
  "mix.H": {
    "mean": 3.7569994926452637,
    "lo": 3.7569994926452637,
    "hi": 3.7569994926452637,
    "stderr": 0.0,
    "n": 640
  },
  "mix.kl_pu": {
    "mean": 0.401883602142334,
    "lo": 0.401883602142334,
    "hi": 0.401883602142334,
    "stderr": 0.0,
    "n": 640
  },
  "target.success": {
    "mean": 0.010464903898537159,
    "lo": 0.010464903898537159,
    "hi": 0.010464903898537159,
    "stderr": 0.0,
    "n": 640
  },
  "target.maxp": {
    "mean": 0.07342491298913956,
    "lo": 0.07342491298913956,
    "hi": 0.07342491298913956,
    "stderr": 0.0,
    "n": 640
  },
  "target.gini": {
    "mean": 0.47709861397743225,
    "lo": 0.47709861397743225,
    "hi": 0.47709861397743225,
    "stderr": 0.0,
    "n": 640
  },
  "target.tv_vsU": {
    "mean": 0.3461061120033264,
    "lo": 0.3461061120033264,
    "hi": 0.3461061120033264,
    "stderr": 0.0,
    "n": 640
  },
  "target.js_vsU": {
    "mean": 0.09365807473659515,
    "lo": 0.09365807473659515,
    "hi": 0.09365807473659515,
    "stderr": 0.0,
    "n": 640
  },
  "target.H": {
    "mean": 3.7569994926452637,
    "lo": 3.7569994926452637,
    "hi": 3.7569994926452637,
    "stderr": 0.0,
    "n": 640
  },
  "target.KLpU": {
    "mean": 0.401883602142334,
    "lo": 0.401883602142334,
    "hi": 0.401883602142334,
    "stderr": 0.0,
    "n": 640
  },
  "target.cvar_neglogOmega": {
    "mean": 4.559728145599365,
    "lo": 4.559728145599365,
    "hi": 4.559728145599365,
    "stderr": 0.0,
    "n": 640
  }
}
