{"mix.tv": {"mean": 0.5785379409790039, "lo": 0.5785379409790039, "hi": 0.5785379409790039, "stderr": 0.0, "n": 10}, "mix.js": {"mean": 0.28555601835250854, "lo": 0.28555601835250854, "hi": 0.28555601835250854, "stderr": 0.0, "n": 10}, "mix.hell": {"mean": 0.6074880957603455, "lo": 0.6074880957603455, "hi": 0.6074880957603455, "stderr": 0.0, "n": 10}, "mix.l2": {"mean": 0.22886282205581665, "lo": 0.22886282205581665, "hi": 0.22886282205581665, "stderr": 0.0, "n": 10}, "mix.H": {"mean": 3.021430492401123, "lo": 3.021430492401123, "hi": 3.021430492401123, "stderr": 0.0, "n": 10}, "mix.kl_pu": {"mean": 1.1374658346176147, "lo": 1.1374658346176147, "hi": 1.1374658346176147, "stderr": 0.0, "n": 10}, "target.success": {"mean": 0.016980829608928615, "lo": 0.016208110801556302, "hi": 0.01775354841630093, "stderr": 0.00034158493497303994, "n": 10}, "target.maxp": {"mean": 0.1615545153617859, "lo": 0.1615545153617859, "hi": 0.1615545153617859, "stderr": 0.0, "n": 10}, "target.gini": {"mean": 0.7504634857177734, "lo": 0.7504634857177734, "hi": 0.7504634857177734, "stderr": 0.0, "n": 10}, "target.tv_vsU": {"mean": 0.5785379409790039, "lo": 0.5785379409790039, "hi": 0.5785379409790039, "stderr": 0.0, "n": 10}, "target.js_vsU": {"mean": 0.28555601835250854, "lo": 0.28555601835250854, "hi": 0.28555601835250854, "stderr": 0.0, "n": 10}, "target.H": {"mean": 3.021430492401123, "lo": 3.021430492401123, "hi": 3.021430492401123, "stderr": 0.0, "n": 10}, "target.KLpU": {"mean": 1.1374658346176147, "lo": 1.1374658346176147, "hi": 1.1374658346176147, "stderr": 0.0, "n": 10}, "target.cvar_neglogOmega": {"mean": 10.792878501676023, "lo": 10.507184675349357, "hi": 11.07857232800269, "stderr": 0.12629265155309313, "n": 10}}