{"mix.tv": {"mean": 0.7516172885894775, "lo": 0.7336428023874759, "hi": 0.7700101129710675, "stderr": 0.009390582164688265, "n": 10}, "mix.js": {"mean": 0.3998937726020813, "lo": 0.385719418823719, "hi": 0.4144917582720518, "stderr": 0.0074512755310934126, "n": 10}, "mix.hell": {"mean": 0.7087490558624268, "lo": 0.6961666195094586, "hi": 0.7220041941106319, "stderr": 0.00669214611095006, "n": 10}, "mix.l2": {"mean": 0.35771252810955045, "lo": 0.32800499521195886, "hi": 0.38471709221601486, "stderr": 0.014652783689940318, "n": 10}, "mix.H": {"mean": 2.328773021697998, "lo": 2.2273738884925844, "hi": 2.448716614842415, "stderr": 0.057753216419519776, "n": 10}, "mix.kl_pu": {"mean": 1.8301234722137452, "lo": 1.7137676307559013, "hi": 1.9389241313934327, "stderr": 0.05864759014031368, "n": 10}, "target.success": {"mean": 0.0, "lo": 0.0, "hi": 0.0, "stderr": 0.0, "n": 10}, "target.maxp": {"mean": 0.2372068092226982, "lo": 0.20286107871681452, "hi": 0.27040690679103135, "stderr": 0.01742624141462986, "n": 10}, "target.gini": {"mean": 0.8749177932739258, "lo": 0.861510569602251, "hi": 0.8873885762691497, "stderr": 0.006729391637673086, "n": 10}, "target.tv_vsU": {"mean": 0.7516172885894775, "lo": 0.7330354911088944, "hi": 0.7697140356898308, "stderr": 0.009559889039292384, "n": 10}, "target.js_vsU": {"mean": 0.3998937726020813, "lo": 0.3849711944162845, "hi": 0.41518524572253224, "stderr": 0.007635814229138538, "n": 10}, "target.H": {"mean": 2.328773021697998, "lo": 2.2227759456634524, "hi": 2.447524348497391, "stderr": 0.05743578174246019, "n": 10}, "target.KLpU": {"mean": 1.8301234722137452, "lo": 1.699459401369095, "hi": 1.9381676906347276, "stderr": 0.059586260711197825, "n": 10}, "target.cvar_neglogOmega": {"mean": 18.42068099975586, "lo": 18.42068099975586, "hi": 18.42068099975586, "stderr": 0.0, "n": 10}}