{"mix.tv": {"mean": 0.6780295968055725, "lo": 0.6780295968055725, "hi": 0.6780295968055725, "stderr": 0.0, "n": 2560}, "mix.js": {"mean": 0.3347263038158417, "lo": 0.3347263038158417, "hi": 0.3347263038158417, "stderr": 0.0, "n": 2560}, "mix.hell": {"mean": 0.6511560082435608, "lo": 0.6511560082435608, "hi": 0.6511560082435608, "stderr": 0.0, "n": 2560}, "mix.l2": {"mean": 0.2667631506919861, "lo": 0.2667631506919861, "hi": 0.2667631506919861, "stderr": 0.0, "n": 2560}, "mix.H": {"mean": 2.7758405208587646, "lo": 2.7758405208587646, "hi": 2.7758405208587646, "stderr": 0.0, "n": 2560}, "mix.kl_pu": {"mean": 1.3830559253692627, "lo": 1.3830559253692627, "hi": 1.3830559253692627, "stderr": 0.0, "n": 2560}}