{
  "mix.tv": {
    "mean": 0.682624101638794,
    "lo": 0.682624101638794,
    "hi": 0.682624101638794,
    "stderr": 0.0,
    "n": 500
  },
  "mix.js": {
    "mean": 0.3467857241630554,
    "lo": 0.3467857241630554,
    "hi": 0.3467857241630554,
    "stderr": 0.0,
    "n": 500
  },
  "mix.hell": {
    "mean": 0.6623528003692627,
    "lo": 0.6623528003692627,
    "hi": 0.6623528003692627,
    "stderr": 0.0,
    "n": 500
  },
  "mix.l2": {
    "mean": 0.3164432942867279,
    "lo": 0.3164432942867279,
    "hi": 0.3164432942867279,
    "stderr": 0.0,
    "n": 500
  },
  "mix.H": {
    "mean": 2.6157584190368652,
    "lo": 2.6157584190368652,
    "hi": 2.6157584190368652,
    "stderr": 0.0,
    "n": 500
  },
  "mix.kl_pu": {
    "mean": 1.543137788772583,
    "lo": 1.543137788772583,
    "hi": 1.543137788772583,
    "stderr": 0.0,
    "n": 500
  },
  "target.success": {
    "mean": 0.014788350211456419,
    "lo": 0.011424299540778156,
    "hi": 0.018656898364890366,
    "stderr": 0.0018261501448255824,
    "n": 500
  },
  "target.maxp": {
    "mean": 0.23795731365680695,
    "lo": 0.23795731365680695,
    "hi": 0.23795731365680695,
    "stderr": 0.0,
    "n": 500
  },
  "target.gini": {
    "mean": 0.8345359563827515,
    "lo": 0.8345359563827515,
    "hi": 0.8345359563827515,
    "stderr": 0.0,
    "n": 500
  },
  "target.tv_vsU": {
    "mean": 0.682624101638794,
    "lo": 0.682624101638794,
    "hi": 0.682624101638794,
    "stderr": 0.0,
    "n": 500
  },
  "target.js_vsU": {
    "mean": 0.3467857241630554,
    "lo": 0.3467857241630554,
    "hi": 0.3467857241630554,
    "stderr": 0.0,
    "n": 500
  },
  "target.H": {
    "mean": 2.6157584190368652,
    "lo": 2.6157584190368652,
    "hi": 2.6157584190368652,
    "stderr": 0.0,
    "n": 500
  },
  "target.KLpU": {
    "mean": 1.543137788772583,
    "lo": 1.543137788772583,
    "hi": 1.543137788772583,
    "stderr": 0.0,
    "n": 500
  },
  "target.cvar_neglogOmega": {
    "mean": 11.779752083778382,
    "lo": 11.107734835106134,
    "hi": 12.367961235332489,
    "stderr": 0.3210704024319834,
    "n": 500
  }
}