{"mix.tv": {"mean": 0.5854961276054382, "lo": 0.5854961276054382, "hi": 0.5854961276054382, "stderr": 0.0, "n": 10}, "mix.js": {"mean": 0.2765536606311798, "lo": 0.2765536606311798, "hi": 0.2765536606311798, "stderr": 0.0, "n": 10}, "mix.hell": {"mean": 0.5989519357681274, "lo": 0.5989519357681274, "hi": 0.5989519357681274, "stderr": 0.0, "n": 10}, "mix.l2": {"mean": 0.2115005999803543, "lo": 0.2115005999803543, "hi": 0.2115005999803543, "stderr": 0.0, "n": 10}, "mix.H": {"mean": 3.0977706909179688, "lo": 3.0977706909179688, "hi": 3.0977706909179688, "stderr": 0.0, "n": 10}, "mix.kl_pu": {"mean": 1.061125636100769, "lo": 1.061125636100769, "hi": 1.061125636100769, "stderr": 0.0, "n": 10}, "target.success": {"mean": 0.015061980441350898, "lo": 0.01402886549334696, "hi": 0.016095095389354837, "stderr": 0.00045669459441999435, "n": 10}, "target.maxp": {"mean": 0.15648972988128662, "lo": 0.15648972988128662, "hi": 0.15648972988128662, "stderr": 0.0, "n": 10}, "target.gini": {"mean": 0.7315090894699097, "lo": 0.7315090894699097, "hi": 0.7315090894699097, "stderr": 0.0, "n": 10}, "target.tv_vsU": {"mean": 0.5854961276054382, "lo": 0.5854961276054382, "hi": 0.5854961276054382, "stderr": 0.0, "n": 10}, "target.js_vsU": {"mean": 0.2765536606311798, "lo": 0.2765536606311798, "hi": 0.2765536606311798, "stderr": 0.0, "n": 10}, "target.H": {"mean": 3.0977706909179688, "lo": 3.0977706909179688, "hi": 3.0977706909179688, "stderr": 0.0, "n": 10}, "target.KLpU": {"mean": 1.061125636100769, "lo": 1.061125636100769, "hi": 1.061125636100769, "stderr": 0.0, "n": 10}, "target.cvar_neglogOmega": {"mean": 11.085811177361757, "lo": 10.79316031578117, "hi": 11.378462038942343, "stderr": 0.12936805027788523, "n": 10}}