{"mix.tv": {"mean": 0.46096697449684143, "lo": 0.46096697449684143, "hi": 0.46096697449684143, "stderr": 0.0, "n": 10}, "mix.js": {"mean": 0.15275642275810242, "lo": 0.15275642275810242, "hi": 0.15275642275810242, "stderr": 0.0, "n": 10}, "mix.hell": {"mean": 0.4038892984390259, "lo": 0.4038892984390259, "hi": 0.4038892984390259, "stderr": 0.0, "n": 10}, "mix.l2": {"mean": 0.16706323623657227, "lo": 0.16706323623657227, "hi": 0.16706323623657227, "stderr": 0.0, "n": 10}, "mix.H": {"mean": 3.51723575592041, "lo": 3.51723575592041, "hi": 3.51723575592041, "stderr": 0.0, "n": 10}, "mix.kl_pu": {"mean": 0.6416478157043457, "lo": 0.6416478157043457, "hi": 0.6416478157043457, "stderr": 0.0, "n": 10}, "target.success": {"mean": 0.012377940118312836, "lo": 0.012377940118312836, "hi": 0.012377940118312836, "stderr": 0.0, "n": 10}, "target.maxp": {"mean": 0.11387181282043457, "lo": 0.11387181282043457, "hi": 0.11387181282043457, "stderr": 0.0, "n": 10}, "target.gini": {"mean": 0.6016520261764526, "lo": 0.6016520261764526, "hi": 0.6016520261764526, "stderr": 0.0, "n": 10}, "target.tv_vsU": {"mean": 0.46096697449684143, "lo": 0.46096697449684143, "hi": 0.46096697449684143, "stderr": 0.0, "n": 10}, "target.js_vsU": {"mean": 0.15275642275810242, "lo": 0.15275642275810242, "hi": 0.15275642275810242, "stderr": 0.0, "n": 10}, "target.H": {"mean": 3.51723575592041, "lo": 3.51723575592041, "hi": 3.51723575592041, "stderr": 0.0, "n": 10}, "target.KLpU": {"mean": 0.6416478157043457, "lo": 0.6416478157043457, "hi": 0.6416478157043457, "stderr": 0.0, "n": 10}, "target.cvar_neglogOmega": {"mean": 4.391839504241943, "lo": 4.391839504241943, "hi": 4.391839504241943, "stderr": 0.0, "n": 10}}