{
  "mix.tv": {
    "mean": 0.08089127433300018,
    "lo": 0.08084836898520589,
    "hi": 0.08093975315764547,
    "stderr": 2.3542895481535013e-05,
    "n": 500
  },
  "mix.js": {
    "mean": 0.004408603829331696,
    "lo": 0.004400200786022469,
    "hi": 0.004416576515347697,
    "stderr": 4.3276043580403135e-06,
    "n": 500
  },
  "mix.hell": {
    "mean": 0.06649558834731578,
    "lo": 0.06643532597348094,
    "hi": 0.06655565611608327,
    "stderr": 3.127452760427666e-05,
    "n": 500
  },
  "mix.l2": {
    "mean": 0.022286274679005146,
    "lo": 0.022268596089538188,
    "hi": 0.022305063621886074,
    "stderr": 9.378186169334386e-06,
    "n": 500
  },
  "mix.H": {
    "mean": 4.141883862495423,
    "lo": 4.141853562116623,
    "hi": 4.141913878846169,
    "stderr": 1.5857062670211127e-05,
    "n": 500
  },
  "mix.kl_pu": {
    "mean": 0.016999029941856862,
    "lo": 0.01696815345939249,
    "hi": 0.017030604062322527,
    "stderr": 1.587929025360414e-05,
    "n": 500
  },
  "target.success": {
    "mean": 0.015475766187533737,
    "lo": 0.015201189663633704,
    "hi": 0.0157162028927356,
    "stderr": 0.0001266624170293764,
    "n": 500
  },
  "target.maxp": {
    "mean": 0.0178571417927742,
    "lo": 0.0178571417927742,
    "hi": 0.0178571417927742,
    "stderr": 0.0,
    "n": 500
  },
  "target.gini": {
    "mean": 0.08997503077983857,
    "lo": 0.08991492501944304,
    "hi": 0.09003874263018369,
    "stderr": 3.118631093893714e-05,
    "n": 500
  },
  "target.tv_vsU": {
    "mean": 0.08089127433300018,
    "lo": 0.08084758720472454,
    "hi": 0.08093851207382977,
    "stderr": 2.3525921732895127e-05,
    "n": 500
  },
  "target.js_vsU": {
    "mean": 0.004408603829331696,
    "lo": 0.004399674422154203,
    "hi": 0.004416804264998063,
    "stderr": 4.251867770746098e-06,
    "n": 500
  },
  "target.H": {
    "mean": 4.141883862495423,
    "lo": 4.141851032280922,
    "hi": 4.141913952851295,
    "stderr": 1.590392506867045e-05,
    "n": 500
  },
  "target.KLpU": {
    "mean": 0.016999029941856862,
    "lo": 0.016968086186330764,
    "hi": 0.01702933086734265,
    "stderr": 1.586704631699878e-05,
    "n": 500
  },
  "target.cvar_neglogOmega": {
    "mean": 4.188716270446777,
    "lo": 4.171393176555634,
    "hi": 4.206971645212173,
    "stderr": 0.009180146791778459,
    "n": 500
  }
}