{
  "mix.tv": {
    "mean": 0.598601222038269,
    "lo": 0.598601222038269,
    "hi": 0.598601222038269,
    "stderr": 0.0,
    "n": 500
  },
  "mix.js": {
    "mean": 0.2854163646697998,
    "lo": 0.2854163646697998,
    "hi": 0.2854163646697998,
    "stderr": 0.0,
    "n": 500
  },
  "mix.hell": {
    "mean": 0.6065645813941956,
    "lo": 0.6065645813941956,
    "hi": 0.6065645813941956,
    "stderr": 0.0,
    "n": 500
  },
  "mix.l2": {
    "mean": 0.20697015523910522,
    "lo": 0.20697015523910522,
    "hi": 0.20697015523910522,
    "stderr": 0.0,
    "n": 500
  },
  "mix.H": {
    "mean": 3.072892665863037,
    "lo": 3.072892665863037,
    "hi": 3.072892665863037,
    "stderr": 0.0,
    "n": 500
  },
  "mix.kl_pu": {
    "mean": 1.0860034227371216,
    "lo": 1.0860034227371216,
    "hi": 1.0860034227371216,
    "stderr": 0.0,
    "n": 500
  },
  "target.success": {
    "mean": 0.014629352659918368,
    "lo": 0.012557807381660678,
    "hi": 0.01668104395485716,
    "stderr": 0.0010645825734696406,
    "n": 500
  },
  "target.maxp": {
    "mean": 0.11869817972183228,
    "lo": 0.11869817972183228,
    "hi": 0.11869817972183228,
    "stderr": 0.0,
    "n": 500
  },
  "target.gini": {
    "mean": 0.7413334846496582,
    "lo": 0.7413334846496582,
    "hi": 0.7413334846496582,
    "stderr": 0.0,
    "n": 500
  },
  "target.tv_vsU": {
    "mean": 0.598601222038269,
    "lo": 0.598601222038269,
    "hi": 0.598601222038269,
    "stderr": 0.0,
    "n": 500
  },
  "target.js_vsU": {
    "mean": 0.2854163646697998,
    "lo": 0.2854163646697998,
    "hi": 0.2854163646697998,
    "stderr": 0.0,
    "n": 500
  },
  "target.H": {
    "mean": 3.072892665863037,
    "lo": 3.072892665863037,
    "hi": 3.072892665863037,
    "stderr": 0.0,
    "n": 500
  },
  "target.KLpU": {
    "mean": 1.0860034227371216,
    "lo": 1.0860034227371216,
    "hi": 1.0860034227371216,
    "stderr": 0.0,
    "n": 500
  },
  "target.cvar_neglogOmega": {
    "mean": 11.653931002140045,
    "lo": 11.008460509622097,
    "hi": 12.305498247671126,
    "stderr": 0.33887627540738274,
    "n": 500
  }
}