{"mix.tv": {"mean": 0.5569488406181335, "lo": 0.5569488406181335, "hi": 0.5569488406181335, "stderr": 0.0, "n": 2560}, "mix.js": {"mean": 0.25770992040634155, "lo": 0.25770992040634155, "hi": 0.25770992040634155, "stderr": 0.0, "n": 2560}, "mix.hell": {"mean": 0.5809960961341858, "lo": 0.5809960961341858, "hi": 0.5809960961341858, "stderr": 0.0, "n": 2560}, "mix.l2": {"mean": 0.17588745057582855, "lo": 0.17588745057582855, "hi": 0.17588745057582855, "stderr": 0.0, "n": 2560}, "mix.H": {"mean": 3.2282779216766357, "lo": 3.2282779216766357, "hi": 3.2282779216766357, "stderr": 0.0, "n": 2560}, "mix.kl_pu": {"mean": 0.9306181073188782, "lo": 0.9306181073188782, "hi": 0.9306181073188782, "stderr": 0.0, "n": 2560}, "target.success": {"mean": 0.015971220219034875, "lo": 0.015134504642476258, "hi": 0.016842869458134825, "stderr": 0.00042994440702665514, "n": 2560}, "target.maxp": {"mean": 0.08660662174224854, "lo": 0.08660662174224854, "hi": 0.08660662174224854, "stderr": 0.0, "n": 2560}, "target.gini": {"mean": 0.6908956170082092, "lo": 0.6908956170082092, "hi": 0.6908956170082092, "stderr": 0.0, "n": 2560}, "target.tv_vsU": {"mean": 0.5569488406181335, "lo": 0.5569488406181335, "hi": 0.5569488406181335, "stderr": 0.0, "n": 2560}, "target.js_vsU": {"mean": 0.25770992040634155, "lo": 0.25770992040634155, "hi": 0.25770992040634155, "stderr": 0.0, "n": 2560}, "target.H": {"mean": 3.2282779216766357, "lo": 3.2282779216766357, "hi": 3.2282779216766357, "stderr": 0.0, "n": 2560}, "target.KLpU": {"mean": 0.9306181073188782, "lo": 0.9306181073188782, "hi": 0.9306181073188782, "stderr": 0.0, "n": 2560}, "target.cvar_neglogOmega": {"mean": 10.957017598394305, "lo": 10.666683630130718, "hi": 11.242562120102813, "stderr": 0.14989708687865463, "n": 2560}}