{
  "mix.tv": {
    "mean": 0.2590138018131256,
    "lo": 0.2590138018131256,
    "hi": 0.2590138018131256,
    "stderr": 0.0,
    "n": 16
  },
  "mix.js": {
    "mean": 0.05663600191473961,
    "lo": 0.05663600191473961,
    "hi": 0.05663600191473961,
    "stderr": 0.0,
    "n": 16
  },
  "mix.hell": {
    "mean": 0.2415105402469635,
    "lo": 0.2415105402469635,
    "hi": 0.2415105402469635,
    "stderr": 0.0,
    "n": 16
  },
  "mix.l2": {
    "mean": 0.10129239410161972,
    "lo": 0.10129239410161972,
    "hi": 0.10129239410161972,
    "stderr": 0.0,
    "n": 16
  },
  "mix.H": {
    "mean": 3.9143948554992676,
    "lo": 3.9143948554992676,
    "hi": 3.9143948554992676,
    "stderr": 0.0,
    "n": 16
  },
  "mix.kl_pu": {
    "mean": 0.2444881647825241,
    "lo": 0.2444881647825241,
    "hi": 0.2444881647825241,
    "stderr": 0.0,
    "n": 16
  },
  "target.success": {
    "mean": 0.08347325772047043,
    "lo": 0.08347325772047043,
    "hi": 0.08347325772047043,
    "stderr": 0.0,
    "n": 16
  },
  "target.maxp": {
    "mean": 0.08347325772047043,
    "lo": 0.08347325772047043,
    "hi": 0.08347325772047043,
    "stderr": 0.0,
    "n": 16
  },
  "target.gini": {
    "mean": 0.37011897563934326,
    "lo": 0.37011897563934326,
    "hi": 0.37011897563934326,
    "stderr": 0.0,
    "n": 16
  },
  "target.tv_vsU": {
    "mean": 0.2590138018131256,
    "lo": 0.2590138018131256,
    "hi": 0.2590138018131256,
    "stderr": 0.0,
    "n": 16
  },
  "target.js_vsU": {
    "mean": 0.05663600191473961,
    "lo": 0.05663600191473961,
    "hi": 0.05663600191473961,
    "stderr": 0.0,
    "n": 16
  },
  "target.H": {
    "mean": 3.9143948554992676,
    "lo": 3.9143948554992676,
    "hi": 3.9143948554992676,
    "stderr": 0.0,
    "n": 16
  },
  "target.KLpU": {
    "mean": 0.2444881647825241,
    "lo": 0.2444881647825241,
    "hi": 0.2444881647825241,
    "stderr": 0.0,
    "n": 16
  },
  "target.cvar_neglogOmega": {
    "mean": 2.483228921890259,
    "lo": 2.483228921890259,
    "hi": 2.483228921890259,
    "stderr": 0.0,
    "n": 16
  }
}