{"mix.tv": {"mean": 0.5785379409790039, "lo": 0.5785379409790039, "hi": 0.5785379409790039, "stderr": 0.0, "n": 2560}, "mix.js": {"mean": 0.28555601835250854, "lo": 0.28555601835250854, "hi": 0.28555601835250854, "stderr": 0.0, "n": 2560}, "mix.hell": {"mean": 0.6074880957603455, "lo": 0.6074880957603455, "hi": 0.6074880957603455, "stderr": 0.0, "n": 2560}, "mix.l2": {"mean": 0.22886282205581665, "lo": 0.22886282205581665, "hi": 0.22886282205581665, "stderr": 0.0, "n": 2560}, "mix.H": {"mean": 3.021430492401123, "lo": 3.021430492401123, "hi": 3.021430492401123, "stderr": 0.0, "n": 2560}, "mix.kl_pu": {"mean": 1.1374658346176147, "lo": 1.1374658346176147, "hi": 1.1374658346176147, "stderr": 0.0, "n": 2560}, "target.success": {"mean": 0.016980829608928615, "lo": 0.015888088503159, "hi": 0.018154508513500787, "stderr": 0.0005885626933117958, "n": 2560}, "target.maxp": {"mean": 0.1615545153617859, "lo": 0.1615545153617859, "hi": 0.1615545153617859, "stderr": 0.0, "n": 2560}, "target.gini": {"mean": 0.7504634857177734, "lo": 0.7504634857177734, "hi": 0.7504634857177734, "stderr": 0.0, "n": 2560}, "target.tv_vsU": {"mean": 0.5785379409790039, "lo": 0.5785379409790039, "hi": 0.5785379409790039, "stderr": 0.0, "n": 2560}, "target.js_vsU": {"mean": 0.28555601835250854, "lo": 0.28555601835250854, "hi": 0.28555601835250854, "stderr": 0.0, "n": 2560}, "target.H": {"mean": 3.021430492401123, "lo": 3.021430492401123, "hi": 3.021430492401123, "stderr": 0.0, "n": 2560}, "target.KLpU": {"mean": 1.1374658346176147, "lo": 1.1374658346176147, "hi": 1.1374658346176147, "stderr": 0.0, "n": 2560}, "target.cvar_neglogOmega": {"mean": 10.792878501676023, "lo": 10.497595863766037, "hi": 11.083952163809446, "stderr": 0.14841741165191857, "n": 2560}}