{"mix.tv": {"mean": 0.2919207811355591, "lo": 0.2919207811355591, "hi": 0.2919207811355591, "stderr": 0.0, "n": 10}, "mix.js": {"mean": 0.06317796558141708, "lo": 0.06317796558141708, "hi": 0.06317796558141708, "stderr": 0.0, "n": 10}, "mix.hell": {"mean": 0.255046010017395, "lo": 0.255046010017395, "hi": 0.255046010017395, "stderr": 0.0, "n": 10}, "mix.l2": {"mean": 0.10245468467473984, "lo": 0.10245468467473984, "hi": 0.10245468467473984, "stderr": 0.0, "n": 10}, "mix.H": {"mean": 3.890817403793335, "lo": 3.890817403793335, "hi": 3.890817403793335, "stderr": 0.0, "n": 10}, "mix.kl_pu": {"mean": 0.2680653929710388, "lo": 0.2680653929710388, "hi": 0.2680653929710388, "stderr": 0.0, "n": 10}, "target.success": {"mean": 0.022945092990994453, "lo": 0.022945092990994453, "hi": 0.022945092990994453, "stderr": 0.0, "n": 10}, "target.maxp": {"mean": 0.0636712908744812, "lo": 0.0636712908744812, "hi": 0.0636712908744812, "stderr": 0.0, "n": 10}, "target.gini": {"mean": 0.3954275846481323, "lo": 0.3954275846481323, "hi": 0.3954275846481323, "stderr": 0.0, "n": 10}, "target.tv_vsU": {"mean": 0.2919207811355591, "lo": 0.2919207811355591, "hi": 0.2919207811355591, "stderr": 0.0, "n": 10}, "target.js_vsU": {"mean": 0.06317796558141708, "lo": 0.06317796558141708, "hi": 0.06317796558141708, "stderr": 0.0, "n": 10}, "target.H": {"mean": 3.890817403793335, "lo": 3.890817403793335, "hi": 3.890817403793335, "stderr": 0.0, "n": 10}, "target.KLpU": {"mean": 0.2680653929710388, "lo": 0.2680653929710388, "hi": 0.2680653929710388, "stderr": 0.0, "n": 10}, "target.cvar_neglogOmega": {"mean": 3.774651288986206, "lo": 3.774651288986206, "hi": 3.774651288986206, "stderr": 0.0, "n": 10}}