{
  "mix.tv": {
    "mean": 0.9457041025161743,
    "lo": 0.9457041025161743,
    "hi": 0.9457041025161743,
    "stderr": 0.0,
    "n": 500
  },
  "mix.js": {
    "mean": 0.601128339767456,
    "lo": 0.601128339767456,
    "hi": 0.601128339767456,
    "stderr": 0.0,
    "n": 500
  },
  "mix.hell": {
    "mean": 0.8897265791893005,
    "lo": 0.8897265791893005,
    "hi": 0.8897265791893005,
    "stderr": 0.0,
    "n": 500
  },
  "mix.l2": {
    "mean": 0.7112113833427429,
    "lo": 0.7112113833427429,
    "hi": 0.7112113833427429,
    "stderr": 0.0,
    "n": 500
  },
  "mix.H": {
    "mean": 0.7808552980422974,
    "lo": 0.7808552980422974,
    "hi": 0.7808552980422974,
    "stderr": 0.0,
    "n": 500
  },
  "mix.kl_pu": {
    "mean": 3.3780517578125,
    "lo": 3.3780517578125,
    "hi": 3.3780517578125,
    "stderr": 0.0,
    "n": 500
  },
  "target.success": {
    "mean": 0.0,
    "lo": 0.0,
    "hi": 0.0,
    "stderr": 0.0,
    "n": 500
  },
  "target.maxp": {
    "mean": 0.6456087827682495,
    "lo": 0.6456087827682495,
    "hi": 0.6456087827682495,
    "stderr": 0.0,
    "n": 500
  },
  "target.gini": {
    "mean": 0.971972644329071,
    "lo": 0.971972644329071,
    "hi": 0.971972644329071,
    "stderr": 0.0,
    "n": 500
  },
  "target.tv_vsU": {
    "mean": 0.9457041025161743,
    "lo": 0.9457041025161743,
    "hi": 0.9457041025161743,
    "stderr": 0.0,
    "n": 500
  },
  "target.js_vsU": {
    "mean": 0.601128339767456,
    "lo": 0.601128339767456,
    "hi": 0.601128339767456,
    "stderr": 0.0,
    "n": 500
  },
  "target.H": {
    "mean": 0.7808552980422974,
    "lo": 0.7808552980422974,
    "hi": 0.7808552980422974,
    "stderr": 0.0,
    "n": 500
  },
  "target.KLpU": {
    "mean": 3.3780517578125,
    "lo": 3.3780517578125,
    "hi": 3.3780517578125,
    "stderr": 0.0,
    "n": 500
  },
  "target.cvar_neglogOmega": {
    "mean": 18.42068099975586,
    "lo": 18.42068099975586,
    "hi": 18.42068099975586,
    "stderr": 0.0,
    "n": 500
  }
}