{
  "mix.tv": {
    "mean": 0.8381053805351257,
    "lo": 0.8381053805351257,
    "hi": 0.8381053805351257,
    "stderr": 0.0,
    "n": 500
  },
  "mix.js": {
    "mean": 0.46867719292640686,
    "lo": 0.46867719292640686,
    "hi": 0.46867719292640686,
    "stderr": 0.0,
    "n": 500
  },
  "mix.hell": {
    "mean": 0.7813923358917236,
    "lo": 0.7813923358917236,
    "hi": 0.7813923358917236,
    "stderr": 0.0,
    "n": 500
  },
  "mix.l2": {
    "mean": 0.34183457493782043,
    "lo": 0.34183457493782043,
    "hi": 0.34183457493782043,
    "stderr": 0.0,
    "n": 500
  },
  "mix.H": {
    "mean": 2.1690521240234375,
    "lo": 2.1690521240234375,
    "hi": 2.1690521240234375,
    "stderr": 0.0,
    "n": 500
  },
  "mix.kl_pu": {
    "mean": 1.9898520708084106,
    "lo": 1.9898520708084106,
    "hi": 1.9898520708084106,
    "stderr": 0.0,
    "n": 500
  },
  "target.success": {
    "mean": 0.0,
    "lo": 0.0,
    "hi": 0.0,
    "stderr": 0.0,
    "n": 500
  },
  "target.maxp": {
    "mean": 0.21255667507648468,
    "lo": 0.21255667507648468,
    "hi": 0.21255667507648468,
    "stderr": 0.0,
    "n": 500
  },
  "target.gini": {
    "mean": 0.8908315300941467,
    "lo": 0.8908315300941467,
    "hi": 0.8908315300941467,
    "stderr": 0.0,
    "n": 500
  },
  "target.tv_vsU": {
    "mean": 0.8381053805351257,
    "lo": 0.8381053805351257,
    "hi": 0.8381053805351257,
    "stderr": 0.0,
    "n": 500
  },
  "target.js_vsU": {
    "mean": 0.46867719292640686,
    "lo": 0.46867719292640686,
    "hi": 0.46867719292640686,
    "stderr": 0.0,
    "n": 500
  },
  "target.H": {
    "mean": 2.1690521240234375,
    "lo": 2.1690521240234375,
    "hi": 2.1690521240234375,
    "stderr": 0.0,
    "n": 500
  },
  "target.KLpU": {
    "mean": 1.9898520708084106,
    "lo": 1.9898520708084106,
    "hi": 1.9898520708084106,
    "stderr": 0.0,
    "n": 500
  },
  "target.cvar_neglogOmega": {
    "mean": 18.42068099975586,
    "lo": 18.42068099975586,
    "hi": 18.42068099975586,
    "stderr": 0.0,
    "n": 500
  }
}