cond,metric.mix.tv,metric.mix.js,metric.mix.hell,metric.mix.l2,metric.mix.H,metric.mix.kl_pu,metric.target.success,metric.target.maxp,metric.target.gini,metric.target.tv_vsU,metric.target.js_vsU,metric.target.H,metric.target.KLpU,metric.target.cvar_neglogOmega
ckpt_policy,0.6095621616812423,0.2943422113545239,0.6150225464254617,0.2265868521295488,2.9978581543080507,1.161038177786395,0.01416217057421818,0.13370512903493365,0.7601881424197927,0.6095621616812423,0.2943422113545239,2.9978581543080507,1.161038177786395,11.545336457155646
ckpt_policy__abl_NoPE,0.5441569089889526,0.24849167466163635,0.5723490715026855,0.16622477769851685,3.2776269912719727,0.8812692165374756,0.015388645838902449,0.07671669125556946,0.6722829937934875,0.5441569089889526,0.24849167466163635,3.2776269912719727,0.8812692165374756,11.313157874811441
ckpt_policy__abl_GlobalCoin,0.5491998279700055,0.26125138662755487,0.58513886150904,0.19276029055472463,3.1870432490482927,0.9718532108236104,0.014531909838842694,0.12983663825725672,0.6998388353269547,0.5491998279700055,0.26125138662755487,3.1870432490482927,0.9718532108236104,11.368833485152573
ckpt_policy__abl_TimeFrozen,0.6542281894013285,0.33546581395203245,0.6538705506594852,0.3226580930291675,2.6623217537999153,1.4965746700298042,0.013366587634845929,0.2735360806749668,0.8186965946340934,0.6542281894013285,0.33546581395203245,2.6623217537999153,1.4965746700298042,11.716697362391278
ckpt_policy__abl_NodePermute,0.5917698243167251,0.2850093266810291,0.6066952719353139,0.22190076190745459,3.0387372246943416,1.1201591833960265,0.013876711636203253,0.1345551653590519,0.7488986156415194,0.5917698243167251,0.2850093266810291,3.0387372246943416,1.1201591833960265,11.006490512751043
