{"mix.tv": {"mean": 0.5652395486831665, "lo": 0.5652395486831665, "hi": 0.5652395486831665, "stderr": 0.0, "n": 2560}, "mix.js": {"mean": 0.27287089824676514, "lo": 0.27287089824676514, "hi": 0.27287089824676514, "stderr": 0.0, "n": 2560}, "mix.hell": {"mean": 0.5957678556442261, "lo": 0.5957678556442261, "hi": 0.5957678556442261, "stderr": 0.0, "n": 2560}, "mix.l2": {"mean": 0.2069636732339859, "lo": 0.2069636732339859, "hi": 0.2069636732339859, "stderr": 0.0, "n": 2560}, "mix.H": {"mean": 3.1122965812683105, "lo": 3.1122965812683105, "hi": 3.1122965812683105, "stderr": 0.0, "n": 2560}, "mix.kl_pu": {"mean": 1.0465997457504272, "lo": 1.0465997457504272, "hi": 1.0465997457504272, "stderr": 0.0, "n": 2560}}