{
  "mix.tv": {
    "mean": 0.9803951382637024,
    "lo": 0.9803951382637024,
    "hi": 0.9803951382637024,
    "stderr": 0.0,
    "n": 500
  },
  "mix.js": {
    "mean": 0.640487551689148,
    "lo": 0.640487551689148,
    "hi": 0.640487551689148,
    "stderr": 0.0,
    "n": 500
  },
  "mix.hell": {
    "mean": 0.9040349125862122,
    "lo": 0.9040349125862122,
    "hi": 0.9040349125862122,
    "stderr": 0.0,
    "n": 500
  },
  "mix.l2": {
    "mean": 0.9881455302238464,
    "lo": 0.9881455302238464,
    "hi": 0.9881455302238464,
    "stderr": 0.0,
    "n": 500
  },
  "mix.H": {
    "mean": 0.041180819272994995,
    "lo": 0.041180819272994995,
    "hi": 0.041180819272994995,
    "stderr": 0.0,
    "n": 500
  },
  "mix.kl_pu": {
    "mean": 4.117702007293701,
    "lo": 4.117702007293701,
    "hi": 4.117702007293701,
    "stderr": 0.0,
    "n": 500
  },
  "target.success": {
    "mean": 0.9960201382637024,
    "lo": 0.9960201382637024,
    "hi": 0.9960201382637024,
    "stderr": 0.0,
    "n": 500
  },
  "target.maxp": {
    "mean": 0.9960201382637024,
    "lo": 0.9960201382637024,
    "hi": 0.9960201382637024,
    "stderr": 0.0,
    "n": 500
  },
  "target.gini": {
    "mean": 0.9820321798324585,
    "lo": 0.9820321798324585,
    "hi": 0.9820321798324585,
    "stderr": 0.0,
    "n": 500
  },
  "target.tv_vsU": {
    "mean": 0.9803951382637024,
    "lo": 0.9803951382637024,
    "hi": 0.9803951382637024,
    "stderr": 0.0,
    "n": 500
  },
  "target.js_vsU": {
    "mean": 0.640487551689148,
    "lo": 0.640487551689148,
    "hi": 0.640487551689148,
    "stderr": 0.0,
    "n": 500
  },
  "target.H": {
    "mean": 0.041180819272994995,
    "lo": 0.041180819272994995,
    "hi": 0.041180819272994995,
    "stderr": 0.0,
    "n": 500
  },
  "target.KLpU": {
    "mean": 4.117702007293701,
    "lo": 4.117702007293701,
    "hi": 4.117702007293701,
    "stderr": 0.0,
    "n": 500
  },
  "target.cvar_neglogOmega": {
    "mean": 0.003987802658230066,
    "lo": 0.003987802658230066,
    "hi": 0.003987802658230066,
    "stderr": 0.0,
    "n": 500
  }
}