{"mix.tv": {"mean": 0.8112606227397918, "lo": 0.8026076041162015, "hi": 0.8199278929829598, "stderr": 0.0044928529290510074, "n": 10}, "mix.js": {"mean": 0.45243691504001615, "lo": 0.4447873133420944, "hi": 0.46094911389052867, "stderr": 0.004126377272645924, "n": 10}, "mix.hell": {"mean": 0.7541102647781373, "lo": 0.7469181543588639, "hi": 0.7611175040900707, "stderr": 0.0035264848441524323, "n": 10}, "mix.l2": {"mean": 0.41887105703353883, "lo": 0.4068521285802126, "hi": 0.430396685898304, "stderr": 0.006045962359420465, "n": 10}, "mix.H": {"mean": 1.9986769437789917, "lo": 1.9513677635788917, "hi": 2.0503841495513915, "stderr": 0.025399776519928554, "n": 10}, "mix.kl_pu": {"mean": 2.1602195739746093, "lo": 2.1092974096536636, "hi": 2.207116152048111, "stderr": 0.02528042370768386, "n": 10}, "target.success": {"mean": 0.0, "lo": 0.0, "hi": 0.0, "stderr": 0.0, "n": 10}, "target.maxp": {"mean": 0.2887046530842781, "lo": 0.26974906615912914, "hi": 0.3111577060818672, "stderr": 0.010670821330461254, "n": 10}, "target.gini": {"mean": 0.9112389147281647, "lo": 0.9068452312052251, "hi": 0.915478663444519, "stderr": 0.0022316797449819167, "n": 10}, "target.tv_vsU": {"mean": 0.8112606227397918, "lo": 0.8024672847986221, "hi": 0.8193804965913296, "stderr": 0.004450503030610956, "n": 10}, "target.js_vsU": {"mean": 0.45243691504001615, "lo": 0.44512972310185434, "hi": 0.460102716460824, "stderr": 0.00396494322163598, "n": 10}, "target.H": {"mean": 1.9986769437789917, "lo": 1.9526236617565154, "hi": 2.050497937500477, "stderr": 0.025195295746633983, "n": 10}, "target.KLpU": {"mean": 2.1602195739746093, "lo": 2.1113869816064836, "hi": 2.205121283531189, "stderr": 0.024679742672299713, "n": 10}, "target.cvar_neglogOmega": {"mean": 18.42068099975586, "lo": 18.42068099975586, "hi": 18.42068099975586, "stderr": 0.0, "n": 10}}