{"sigmas": [0.0, 0.05], "trials": 1, "metrics": {"mix.tv": {"mean": [0.7220108211040497, 0.7220108211040497], "lo": [0.7220108211040497, 0.7220108211040497], "hi": [0.7220108211040497, 0.7220108211040497], "n": [1, 1], "ci_over": "trials", "ci_method": "student_t", "alpha": 0.05}, "mix.js": {"mean": [0.38114847242832184, 0.38114847242832184], "lo": [0.38114847242832184, 0.38114847242832184], "hi": [0.38114847242832184, 0.38114847242832184], "n": [1, 1], "ci_over": "trials", "ci_method": "student_t", "alpha": 0.05}, "mix.hell": {"mean": [0.6943098902702332, 0.6943098902702332], "lo": [0.6943098902702332, 0.6943098902702332], "hi": [0.6943098902702332, 0.6943098902702332], "n": [1, 1], "ci_over": "trials", "ci_method": "student_t", "alpha": 0.05}, "mix.l2": {"mean": [0.3310147672891617, 0.3310147672891617], "lo": [0.3310147672891617, 0.3310147672891617], "hi": [0.3310147672891617, 0.3310147672891617], "n": [1, 1], "ci_over": "trials", "ci_method": "student_t", "alpha": 0.05}, "mix.H": {"mean": [2.4571245908737183, 2.4571245908737183], "lo": [2.4571245908737183, 2.4571245908737183], "hi": [2.4571245908737183, 2.4571245908737183], "n": [1, 1], "ci_over": "trials", "ci_method": "student_t", "alpha": 0.05}, "mix.kl_pu": {"mean": [1.7017722129821777, 1.7017722129821777], "lo": [1.7017722129821777, 1.7017722129821777], "hi": [1.7017722129821777, 1.7017722129821777], "n": [1, 1], "ci_over": "trials", "ci_method": "student_t", "alpha": 0.05}, "target.success": {"mean": [0.0, 0.0], "lo": [0.0, 0.0], "hi": [0.0, 0.0], "n": [1, 1], "ci_over": "trials", "ci_method": "student_t", "alpha": 0.05}, "target.maxp": {"mean": [0.216597281396389, 0.216597281396389], "lo": [0.216597281396389, 0.216597281396389], "hi": [0.216597281396389, 0.216597281396389], "n": [1, 1], "ci_over": "trials", "ci_method": "student_t", "alpha": 0.05}, "target.gini": {"mean": [0.8603678643703461, 0.8603678643703461], "lo": [0.8603678643703461, 0.8603678643703461], "hi": [0.8603678643703461, 0.8603678643703461], "n": [1, 1], "ci_over": "trials", "ci_method": "student_t", "alpha": 0.05}, "target.tv_vsU": {"mean": [0.7220108211040497, 0.7220108211040497], "lo": [0.7220108211040497, 0.7220108211040497], "hi": [0.7220108211040497, 0.7220108211040497], "n": [1, 1], "ci_over": "trials", "ci_method": "student_t", "alpha": 0.05}, "target.js_vsU": {"mean": [0.38114847242832184, 0.38114847242832184], "lo": [0.38114847242832184, 0.38114847242832184], "hi": [0.38114847242832184, 0.38114847242832184], "n": [1, 1], "ci_over": "trials", "ci_method": "student_t", "alpha": 0.05}, "target.H": {"mean": [2.4571245908737183, 2.4571245908737183], "lo": [2.4571245908737183, 2.4571245908737183], "hi": [2.4571245908737183, 2.4571245908737183], "n": [1, 1], "ci_over": "trials", "ci_method": "student_t", "alpha": 0.05}, "target.KLpU": {"mean": [1.7017722129821777, 1.7017722129821777], "lo": [1.7017722129821777, 1.7017722129821777], "hi": [1.7017722129821777, 1.7017722129821777], "n": [1, 1], "ci_over": "trials", "ci_method": "student_t", "alpha": 0.05}, "target.cvar_neglogOmega": {"mean": [18.42068099975586, 18.42068099975586], "lo": [18.42068099975586, 18.42068099975586], "hi": [18.42068099975586, 18.42068099975586], "n": [1, 1], "ci_over": "trials", "ci_method": "student_t", "alpha": 0.05}}}