cond,metric.mix.tv,metric.mix.js,metric.mix.hell,metric.mix.l2,metric.mix.H,metric.mix.kl_pu,metric.target.success,metric.target.maxp,metric.target.gini,metric.target.tv_vsU,metric.target.js_vsU,metric.target.H,metric.target.KLpU,metric.target.cvar_neglogOmega
ckpt_policy,0.8375473022460938,0.47693902254104614,0.7763195037841797,0.439130038022995,1.867386817932129,2.2915101051330566,0.0,0.3158807158470154,0.923505425453186,0.8375473022460938,0.47693902254104614,1.867386817932129,2.2915101051330566,18.42068099975586
ckpt_policy__abl_NoPE,0.83355313539505,0.48475322127342224,0.7925617098808289,0.4568239152431488,1.8463231325149536,2.3125789165496826,0.0,0.3947736918926239,0.9253146052360535,0.83355313539505,0.48475322127342224,1.8463231325149536,2.3125789165496826,18.42068099975586
ckpt_policy__abl_GlobalCoin,0.7130448818206787,0.3763818144798279,0.690251886844635,0.3535797595977783,2.448193073272705,1.7107033729553223,0.0,0.28570616245269775,0.858677327632904,0.7130448818206787,0.3763818144798279,2.448193073272705,1.7107033729553223,18.42068099975586
ckpt_policy__abl_TimeFrozen,0.8665445446968079,0.5078889727592468,0.805853545665741,0.5018443465232849,1.617753267288208,2.541144847869873,0.0,0.37225499749183655,0.9397301077842712,0.8665445446968079,0.5078889727592468,1.617753267288208,2.541144847869873,18.42068099975586
ckpt_policy__abl_NodePermute,0.8296529054641724,0.47589486837387085,0.7859556078910828,0.4363515377044678,1.9392718076705933,2.2196292877197266,0.06791399419307709,0.36377769708633423,0.9146378636360168,0.8296529054641724,0.47589486837387085,1.9392718076705933,2.2196292877197266,2.6895132064819336
ckpt_policy__mask_random_frac0p25,0.7570618391036987,0.39912934601306915,0.7086942791938782,0.34656424820423126,2.3597540855407715,1.799142599105835,0.0,0.23542667925357819,0.8755024671554565,0.7570618391036987,0.39912934601306915,2.3597540855407715,1.799142599105835,18.42068099975586
ckpt_policy__mask_degree_frac0p25,0.7220108211040497,0.38114847242832184,0.6943098902702332,0.3310147672891617,2.4571245908737183,1.7017722129821777,0.0,0.216597281396389,0.8603678643703461,0.7220108211040497,0.38114847242832184,2.4571245908737183,1.7017722129821777,18.42068099975586
