cond,metric.mix.tv,metric.mix.js,metric.mix.hell,metric.mix.l2,metric.mix.H,metric.mix.kl_pu,metric.target.success,metric.target.maxp,metric.target.gini,metric.target.tv_vsU,metric.target.js_vsU,metric.target.H,metric.target.KLpU,metric.target.cvar_neglogOmega
ckpt_policy,0.2663476765155792,0.06051066145300865,0.25149208307266235,0.08441078662872314,3.928658962249756,0.23022380471229553,0.0030225589871406555,0.044625915586948395,0.3739730715751648,0.2663476765155792,0.06051066145300865,3.928658962249756,0.23022380471229553,5.801651477813721
ckpt_policy__abl_NoPE,0.21154293417930603,0.035295575857162476,0.18952669203281403,0.06795356422662735,4.018570899963379,0.14031267166137695,0.04755013436079025,0.04755013436079025,0.2949846386909485,0.21154293417930603,0.035295575857162476,4.018570899963379,0.14031267166137695,3.0459706783294678
ckpt_policy__abl_GlobalCoin,0.23925182223320007,0.04211151599884033,0.20704109966754913,0.07659438252449036,3.9880354404449463,0.17084774374961853,0.009647264145314693,0.04786444082856178,0.3263879120349884,0.23925182223320007,0.04211151599884033,3.9880354404449463,0.17084774374961853,4.641080856323242
ckpt_policy__abl_TimeFrozen,0.46096697449684143,0.15275642275810242,0.4038892984390259,0.16706323623657227,3.51723575592041,0.6416478157043457,0.012377940118312836,0.11387181282043457,0.6016520261764526,0.46096697449684143,0.15275642275810242,3.51723575592041,0.6416478157043457,4.391839504241943
ckpt_policy__abl_NodePermute,0.25837013125419617,0.04955095797777176,0.22556953132152557,0.08061377704143524,3.9629929065704346,0.1958906054496765,0.024020064622163773,0.05208088085055351,0.3474588394165039,0.25837013125419617,0.04955095797777176,3.9629929065704346,0.1958906054496765,3.7288658618927
