{"mix.tv": {"mean": 0.5854961276054382, "lo": 0.5854961276054382, "hi": 0.5854961276054382, "stderr": 0.0, "n": 2560}, "mix.js": {"mean": 0.2765536606311798, "lo": 0.2765536606311798, "hi": 0.2765536606311798, "stderr": 0.0, "n": 2560}, "mix.hell": {"mean": 0.5989519357681274, "lo": 0.5989519357681274, "hi": 0.5989519357681274, "stderr": 0.0, "n": 2560}, "mix.l2": {"mean": 0.2115005999803543, "lo": 0.2115005999803543, "hi": 0.2115005999803543, "stderr": 0.0, "n": 2560}, "mix.H": {"mean": 3.0977706909179688, "lo": 3.0977706909179688, "hi": 3.0977706909179688, "stderr": 0.0, "n": 2560}, "mix.kl_pu": {"mean": 1.061125636100769, "lo": 1.061125636100769, "hi": 1.061125636100769, "stderr": 0.0, "n": 2560}, "target.success": {"mean": 0.015061980441350898, "lo": 0.01410380978966259, "hi": 0.01605049070149107, "stderr": 0.0004952462442773932, "n": 2560}, "target.maxp": {"mean": 0.15648972988128662, "lo": 0.15648972988128662, "hi": 0.15648972988128662, "stderr": 0.0, "n": 2560}, "target.gini": {"mean": 0.7315090894699097, "lo": 0.7315090894699097, "hi": 0.7315090894699097, "stderr": 0.0, "n": 2560}, "target.tv_vsU": {"mean": 0.5854961276054382, "lo": 0.5854961276054382, "hi": 0.5854961276054382, "stderr": 0.0, "n": 2560}, "target.js_vsU": {"mean": 0.2765536606311798, "lo": 0.2765536606311798, "hi": 0.2765536606311798, "stderr": 0.0, "n": 2560}, "target.H": {"mean": 3.0977706909179688, "lo": 3.0977706909179688, "hi": 3.0977706909179688, "stderr": 0.0, "n": 2560}, "target.KLpU": {"mean": 1.061125636100769, "lo": 1.061125636100769, "hi": 1.061125636100769, "stderr": 0.0, "n": 2560}, "target.cvar_neglogOmega": {"mean": 11.085811177361757, "lo": 10.802722845308017, "hi": 11.357776591356378, "stderr": 0.14022326990527242, "n": 2560}}