{"sigmas": [0.0, 0.05], "trials": 1, "metrics": {"mix.tv": {"mean": [0.8375475406646729, 0.8375475406646729], "lo": [0.8375475406646729, 0.8375475406646729], "hi": [0.8375475406646729, 0.8375475406646729], "n": [1, 1], "ci_over": "trials", "ci_method": "student_t", "alpha": 0.05}, "mix.js": {"mean": [0.47693920135498047, 0.47693920135498047], "lo": [0.47693920135498047, 0.47693920135498047], "hi": [0.47693920135498047, 0.47693920135498047], "n": [1, 1], "ci_over": "trials", "ci_method": "student_t", "alpha": 0.05}, "mix.hell": {"mean": [0.776319682598114, 0.776319682598114], "lo": [0.776319682598114, 0.776319682598114], "hi": [0.776319682598114, 0.776319682598114], "n": [1, 1], "ci_over": "trials", "ci_method": "student_t", "alpha": 0.05}, "mix.l2": {"mean": [0.43913018703460693, 0.43913018703460693], "lo": [0.43913018703460693, 0.43913018703460693], "hi": [0.43913018703460693, 0.43913018703460693], "n": [1, 1], "ci_over": "trials", "ci_method": "student_t", "alpha": 0.05}, "mix.H": {"mean": [1.8673861026763916, 1.8673861026763916], "lo": [1.8673861026763916, 1.8673861026763916], "hi": [1.8673861026763916, 1.8673861026763916], "n": [1, 1], "ci_over": "trials", "ci_method": "student_t", "alpha": 0.05}, "mix.kl_pu": {"mean": [2.291510581970215, 2.291510581970215], "lo": [2.291510581970215, 2.291510581970215], "hi": [2.291510581970215, 2.291510581970215], "n": [1, 1], "ci_over": "trials", "ci_method": "student_t", "alpha": 0.05}, "target.success": {"mean": [0.0, 0.0], "lo": [0.0, 0.0], "hi": [0.0, 0.0], "n": [1, 1], "ci_over": "trials", "ci_method": "student_t", "alpha": 0.05}, "target.maxp": {"mean": [0.3158811330795288, 0.3158811330795288], "lo": [0.3158811330795288, 0.3158811330795288], "hi": [0.3158811330795288, 0.3158811330795288], "n": [1, 1], "ci_over": "trials", "ci_method": "student_t", "alpha": 0.05}, "target.gini": {"mean": [0.9235054850578308, 0.9235054850578308], "lo": [0.9235054850578308, 0.9235054850578308], "hi": [0.9235054850578308, 0.9235054850578308], "n": [1, 1], "ci_over": "trials", "ci_method": "student_t", "alpha": 0.05}, "target.tv_vsU": {"mean": [0.8375475406646729, 0.8375475406646729], "lo": [0.8375475406646729, 0.8375475406646729], "hi": [0.8375475406646729, 0.8375475406646729], "n": [1, 1], "ci_over": "trials", "ci_method": "student_t", "alpha": 0.05}, "target.js_vsU": {"mean": [0.47693920135498047, 0.47693920135498047], "lo": [0.47693920135498047, 0.47693920135498047], "hi": [0.47693920135498047, 0.47693920135498047], "n": [1, 1], "ci_over": "trials", "ci_method": "student_t", "alpha": 0.05}, "target.H": {"mean": [1.8673861026763916, 1.8673861026763916], "lo": [1.8673861026763916, 1.8673861026763916], "hi": [1.8673861026763916, 1.8673861026763916], "n": [1, 1], "ci_over": "trials", "ci_method": "student_t", "alpha": 0.05}, "target.KLpU": {"mean": [2.291510581970215, 2.291510581970215], "lo": [2.291510581970215, 2.291510581970215], "hi": [2.291510581970215, 2.291510581970215], "n": [1, 1], "ci_over": "trials", "ci_method": "student_t", "alpha": 0.05}, "target.cvar_neglogOmega": {"mean": [18.42068099975586, 18.42068099975586], "lo": [18.42068099975586, 18.42068099975586], "hi": [18.42068099975586, 18.42068099975586], "n": [1, 1], "ci_over": "trials", "ci_method": "student_t", "alpha": 0.05}}}