{"mix.tv": {"mean": 0.8296530842781067, "lo": 0.8296530842781067, "hi": 0.8296530842781067, "stderr": 0.0, "n": 2}, "mix.js": {"mean": 0.4758945405483246, "lo": 0.4758945405483246, "hi": 0.4758945405483246, "stderr": 0.0, "n": 2}, "mix.hell": {"mean": 0.7859553098678589, "lo": 0.7859553098678589, "hi": 0.7859553098678589, "stderr": 0.0, "n": 2}, "mix.l2": {"mean": 0.4363493025302887, "lo": 0.4363493025302887, "hi": 0.4363493025302887, "stderr": 0.0, "n": 2}, "mix.H": {"mean": 1.9392776489257812, "lo": 1.9392776489257812, "hi": 1.9392776489257812, "stderr": 0.0, "n": 2}, "mix.kl_pu": {"mean": 2.219623327255249, "lo": 2.219623327255249, "hi": 2.219623327255249, "stderr": 0.0, "n": 2}, "target.success": {"mean": 0.06791573762893677, "lo": 0.06791573762893677, "hi": 0.06791573762893677, "stderr": 0.0, "n": 2}, "target.maxp": {"mean": 0.36377424001693726, "lo": 0.36377424001693726, "hi": 0.36377424001693726, "stderr": 0.0, "n": 2}, "target.gini": {"mean": 0.9146376252174377, "lo": 0.9146376252174377, "hi": 0.9146376252174377, "stderr": 0.0, "n": 2}, "target.tv_vsU": {"mean": 0.8296530842781067, "lo": 0.8296530842781067, "hi": 0.8296530842781067, "stderr": 0.0, "n": 2}, "target.js_vsU": {"mean": 0.4758945405483246, "lo": 0.4758945405483246, "hi": 0.4758945405483246, "stderr": 0.0, "n": 2}, "target.H": {"mean": 1.9392776489257812, "lo": 1.9392776489257812, "hi": 1.9392776489257812, "stderr": 0.0, "n": 2}, "target.KLpU": {"mean": 2.219623327255249, "lo": 2.219623327255249, "hi": 2.219623327255249, "stderr": 0.0, "n": 2}, "target.cvar_neglogOmega": {"mean": 2.6894874572753906, "lo": 2.6894874572753906, "hi": 2.6894874572753906, "stderr": 0.0, "n": 2}}