cond,mix.tv,mix.H,mix.hell,mix.js,mix.kl_pu,mix.l2
ckpt_policy,0.6378114819526672,2.8335533142089844,0.6323792338371277,0.31308677792549133,1.3253437280654907,0.2719579041004181
ckpt_policy__abl_GlobalCoin,0.5324896574020386,3.314997911453247,0.5668884515762329,0.24264362454414368,0.8438984751701355,0.15788762271404266
ckpt_policy__abl_NoPE,0.5441579222679138,3.2776241302490234,0.5723496675491333,0.2484922558069229,0.8812723755836487,0.166225403547287
ckpt_policy__abl_NodePermute,0.5652395486831665,3.1122965812683105,0.5957678556442261,0.27287089824676514,1.0465997457504272,0.2069636732339859
ckpt_policy__abl_TimeFrozen,0.6253387928009033,3.0121371746063232,0.6176809668540955,0.2978297770023346,1.146759271621704,0.213781476020813
ckpt_policy_abl_GlobalCoin,0.5324896574020386,3.314997911453247,0.5668884515762329,0.24264362454414368,0.8438984751701355,0.15788762271404266
ckpt_policy_abl_NoPE,0.5441579222679138,3.2776241302490234,0.5723496675491333,0.2484922558069229,0.8812723755836487,0.166225403547287
ckpt_policy_abl_NodePermute,0.5652395486831665,3.1122965812683105,0.5957678556442261,0.27287089824676514,1.0465997457504272,0.2069636732339859
ckpt_policy_abl_TimeFrozen,0.6253387928009033,3.0121371746063232,0.6176809668540955,0.2978297770023346,1.146759271621704,0.213781476020813
