{"conditions": {"ckpt_policy": {"summary": {"mix.tv": 0.6378114819526672, "mix.js": 0.31308677792549133, "mix.hell": 0.6323792338371277, "mix.l2": 0.2719579041004181, "mix.H": 2.8335533142089844, "mix.kl_pu": 1.3253437280654907}, "ci": {"mix.tv": {"mean": 0.6378114819526672, "lo": 0.6378114819526672, "hi": 0.6378114819526672, "stderr": 0.0, "n": 2560}, "mix.js": {"mean": 0.31308677792549133, "lo": 0.31308677792549133, "hi": 0.31308677792549133, "stderr": 0.0, "n": 2560}, "mix.hell": {"mean": 0.6323792338371277, "lo": 0.6323792338371277, "hi": 0.6323792338371277, "stderr": 0.0, "n": 2560}, "mix.l2": {"mean": 0.2719579041004181, "lo": 0.2719579041004181, "hi": 0.2719579041004181, "stderr": 0.0, "n": 2560}, "mix.H": {"mean": 2.8335533142089844, "lo": 2.8335533142089844, "hi": 2.8335533142089844, "stderr": 0.0, "n": 2560}, "mix.kl_pu": {"mean": 1.3253437280654907, "lo": 1.3253437280654907, "hi": 1.3253437280654907, "stderr": 0.0, "n": 2560}}, "summary_seed": {"mix.tv": 0.6378114819526672, "mix.js": 0.31308677792549133, "mix.hell": 0.6323792338371277, "mix.l2": 0.2719579041004181, "mix.H": 2.8335533142089844, "mix.kl_pu": 1.3253437280654907}, "ci_seed": {"mix.tv": {"mean": 0.6378114819526672, "lo": 0.6378114819526672, "hi": 0.6378114819526672, "stderr": 0.0, "n": 10}, "mix.js": {"mean": 0.31308677792549133, "lo": 0.31308677792549133, "hi": 0.31308677792549133, "stderr": 0.0, "n": 10}, "mix.hell": {"mean": 0.6323792338371277, "lo": 0.6323792338371277, "hi": 0.6323792338371277, "stderr": 0.0, "n": 10}, "mix.l2": {"mean": 0.2719579041004181, "lo": 0.2719579041004181, "hi": 0.2719579041004181, "stderr": 0.0, "n": 10}, "mix.H": {"mean": 2.8335533142089844, "lo": 2.8335533142089844, "hi": 2.8335533142089844, "stderr": 0.0, "n": 10}, "mix.kl_pu": {"mean": 1.3253437280654907, "lo": 1.3253437280654907, "hi": 1.3253437280654907, "stderr": 0.0, "n": 10}}, "text": "CI over pooled episodes \u2014 ckpt_policy \u2014 EXP (any degree)\n--------------------------------------------------------\nmix.H: 2.8336 [2.8336, 2.8336] @ 95% (n=2560, se=0)\n  seed_mean: 2.8336 [2.8336, 2.8336] @ 95% (n=10, se=0)\nmix.hell: 0.6324 [0.6324, 0.6324] @ 95% (n=2560, se=0)\n  seed_mean: 0.6324 [0.6324, 0.6324] @ 95% (n=10, se=0)\nmix.js: 0.3131 [0.3131, 0.3131] @ 95% (n=2560, se=0)\n  seed_mean: 0.3131 [0.3131, 0.3131] @ 95% (n=10, se=0)\nmix.kl_pu: 1.3253 [1.3253, 1.3253] @ 95% (n=2560, se=0)\n  seed_mean: 1.3253 [1.3253, 1.3253] @ 95% (n=10, se=0)\nmix.l2: 0.2720 [0.2720, 0.2720] @ 95% (n=2560, se=0)\n  seed_mean: 0.2720 [0.2720, 0.2720] @ 95% (n=10, se=0)\nmix.tv: 0.6378 [0.6378, 0.6378] @ 95% (n=2560, se=0)\n  seed_mean: 0.6378 [0.6378, 0.6378] @ 95% (n=10, se=0)", "text_seed": "Seed-level CI (replicates = seeds; values = per-seed episode means)\nmethod=student_t alpha=0.05 n_seeds=10\nmix.tv: mean=0.637811 lo=0.637811 hi=0.637811 stderr=0 n=10\nmix.js: mean=0.313087 lo=0.313087 hi=0.313087 stderr=0 n=10\nmix.hell: mean=0.632379 lo=0.632379 hi=0.632379 stderr=0 n=10\nmix.l2: mean=0.271958 lo=0.271958 hi=0.271958 stderr=0 n=10\nmix.H: mean=2.83355 lo=2.83355 hi=2.83355 stderr=0 n=10\nmix.kl_pu: mean=1.32534 lo=1.32534 hi=1.32534 stderr=0 n=10\n"}, "ckpt_policy__abl_NoPE": {"summary": {"mix.tv": 0.5441579222679138, "mix.js": 0.2484922558069229, "mix.hell": 0.5723496675491333, "mix.l2": 0.166225403547287, "mix.H": 3.2776241302490234, "mix.kl_pu": 0.8812723755836487}, "ci": {"mix.tv": {"mean": 0.5441579222679138, "lo": 0.5441579222679138, "hi": 0.5441579222679138, "stderr": 0.0, "n": 2560}, "mix.js": {"mean": 0.2484922558069229, "lo": 0.2484922558069229, "hi": 0.2484922558069229, "stderr": 0.0, "n": 2560}, "mix.hell": {"mean": 0.5723496675491333, "lo": 0.5723496675491333, "hi": 0.5723496675491333, "stderr": 0.0, "n": 2560}, "mix.l2": {"mean": 0.166225403547287, "lo": 0.166225403547287, "hi": 0.166225403547287, "stderr": 0.0, "n": 2560}, "mix.H": {"mean": 3.2776241302490234, "lo": 3.2776241302490234, "hi": 3.2776241302490234, "stderr": 0.0, "n": 2560}, "mix.kl_pu": {"mean": 0.8812723755836487, "lo": 0.8812723755836487, "hi": 0.8812723755836487, "stderr": 0.0, "n": 2560}}, "summary_seed": {"mix.tv": 0.5441579222679138, "mix.js": 0.2484922558069229, "mix.hell": 0.5723496675491333, "mix.l2": 0.166225403547287, "mix.H": 3.2776241302490234, "mix.kl_pu": 0.8812723755836487}, "ci_seed": {"mix.tv": {"mean": 0.5441579222679138, "lo": 0.5441579222679138, "hi": 0.5441579222679138, "stderr": 0.0, "n": 10}, "mix.js": {"mean": 0.2484922558069229, "lo": 0.2484922558069229, "hi": 0.2484922558069229, "stderr": 0.0, "n": 10}, "mix.hell": {"mean": 0.5723496675491333, "lo": 0.5723496675491333, "hi": 0.5723496675491333, "stderr": 0.0, "n": 10}, "mix.l2": {"mean": 0.166225403547287, "lo": 0.166225403547287, "hi": 0.166225403547287, "stderr": 0.0, "n": 10}, "mix.H": {"mean": 3.2776241302490234, "lo": 3.2776241302490234, "hi": 3.2776241302490234, "stderr": 0.0, "n": 10}, "mix.kl_pu": {"mean": 0.8812723755836487, "lo": 0.8812723755836487, "hi": 0.8812723755836487, "stderr": 0.0, "n": 10}}, "text": "CI over pooled episodes \u2014 ckpt_policy__abl_NoPE \u2014 EXP (any degree)\n------------------------------------------------------------------\nmix.H: 3.2776 [3.2776, 3.2776] @ 95% (n=2560, se=0)\n  seed_mean: 3.2776 [3.2776, 3.2776] @ 95% (n=10, se=0)\nmix.hell: 0.5723 [0.5723, 0.5723] @ 95% (n=2560, se=0)\n  seed_mean: 0.5723 [0.5723, 0.5723] @ 95% (n=10, se=0)\nmix.js: 0.2485 [0.2485, 0.2485] @ 95% (n=2560, se=0)\n  seed_mean: 0.2485 [0.2485, 0.2485] @ 95% (n=10, se=0)\nmix.kl_pu: 0.8813 [0.8813, 0.8813] @ 95% (n=2560, se=0)\n  seed_mean: 0.8813 [0.8813, 0.8813] @ 95% (n=10, se=0)\nmix.l2: 0.1662 [0.1662, 0.1662] @ 95% (n=2560, se=0)\n  seed_mean: 0.1662 [0.1662, 0.1662] @ 95% (n=10, se=0)\nmix.tv: 0.5442 [0.5442, 0.5442] @ 95% (n=2560, se=0)\n  seed_mean: 0.5442 [0.5442, 0.5442] @ 95% (n=10, se=0)", "text_seed": "Seed-level CI (replicates = seeds; values = per-seed episode means)\nmethod=student_t alpha=0.05 n_seeds=10\nmix.tv: mean=0.544158 lo=0.544158 hi=0.544158 stderr=0 n=10\nmix.js: mean=0.248492 lo=0.248492 hi=0.248492 stderr=0 n=10\nmix.hell: mean=0.57235 lo=0.57235 hi=0.57235 stderr=0 n=10\nmix.l2: mean=0.166225 lo=0.166225 hi=0.166225 stderr=0 n=10\nmix.H: mean=3.27762 lo=3.27762 hi=3.27762 stderr=0 n=10\nmix.kl_pu: mean=0.881272 lo=0.881272 hi=0.881272 stderr=0 n=10\n"}, "ckpt_policy__abl_GlobalCoin": {"summary": {"mix.tv": 0.5324896574020386, "mix.js": 0.24264362454414368, "mix.hell": 0.5668884515762329, "mix.l2": 0.15788762271404266, "mix.H": 3.314997911453247, "mix.kl_pu": 0.8438984751701355}, "ci": {"mix.tv": {"mean": 0.5324896574020386, "lo": 0.5324896574020386, "hi": 0.5324896574020386, "stderr": 0.0, "n": 2560}, "mix.js": {"mean": 0.24264362454414368, "lo": 0.24264362454414368, "hi": 0.24264362454414368, "stderr": 0.0, "n": 2560}, "mix.hell": {"mean": 0.5668884515762329, "lo": 0.5668884515762329, "hi": 0.5668884515762329, "stderr": 0.0, "n": 2560}, "mix.l2": {"mean": 0.15788762271404266, "lo": 0.15788762271404266, "hi": 0.15788762271404266, "stderr": 0.0, "n": 2560}, "mix.H": {"mean": 3.314997911453247, "lo": 3.314997911453247, "hi": 3.314997911453247, "stderr": 0.0, "n": 2560}, "mix.kl_pu": {"mean": 0.8438984751701355, "lo": 0.8438984751701355, "hi": 0.8438984751701355, "stderr": 0.0, "n": 2560}}, "summary_seed": {"mix.tv": 0.5324896574020386, "mix.js": 0.24264362454414368, "mix.hell": 0.5668884515762329, "mix.l2": 0.15788762271404266, "mix.H": 3.314997911453247, "mix.kl_pu": 0.8438984751701355}, "ci_seed": {"mix.tv": {"mean": 0.5324896574020386, "lo": 0.5324896574020386, "hi": 0.5324896574020386, "stderr": 0.0, "n": 10}, "mix.js": {"mean": 0.24264362454414368, "lo": 0.24264362454414368, "hi": 0.24264362454414368, "stderr": 0.0, "n": 10}, "mix.hell": {"mean": 0.5668884515762329, "lo": 0.5668884515762329, "hi": 0.5668884515762329, "stderr": 0.0, "n": 10}, "mix.l2": {"mean": 0.15788762271404266, "lo": 0.15788762271404266, "hi": 0.15788762271404266, "stderr": 0.0, "n": 10},