cond,metric.mix.tv,metric.mix.js,metric.mix.hell,metric.mix.l2,metric.mix.H,metric.mix.kl_pu
ckpt_policy,0.6378114819526672,0.31308677792549133,0.6323792338371277,0.2719579041004181,2.8335533142089844,1.3253437280654907
ckpt_policy__abl_NoPE,0.5441579222679138,0.2484922558069229,0.5723496675491333,0.166225403547287,3.2776241302490234,0.8812723755836487
ckpt_policy__abl_GlobalCoin,0.5324896574020386,0.24264362454414368,0.5668884515762329,0.15788762271404266,3.314997911453247,0.8438984751701355
ckpt_policy__abl_TimeFrozen,0.6253387928009033,0.2978297770023346,0.6176809668540955,0.213781476020813,3.0121371746063232,1.146759271621704
ckpt_policy__abl_NodePermute,0.5652395486831665,0.27287089824676514,0.5957678556442261,0.2069636732339859,3.1122965812683105,1.0465997457504272
