{
  "mix.tv": {
    "mean": 0.2591119408607483,
    "lo": 0.2591119408607483,
    "hi": 0.2591119408607483,
    "stderr": 0.0,
    "n": 500
  },
  "mix.js": {
    "mean": 0.048323534429073334,
    "lo": 0.048323534429073334,
    "hi": 0.048323534429073334,
    "stderr": 0.0,
    "n": 500
  },
  "mix.hell": {
    "mean": 0.22229354083538055,
    "lo": 0.22229354083538055,
    "hi": 0.22229354083538055,
    "stderr": 0.0,
    "n": 500
  },
  "mix.l2": {
    "mean": 0.08357354253530502,
    "lo": 0.08357354253530502,
    "hi": 0.08357354253530502,
    "stderr": 0.0,
    "n": 500
  },
  "mix.H": {
    "mean": 3.961979389190674,
    "lo": 3.961979389190674,
    "hi": 3.961979389190674,
    "stderr": 0.0,
    "n": 500
  },
  "mix.kl_pu": {
    "mean": 0.19690388441085815,
    "lo": 0.19690388441085815,
    "hi": 0.19690388441085815,
    "stderr": 0.0,
    "n": 500
  },
  "target.success": {
    "mean": 0.005652930587530136,
    "lo": 0.005652930587530136,
    "hi": 0.005652930587530136,
    "stderr": 0.0,
    "n": 500
  },
  "target.maxp": {
    "mean": 0.05940058082342148,
    "lo": 0.05940058082342148,
    "hi": 0.05940058082342148,
    "stderr": 0.0,
    "n": 500
  },
  "target.gini": {
    "mean": 0.3467828631401062,
    "lo": 0.3467828631401062,
    "hi": 0.3467828631401062,
    "stderr": 0.0,
    "n": 500
  },
  "target.tv_vsU": {
    "mean": 0.2591119408607483,
    "lo": 0.2591119408607483,
    "hi": 0.2591119408607483,
    "stderr": 0.0,
    "n": 500
  },
  "target.js_vsU": {
    "mean": 0.048323534429073334,
    "lo": 0.048323534429073334,
    "hi": 0.048323534429073334,
    "stderr": 0.0,
    "n": 500
  },
  "target.H": {
    "mean": 3.961979389190674,
    "lo": 3.961979389190674,
    "hi": 3.961979389190674,
    "stderr": 0.0,
    "n": 500
  },
  "target.KLpU": {
    "mean": 0.19690388441085815,
    "lo": 0.19690388441085815,
    "hi": 0.19690388441085815,
    "stderr": 0.0,
    "n": 500
  },
  "target.cvar_neglogOmega": {
    "mean": 5.175580978393555,
    "lo": 5.175580978393555,
    "hi": 5.175580978393555,
    "stderr": 0.0,
    "n": 500
  }
}