cond,mix.tv,target.tv_vsU,target.success,mix.H,mix.hell,mix.js,mix.kl_pu,mix.l2,target.H,target.KLpU,target.cvar_neglogOmega,target.gini,target.js_vsU,target.maxp
baseline_hadamard,0.6224917817628011,0.6224917817628011,0.01612681470616053,2.940139658097178,0.6254356783581898,0.3051733137690462,1.2187567158136516,0.24031026480952278,2.940139658097178,1.2187567158136516,11.172311054589226,0.7627689925255254,0.3051733137690462,0.1687116458255332
