{"conditions": {"baseline_hadamard": {"summary": {"mix.tv": 0.6224917817628011, "mix.js": 0.3051733137690462, "mix.hell": 0.6254356783581898, "mix.l2": 0.24031026480952278, "mix.H": 2.940139658097178, "mix.kl_pu": 1.2187567158136516, "target.success": 0.01612681470616053, "target.maxp": 0.1687116458255332, "target.gini": 0.7627689925255254, "target.tv_vsU": 0.6224917817628011, "target.js_vsU": 0.3051733137690462, "target.H": 2.940139658097178, "target.KLpU": 1.2187567158136516, "target.cvar_neglogOmega": 11.172311054589226}, "ci": {"mix.tv": {"mean": 0.6224917817628011, "lo": 0.6206588235491654, "hi": 0.6244679929013365, "stderr": 0.0010030059919677364, "n": 2560}, "mix.js": {"mean": 0.3051733137690462, "lo": 0.3036250704069971, "hi": 0.3066420571759227, "stderr": 0.0007744352257953775, "n": 2560}, "mix.hell": {"mean": 0.6254356783581898, "lo": 0.6240729397785617, "hi": 0.626800831668661, "stderr": 0.0006964187368698545, "n": 2560}, "mix.l2": {"mean": 0.24031026480952278, "lo": 0.23785574683613958, "hi": 0.24290885230351705, "stderr": 0.0013198742956695734, "n": 2560}, "mix.H": {"mean": 2.940139658097178, "lo": 2.9292731325072237, "hi": 2.950305261554895, "stderr": 0.005501682100600939, "n": 2560}, "mix.kl_pu": {"mean": 1.2187567158136516, "lo": 1.2084144133509835, "hi": 1.2291963775508339, "stderr": 0.005255230185669573, "n": 2560}, "target.success": {"mean": 0.01612681470616053, "lo": 0.014985340130996044, "hi": 0.01718226963045719, "stderr": 0.0005633835861103325, "n": 2560}, "target.maxp": {"mean": 0.1687116458255332, "lo": 0.1657566323325591, "hi": 0.17179749029011873, "stderr": 0.0015669293544259692, "n": 2560}, "target.gini": {"mean": 0.7627689925255254, "lo": 0.7608630529802759, "hi": 0.7645767708687344, "stderr": 0.0009247978031549565, "n": 2560}, "target.tv_vsU": {"mean": 0.6224917817628011, "lo": 0.6206417790119304, "hi": 0.6244110531097976, "stderr": 0.0009909677405843312, "n": 2560}, "target.js_vsU": {"mean": 0.3051733137690462, "lo": 0.3035986413562205, "hi": 0.306717223621381, "stderr": 0.0007675903350128567, "n": 2560}, "target.H": {"mean": 2.940139658097178, "lo": 2.930226372029865, "hi": 2.9506622869463173, "stderr": 0.005383988439870327, "n": 2560}, "target.KLpU": {"mean": 1.2187567158136516, "lo": 1.2089475867315196, "hi": 1.2293051102210302, "stderr": 0.005478511449601562, "n": 2560}, "target.cvar_neglogOmega": {"mean": 11.172311054589226, "lo": 10.883862702425104, "hi": 11.438640317844692, "stderr": 0.14394415393943538, "n": 2560}}, "summary_seed": {"mix.tv": 0.6224917817628011, "mix.js": 0.3051733137690462, "mix.hell": 0.6254356783581898, "mix.l2": 0.24031026480952278, "mix.H": 2.940139658097178, "mix.kl_pu": 1.2187567158136516, "target.success": 0.01612681470616053, "target.maxp": 0.1687116458255332, "target.gini": 0.7627689925255254, "target.tv_vsU": 0.6224917817628011, "target.js_vsU": 0.3051733137690462, "target.H": 2.940139658097178, "target.KLpU": 1.2187567158136516, "target.cvar_neglogOmega": 11.172311054589226}, "ci_seed": {"mix.tv": {"mean": 0.6224917817628011, "lo": 0.6194270497182304, "hi": 0.6255565138073718, "stderr": 0.0013547829898361533, "n": 10}, "mix.js": {"mean": 0.3051733137690462, "lo": 0.30288885122404957, "hi": 0.30745777631404286, "stderr": 0.0010098602265610876, "n": 10}, "mix.hell": {"mean": 0.6254356783581898, "lo": 0.6233858798495383, "hi": 0.6274854768668413, "stderr": 0.0009061255965369581, "n": 10}, "mix.l2": {"mean": 0.24031026480952278, "lo": 0.2368399298294924, "hi": 0.24378059978955316, "stderr": 0.0015340821747556908, "n": 10}, "mix.H": {"mean": 2.940139658097178, "lo": 2.9249782726908076, "hi": 2.9553010435035483, "stderr": 0.006702180403434823, "n": 10}, "mix.kl_pu": {"mean": 1.2187567158136516, "lo": 1.2035953294240922, "hi": 1.233918102203211, "stderr": 0.006702180838059324, "n": 10}, "target.success": {"mean": 0.01612681470616053, "lo": 0.015083718493738626, "hi": 0.017169910918582432, "stderr": 0.00046110687159589667, "n": 10}, "target.maxp": {"mean": 0.1687116458255332, "lo": 0.16492876786719154, "hi": 0.17249452378387484, "stderr": 0.0016722436532963453, "n": 10}, "target.gini": {"mean": 0.7627689925255254, "lo": 0.7602614742738918, "hi": 0.7652765107771591, "stderr": 0.0011084633255410072, "n": 10}, "target.tv_vsU": {"mean": 0.6224917817628011, "lo": 0.6194270497182304, "hi": 0.6255565138073718, "stderr": 0.0013547829898361533, "n": 10}, "target.js_vsU": {"mean": 0.3051733137690462, "lo": 0.30288885122404957, "hi": 0.30745777631404286, "stderr": 0.0010098602265610876, "n": 10}, "target.H": {"mean": 2.940139658097178, "lo": 2.9249782726908076, "hi": 2.9553010435035483, "stderr": 0.006702180403434823, "n": 10}, "target.KLpU": {"mean": 1.2187567158136516, "lo": 1.2035953294240922, "hi": 1.233918102203211, "stderr": 0.006702180838059324, "n": 10}, "target.cvar_neglogOmega": {"mean": 11.172311054589226, "lo": 10.812099060846627, "hi": 11.532523048331825, "stderr": 0.15923384973311497, "n": 10}}, "text": "CI over pooled episodes \u2014 baseline_hadamard \u2014 SU2 (deg=2)\n---------------------------------------------------------\nmix.H: 2.9401 [2.9293, 2.9503] @ 95% (n=2560, se=0.005502)\n  seed_mean: 2.9401 [2.9270, 2.9511] @ 95% (n=10, se=0.006151)\nmix.hell: 0.6254 [0.6241, 0.6268] @ 95% (n=2560, se=0.0006964)\n  seed_mean: 0.6254 [0.6240, 0.6271] @ 95% (n=10, se=0.0008427)\nmix.js: 0.3052 [0.3036, 0.3066] @ 95% (n=2560, se=0.0007744)\n  seed_mean: 0.3052 [0.3035, 0.3071] @ 95% (n=10, se=0.0009367)\nmix.kl_pu: 1.2188 [1.2084, 1.2292] @ 95% (n=2560, se=0.005255)\n  seed_mean: 1.2188 [1.2074, 1.2319] @ 95% (n=10, se=0.006307)\nmix.l2: 0.2403 [0.2379, 0.2429] @ 95% (n=2560, se=0.00132)\n  seed_mean: 0.2403 [0.2378, 0.2434] @ 95% (n=10, se=0.001497)\nmix.tv: 0.6225 [0.6207, 0.6245] @ 95% (n=2560, se=0.001003)\n  seed_mean: 0.6225 [0.6201, 0.6250] @ 95% (n=10, se=0.001289)\ntarget.H: 2.9401 [2.9302, 2.9507] @ 95% (n=2560, se=0.005384)\n  seed_mean: 2.9401 [2.9268, 2.9510] @ 95% (n=10, se=0.006239)\ntarget.KLpU: 1.2188 [1.2089, 1.2293] @ 95% (n=2560, se=0.005479)\n  seed_mean: 1.2188 [1.2078, 1.2316] @ 95% (n=10, se=0.006291)\ntarget.cvar_neglogOmega: 11.1723 [10.8839, 11.4386] @ 95% (n=2560, se=0.1439)\n  seed_mean: 11.1723 [10.9059, 11.4779] @ 95% (n=10, se=0.1468)\ntarget.gini: 0.7628 [0.7609, 0.7646] @ 95% (n=2560, se=0.0009248)\n  seed_mean: 0.7628 [0.7609, 0.7648] @ 95% (n=10, se=0.001016)\ntarget.js_vsU: 0.3052 [0.3036, 0.3067] @ 95% (n=2560, se=0.0007676)\n  seed_mean: 0.3052 [0.3035, 0.3071] @ 95% (n=10, se=0.0009281)\ntarget.maxp: 0.1687 [0.1658, 0.1718] @ 95% (n=2560, se=0.001567)\n  seed_mean: 0.1687 [0.1659, 0.1720] @ 95% (n=10, se=0.001581)\ntarget.success: 0.0161 [0.0150, 0.0172] @ 95% (n=2560, se=0.0005634)\n  seed_mean: 0.0161 [0.0153, 0.0169] @ 95% (n=10, se=0.0004201)\ntarget.tv_vsU: 0.6225 [0.6206, 0.6244] @ 95% (n=2560, se=0.000991)\n  seed_mean: 0.6225 [0.6202, 0.6252] @ 95% (n=10, se=0.001286)",