cond,metric.mix.tv,metric.mix.js,metric.mix.hell,metric.mix.l2,metric.mix.H,metric.mix.kl_pu,metric.target.success,metric.target.maxp,metric.target.gini,metric.target.tv_vsU,metric.target.js_vsU,metric.target.H,metric.target.KLpU,metric.target.cvar_neglogOmega
baseline_hadamard,0.6224917817628011,0.3051733137690462,0.6254356783581898,0.24031026480952278,2.940139658097178,1.2187567158136516,0.01612681470616053,0.1687116458255332,0.7627689925255254,0.6224917817628011,0.3051733137690462,2.940139658097178,1.2187567158136516,11.172311054589226
