{"mix.tv": {"mean": 0.25837013125419617, "lo": 0.25837013125419617, "hi": 0.25837013125419617, "stderr": 0.0, "n": 2560}, "mix.js": {"mean": 0.04955095797777176, "lo": 0.04955095797777176, "hi": 0.04955095797777176, "stderr": 0.0, "n": 2560}, "mix.hell": {"mean": 0.22556953132152557, "lo": 0.22556953132152557, "hi": 0.22556953132152557, "stderr": 0.0, "n": 2560}, "mix.l2": {"mean": 0.08061377704143524, "lo": 0.08061377704143524, "hi": 0.08061377704143524, "stderr": 0.0, "n": 2560}, "mix.H": {"mean": 3.9629929065704346, "lo": 3.9629929065704346, "hi": 3.9629929065704346, "stderr": 0.0, "n": 2560}, "mix.kl_pu": {"mean": 0.1958906054496765, "lo": 0.1958906054496765, "hi": 0.1958906054496765, "stderr": 0.0, "n": 2560}, "target.success": {"mean": 0.024020064622163773, "lo": 0.024020064622163773, "hi": 0.024020064622163773, "stderr": 0.0, "n": 2560}, "target.maxp": {"mean": 0.05208088085055351, "lo": 0.05208088085055351, "hi": 0.05208088085055351, "stderr": 0.0, "n": 2560}, "target.gini": {"mean": 0.3474588394165039, "lo": 0.3474588394165039, "hi": 0.3474588394165039, "stderr": 0.0, "n": 2560}, "target.tv_vsU": {"mean": 0.25837013125419617, "lo": 0.25837013125419617, "hi": 0.25837013125419617, "stderr": 0.0, "n": 2560}, "target.js_vsU": {"mean": 0.04955095797777176, "lo": 0.04955095797777176, "hi": 0.04955095797777176, "stderr": 0.0, "n": 2560}, "target.H": {"mean": 3.9629929065704346, "lo": 3.9629929065704346, "hi": 3.9629929065704346, "stderr": 0.0, "n": 2560}, "target.KLpU": {"mean": 0.1958906054496765, "lo": 0.1958906054496765, "hi": 0.1958906054496765, "stderr": 0.0, "n": 2560}, "target.cvar_neglogOmega": {"mean": 3.7288658618927, "lo": 3.7288658618927, "hi": 3.7288658618927, "stderr": 0.0, "n": 2560}}