{"mix.tv": {"mean": 0.9448024034500122, "lo": 0.9448024034500122, "hi": 0.9448024034500122, "stderr": 0.0, "n": 10}, "mix.js": {"mean": 0.5932446718215942, "lo": 0.5932446718215942, "hi": 0.5932446718215942, "stderr": 0.0, "n": 10}, "mix.hell": {"mean": 0.8831024169921875, "lo": 0.8831024169921875, "hi": 0.8831024169921875, "stderr": 0.0, "n": 10}, "mix.l2": {"mean": 0.6755360960960388, "lo": 0.6755360960960388, "hi": 0.6755360960960388, "stderr": 0.0, "n": 10}, "mix.H": {"mean": 0.937719464302063, "lo": 0.937719464302063, "hi": 0.937719464302063, "stderr": 0.0, "n": 10}, "mix.kl_pu": {"mean": 3.221187114715576, "lo": 3.221187114715576, "hi": 3.221187114715576, "stderr": 0.0, "n": 10}, "target.success": {"mean": 6.738313095411286e-05, "lo": 6.738313095411286e-05, "hi": 6.738313095411286e-05, "stderr": 0.0, "n": 10}, "target.maxp": {"mean": 0.6397082209587097, "lo": 0.6397082209587097, "hi": 0.6397082209587097, "stderr": 0.0, "n": 10}, "target.gini": {"mean": 0.9676763415336609, "lo": 0.9676763415336609, "hi": 0.9676763415336609, "stderr": 0.0, "n": 10}, "target.tv_vsU": {"mean": 0.9448024034500122, "lo": 0.9448024034500122, "hi": 0.9448024034500122, "stderr": 0.0, "n": 10}, "target.js_vsU": {"mean": 0.5932446718215942, "lo": 0.5932446718215942, "hi": 0.5932446718215942, "stderr": 0.0, "n": 10}, "target.H": {"mean": 0.937719464302063, "lo": 0.937719464302063, "hi": 0.937719464302063, "stderr": 0.0, "n": 10}, "target.KLpU": {"mean": 3.221187114715576, "lo": 3.221187114715576, "hi": 3.221187114715576, "stderr": 0.0, "n": 10}, "target.cvar_neglogOmega": {"mean": 9.60511589050293, "lo": 9.60511589050293, "hi": 9.60511589050293, "stderr": 0.0, "n": 10}}