{"mix.tv": {"mean": 0.5817672610282898, "lo": 0.5817672610282898, "hi": 0.5817672610282898, "stderr": 0.0, "n": 10}, "mix.js": {"mean": 0.26911595463752747, "lo": 0.26911595463752747, "hi": 0.26911595463752747, "stderr": 0.0, "n": 10}, "mix.hell": {"mean": 0.591279149055481, "lo": 0.591279149055481, "hi": 0.591279149055481, "stderr": 0.0, "n": 10}, "mix.l2": {"mean": 0.18774792551994324, "lo": 0.18774792551994324, "hi": 0.18774792551994324, "stderr": 0.0, "n": 10}, "mix.H": {"mean": 3.162773609161377, "lo": 3.162773609161377, "hi": 3.162773609161377, "stderr": 0.0, "n": 10}, "mix.kl_pu": {"mean": 0.9961229562759399, "lo": 0.9961229562759399, "hi": 0.9961229562759399, "stderr": 0.0, "n": 10}, "target.success": {"mean": 0.015385666803194909, "lo": 0.014597877261242993, "hi": 0.016173456345146824, "stderr": 0.00034824704264047876, "n": 10}, "target.maxp": {"mean": 0.0857328549027443, "lo": 0.0857328549027443, "hi": 0.0857328549027443, "stderr": 0.0, "n": 10}, "target.gini": {"mean": 0.7160595655441284, "lo": 0.7160595655441284, "hi": 0.7160595655441284, "stderr": 0.0, "n": 10}, "target.tv_vsU": {"mean": 0.5817672610282898, "lo": 0.5817672610282898, "hi": 0.5817672610282898, "stderr": 0.0, "n": 10}, "target.js_vsU": {"mean": 0.26911595463752747, "lo": 0.26911595463752747, "hi": 0.26911595463752747, "stderr": 0.0, "n": 10}, "target.H": {"mean": 3.162773609161377, "lo": 3.162773609161377, "hi": 3.162773609161377, "stderr": 0.0, "n": 10}, "target.KLpU": {"mean": 0.9961229562759399, "lo": 0.9961229562759399, "hi": 0.9961229562759399, "stderr": 0.0, "n": 10}, "target.cvar_neglogOmega": {"mean": 11.060641493462025, "lo": 10.767596885753116, "hi": 11.353686101170934, "stderr": 0.12954210809083797, "n": 10}}