cond,metric.mix.tv,metric.mix.js,metric.mix.hell,metric.mix.l2,metric.mix.H,metric.mix.kl_pu,metric.target.success,metric.target.maxp,metric.target.gini,metric.target.tv_vsU,metric.target.js_vsU,metric.target.H,metric.target.KLpU,metric.target.cvar_neglogOmega
ckpt_policy,0.7462528347969055,0.40688470005989075,0.7259082794189453,0.3269297182559967,2.4199061393737793,1.738993525505066,6.504471704942189e-27,0.23876149952411652,0.8647448420524597,0.7462528347969055,0.40688470005989075,2.4199061393737793,1.738993525505066,18.42068099975586
ckpt_policy__abl_NoPE,0.7774713039398193,0.4159078598022461,0.7367175221443176,0.2948417663574219,2.4793038368225098,1.679598331451416,2.942726775082116e-44,0.21711847186088562,0.8467115759849548,0.7774713039398193,0.4159078598022461,2.4793038368225098,1.679598331451416,18.42068099975586
ckpt_policy__abl_GlobalCoin,0.7462528347969055,0.40688470005989075,0.7259082794189453,0.3269297182559967,2.4199061393737793,1.738993525505066,6.504471704942189e-27,0.23876149952411652,0.8647448420524597,0.7462528347969055,0.40688470005989075,2.4199061393737793,1.738993525505066,18.42068099975586
ckpt_policy__abl_TimeFrozen,0.7462528347969055,0.40688470005989075,0.7259082794189453,0.3269297182559967,2.4199061393737793,1.738993525505066,6.504471704942189e-27,0.23876149952411652,0.8647448420524597,0.7462528347969055,0.40688470005989075,2.4199061393737793,1.738993525505066,18.42068099975586
ckpt_policy__abl_NodePermute,0.7288074493408203,0.3821079432964325,0.7043095231056213,0.26560285687446594,2.6372876167297363,1.5216128826141357,0.0,0.14338314533233643,0.8322800397872925,0.7288074493408203,0.3821079432964325,2.6372876167297363,1.5216128826141357,18.42068099975586
