{"mix.tv": {"mean": 0.8509705662727356, "lo": 0.8509705662727356, "hi": 0.8509705662727356, "stderr": 0.0, "n": 10}, "mix.js": {"mean": 0.49796509742736816, "lo": 0.49796509742736816, "hi": 0.49796509742736816, "stderr": 0.0, "n": 10}, "mix.hell": {"mean": 0.806810200214386, "lo": 0.806810200214386, "hi": 0.806810200214386, "stderr": 0.0, "n": 10}, "mix.l2": {"mean": 0.46017616987228394, "lo": 0.46017616987228394, "hi": 0.46017616987228394, "stderr": 0.0, "n": 10}, "mix.H": {"mean": 1.7902123928070068, "lo": 1.7902123928070068, "hi": 1.7902123928070068, "stderr": 0.0, "n": 10}, "mix.kl_pu": {"mean": 2.36869215965271, "lo": 2.36869215965271, "hi": 2.36869215965271, "stderr": 0.0, "n": 10}, "target.success": {"mean": 0.0, "lo": 0.0, "hi": 0.0, "stderr": 0.0, "n": 10}, "target.maxp": {"mean": 0.37315985560417175, "lo": 0.37315985560417175, "hi": 0.37315985560417175, "stderr": 0.0, "n": 10}, "target.gini": {"mean": 0.927737832069397, "lo": 0.927737832069397, "hi": 0.927737832069397, "stderr": 0.0, "n": 10}, "target.tv_vsU": {"mean": 0.8509705662727356, "lo": 0.8509705662727356, "hi": 0.8509705662727356, "stderr": 0.0, "n": 10}, "target.js_vsU": {"mean": 0.49796509742736816, "lo": 0.49796509742736816, "hi": 0.49796509742736816, "stderr": 0.0, "n": 10}, "target.H": {"mean": 1.7902123928070068, "lo": 1.7902123928070068, "hi": 1.7902123928070068, "stderr": 0.0, "n": 10}, "target.KLpU": {"mean": 2.36869215965271, "lo": 2.36869215965271, "hi": 2.36869215965271, "stderr": 0.0, "n": 10}, "target.cvar_neglogOmega": {"mean": 18.42068099975586, "lo": 18.42068099975586, "hi": 18.42068099975586, "stderr": 0.0, "n": 10}}