{"mix.tv": {"mean": 0.6253387928009033, "lo": 0.6253387928009033, "hi": 0.6253387928009033, "stderr": 0.0, "n": 2560}, "mix.js": {"mean": 0.2978297770023346, "lo": 0.2978297770023346, "hi": 0.2978297770023346, "stderr": 0.0, "n": 2560}, "mix.hell": {"mean": 0.6176809668540955, "lo": 0.6176809668540955, "hi": 0.6176809668540955, "stderr": 0.0, "n": 2560}, "mix.l2": {"mean": 0.213781476020813, "lo": 0.213781476020813, "hi": 0.213781476020813, "stderr": 0.0, "n": 2560}, "mix.H": {"mean": 3.0121371746063232, "lo": 3.0121371746063232, "hi": 3.0121371746063232, "stderr": 0.0, "n": 2560}, "mix.kl_pu": {"mean": 1.146759271621704, "lo": 1.146759271621704, "hi": 1.146759271621704, "stderr": 0.0, "n": 2560}}