{"mix.tv": {"mean": 0.722011387348175, "lo": 0.7140686511993408, "hi": 0.7299541234970093, "stderr": 0.005591000776244889, "n": 2}, "mix.js": {"mean": 0.38114869594573975, "lo": 0.37637364864349365, "hi": 0.38592374324798584, "stderr": 0.0033696307314232117, "n": 2}, "mix.hell": {"mean": 0.6943099498748779, "lo": 0.6883339881896973, "hi": 0.7002859115600586, "stderr": 0.004336137746348716, "n": 2}, "mix.l2": {"mean": 0.331014946103096, "lo": 0.3117540776729584, "hi": 0.35027581453323364, "stderr": 0.013609603074588346, "n": 2}, "mix.H": {"mean": 2.4571233987808228, "lo": 2.3994038105010986, "hi": 2.514842987060547, "stderr": 0.04021512380576192, "n": 2}, "mix.kl_pu": {"mean": 1.7017731666564941, "lo": 1.6440534591674805, "hi": 1.7594928741455078, "stderr": 0.04025718713772104, "n": 2}, "target.success": {"mean": 0.0, "lo": 0.0, "hi": 0.0, "stderr": 0.0, "n": 2}, "target.maxp": {"mean": 0.2165970802307129, "lo": 0.1910082846879959, "hi": 0.24218587577342987, "stderr": 0.017809220506118554, "n": 2}, "target.gini": {"mean": 0.8603679835796356, "lo": 0.8546175956726074, "hi": 0.8661183714866638, "stderr": 0.0040882647876495865, "n": 2}, "target.tv_vsU": {"mean": 0.722011387348175, "lo": 0.7140686511993408, "hi": 0.7299541234970093, "stderr": 0.00560711243185635, "n": 2}, "target.js_vsU": {"mean": 0.38114869594573975, "lo": 0.37637364864349365, "hi": 0.38592374324798584, "stderr": 0.0033735570235129465, "n": 2}, "target.H": {"mean": 2.4571233987808228, "lo": 2.3994038105010986, "hi": 2.514842987060547, "stderr": 0.0400899177120084, "n": 2}, "target.KLpU": {"mean": 1.7017731666564941, "lo": 1.6440534591674805, "hi": 1.7594928741455078, "stderr": 0.040521860237927296, "n": 2}, "target.cvar_neglogOmega": {"mean": 18.42068099975586, "lo": 18.42068099975586, "hi": 18.42068099975586, "stderr": 0.0, "n": 2}}