{"mix.tv": {"mean": 0.7220108211040497, "lo": 0.7140684127807617, "hi": 0.7299532294273376, "stderr": 0.0055907700153522985, "n": 2}, "mix.js": {"mean": 0.38114847242832184, "lo": 0.37637320160865784, "hi": 0.38592374324798584, "stderr": 0.0033697884620408616, "n": 2}, "mix.hell": {"mean": 0.6943098902702332, "lo": 0.6883337497711182, "hi": 0.7002860307693481, "stderr": 0.0043362674931394325, "n": 2}, "mix.l2": {"mean": 0.3310147672891617, "lo": 0.3117538392543793, "hi": 0.3502756953239441, "stderr": 0.013609645190838689, "n": 2}, "mix.H": {"mean": 2.4571245908737183, "lo": 2.399404287338257, "hi": 2.5148448944091797, "stderr": 0.04021562214781339, "n": 2}, "mix.kl_pu": {"mean": 1.7017722129821777, "lo": 1.6440515518188477, "hi": 1.7594928741455078, "stderr": 0.040257852287408843, "n": 2}, "target.success": {"mean": 0.0, "lo": 0.0, "hi": 0.0, "stderr": 0.0, "n": 2}, "target.maxp": {"mean": 0.216597281396389, "lo": 0.19100841879844666, "hi": 0.24218614399433136, "stderr": 0.01780926717503247, "n": 2}, "target.gini": {"mean": 0.8603678643703461, "lo": 0.8546174764633179, "hi": 0.8661182522773743, "stderr": 0.0040882647876495865, "n": 2}, "target.tv_vsU": {"mean": 0.7220108211040497, "lo": 0.7140684127807617, "hi": 0.7299532294273376, "stderr": 0.0056068810059772605, "n": 2}, "target.js_vsU": {"mean": 0.38114847242832184, "lo": 0.37637320160865784, "hi": 0.38592374324798584, "stderr": 0.0033737149379182226, "n": 2}, "target.H": {"mean": 2.4571245908737183, "lo": 2.399404287338257, "hi": 2.5148448944091797, "stderr": 0.0400904145025175, "n": 2}, "target.KLpU": {"mean": 1.7017722129821777, "lo": 1.6440515518188477, "hi": 1.7594928741455078, "stderr": 0.04052252976067832, "n": 2}, "target.cvar_neglogOmega": {"mean": 18.42068099975586, "lo": 18.42068099975586, "hi": 18.42068099975586, "stderr": 0.0, "n": 2}}