{"mix.tv": {"mean": 0.8296528458595276, "lo": 0.8296528458595276, "hi": 0.8296528458595276, "stderr": 0.0, "n": 10}, "mix.js": {"mean": 0.4758949279785156, "lo": 0.4758949279785156, "hi": 0.4758949279785156, "stderr": 0.0, "n": 10}, "mix.hell": {"mean": 0.7859556674957275, "lo": 0.7859556674957275, "hi": 0.7859556674957275, "stderr": 0.0, "n": 10}, "mix.l2": {"mean": 0.4363527297973633, "lo": 0.4363527297973633, "hi": 0.4363527297973633, "stderr": 0.0, "n": 10}, "mix.H": {"mean": 1.93927001953125, "lo": 1.93927001953125, "hi": 1.93927001953125, "stderr": 0.0, "n": 10}, "mix.kl_pu": {"mean": 2.219630718231201, "lo": 2.219630718231201, "hi": 2.219630718231201, "stderr": 0.0, "n": 10}, "target.success": {"mean": 0.06791378557682037, "lo": 0.06791378557682037, "hi": 0.06791378557682037, "stderr": 0.0, "n": 10}, "target.maxp": {"mean": 0.3637799620628357, "lo": 0.3637799620628357, "hi": 0.3637799620628357, "stderr": 0.0, "n": 10}, "target.gini": {"mean": 0.9146378636360168, "lo": 0.9146378636360168, "hi": 0.9146378636360168, "stderr": 0.0, "n": 10}, "target.tv_vsU": {"mean": 0.8296528458595276, "lo": 0.8296528458595276, "hi": 0.8296528458595276, "stderr": 0.0, "n": 10}, "target.js_vsU": {"mean": 0.4758949279785156, "lo": 0.4758949279785156, "hi": 0.4758949279785156, "stderr": 0.0, "n": 10}, "target.H": {"mean": 1.93927001953125, "lo": 1.93927001953125, "hi": 1.93927001953125, "stderr": 0.0, "n": 10}, "target.KLpU": {"mean": 2.219630718231201, "lo": 2.219630718231201, "hi": 2.219630718231201, "stderr": 0.0, "n": 10}, "target.cvar_neglogOmega": {"mean": 2.689516305923462, "lo": 2.689516305923462, "hi": 2.689516305923462, "stderr": 0.0, "n": 10}}