{
  "mix.tv": {
    "mean": 0.9687345027923584,
    "lo": 0.9687345027923584,
    "hi": 0.9687345027923584,
    "stderr": 0.0,
    "n": 500
  },
  "mix.js": {
    "mean": 0.6232196092605591,
    "lo": 0.6232196092605591,
    "hi": 0.6232196092605591,
    "stderr": 0.0,
    "n": 500
  },
  "mix.hell": {
    "mean": 0.906961977481842,
    "lo": 0.906961977481842,
    "hi": 0.906961977481842,
    "stderr": 0.0,
    "n": 500
  },
  "mix.l2": {
    "mean": 0.7053293585777283,
    "lo": 0.7053293585777283,
    "hi": 0.7053293585777283,
    "stderr": 0.0,
    "n": 500
  },
  "mix.H": {
    "mean": 0.6802512407302856,
    "lo": 0.6802512407302856,
    "hi": 0.6802512407302856,
    "stderr": 0.0,
    "n": 500
  },
  "mix.kl_pu": {
    "mean": 3.4786548614501953,
    "lo": 3.4786548614501953,
    "hi": 3.4786548614501953,
    "stderr": 0.0,
    "n": 500
  },
  "target.success": {
    "mean": 0.9999844431877136,
    "lo": 0.9999844431877136,
    "hi": 0.9999844431877136,
    "stderr": 0.0,
    "n": 500
  },
  "target.maxp": {
    "mean": 0.581017017364502,
    "lo": 0.581017017364502,
    "hi": 0.581017017364502,
    "stderr": 0.0,
    "n": 500
  },
  "target.gini": {
    "mean": 0.9712804555892944,
    "lo": 0.9712804555892944,
    "hi": 0.9712804555892944,
    "stderr": 0.0,
    "n": 500
  },
  "target.tv_vsU": {
    "mean": 0.9687345027923584,
    "lo": 0.9687345027923584,
    "hi": 0.9687345027923584,
    "stderr": 0.0,
    "n": 500
  },
  "target.js_vsU": {
    "mean": 0.6232196092605591,
    "lo": 0.6232196092605591,
    "hi": 0.6232196092605591,
    "stderr": 0.0,
    "n": 500
  },
  "target.H": {
    "mean": 0.6802512407302856,
    "lo": 0.6802512407302856,
    "hi": 0.6802512407302856,
    "stderr": 0.0,
    "n": 500
  },
  "target.KLpU": {
    "mean": 3.4786548614501953,
    "lo": 3.4786548614501953,
    "hi": 3.4786548614501953,
    "stderr": 0.0,
    "n": 500
  },
  "target.cvar_neglogOmega": {
    "mean": 1.555693415866699e-05,
    "lo": 1.555693415866699e-05,
    "hi": 1.555693415866699e-05,
    "stderr": 0.0,
    "n": 500
  }
}