{"mix.tv": {"mean": 0.21055400371551514, "lo": 0.21055400371551514, "hi": 0.21055400371551514, "stderr": 0.0, "n": 10}, "mix.js": {"mean": 0.036364443600177765, "lo": 0.036364443600177765, "hi": 0.036364443600177765, "stderr": 0.0, "n": 10}, "mix.hell": {"mean": 0.19310300052165985, "lo": 0.19310300052165985, "hi": 0.19310300052165985, "stderr": 0.0, "n": 10}, "mix.l2": {"mean": 0.07007656246423721, "lo": 0.07007656246423721, "hi": 0.07007656246423721, "stderr": 0.0, "n": 10}, "mix.H": {"mean": 4.013651371002197, "lo": 4.013651371002197, "hi": 4.013651371002197, "stderr": 0.0, "n": 10}, "mix.kl_pu": {"mean": 0.14523223042488098, "lo": 0.14523223042488098, "hi": 0.14523223042488098, "stderr": 0.0, "n": 10}, "target.success": {"mean": 0.0074634491465985775, "lo": 0.0074634491465985775, "hi": 0.0074634491465985775, "stderr": 0.0, "n": 10}, "target.maxp": {"mean": 0.05297902971506119, "lo": 0.05297902971506119, "hi": 0.05297902971506119, "stderr": 0.0, "n": 10}, "target.gini": {"mean": 0.2952083349227905, "lo": 0.2952083349227905, "hi": 0.2952083349227905, "stderr": 0.0, "n": 10}, "target.tv_vsU": {"mean": 0.21055400371551514, "lo": 0.21055400371551514, "hi": 0.21055400371551514, "stderr": 0.0, "n": 10}, "target.js_vsU": {"mean": 0.036364443600177765, "lo": 0.036364443600177765, "hi": 0.036364443600177765, "stderr": 0.0, "n": 10}, "target.H": {"mean": 4.013651371002197, "lo": 4.013651371002197, "hi": 4.013651371002197, "stderr": 0.0, "n": 10}, "target.KLpU": {"mean": 0.14523223042488098, "lo": 0.14523223042488098, "hi": 0.14523223042488098, "stderr": 0.0, "n": 10}, "target.cvar_neglogOmega": {"mean": 4.897737503051758, "lo": 4.897737503051758, "hi": 4.897737503051758, "stderr": 0.0, "n": 10}}