{"mix.tv": {"mean": 0.8335530757904053, "lo": 0.8335530757904053, "hi": 0.8335530757904053, "stderr": 0.0, "n": 2}, "mix.js": {"mean": 0.48475340008735657, "lo": 0.48475340008735657, "hi": 0.48475340008735657, "stderr": 0.0, "n": 2}, "mix.hell": {"mean": 0.7925617694854736, "lo": 0.7925617694854736, "hi": 0.7925617694854736, "stderr": 0.0, "n": 2}, "mix.l2": {"mean": 0.45682379603385925, "lo": 0.45682379603385925, "hi": 0.45682379603385925, "stderr": 0.0, "n": 2}, "mix.H": {"mean": 1.8463234901428223, "lo": 1.8463234901428223, "hi": 1.8463234901428223, "stderr": 0.0, "n": 2}, "mix.kl_pu": {"mean": 2.3125789165496826, "lo": 2.3125789165496826, "hi": 2.3125789165496826, "stderr": 0.0, "n": 2}, "target.success": {"mean": 0.0, "lo": 0.0, "hi": 0.0, "stderr": 0.0, "n": 2}, "target.maxp": {"mean": 0.39477354288101196, "lo": 0.39477354288101196, "hi": 0.39477354288101196, "stderr": 0.0, "n": 2}, "target.gini": {"mean": 0.9253146052360535, "lo": 0.9253146052360535, "hi": 0.9253146052360535, "stderr": 0.0, "n": 2}, "target.tv_vsU": {"mean": 0.8335530757904053, "lo": 0.8335530757904053, "hi": 0.8335530757904053, "stderr": 0.0, "n": 2}, "target.js_vsU": {"mean": 0.48475340008735657, "lo": 0.48475340008735657, "hi": 0.48475340008735657, "stderr": 0.0, "n": 2}, "target.H": {"mean": 1.8463234901428223, "lo": 1.8463234901428223, "hi": 1.8463234901428223, "stderr": 0.0, "n": 2}, "target.KLpU": {"mean": 2.3125789165496826, "lo": 2.3125789165496826, "hi": 2.3125789165496826, "stderr": 0.0, "n": 2}, "target.cvar_neglogOmega": {"mean": 18.42068099975586, "lo": 18.42068099975586, "hi": 18.42068099975586, "stderr": 0.0, "n": 2}}