{"mix.tv": {"mean": 0.83355313539505, "lo": 0.83355313539505, "hi": 0.83355313539505, "stderr": 0.0, "n": 2}, "mix.js": {"mean": 0.48475322127342224, "lo": 0.48475322127342224, "hi": 0.48475322127342224, "stderr": 0.0, "n": 2}, "mix.hell": {"mean": 0.7925617098808289, "lo": 0.7925617098808289, "hi": 0.7925617098808289, "stderr": 0.0, "n": 2}, "mix.l2": {"mean": 0.4568239152431488, "lo": 0.4568239152431488, "hi": 0.4568239152431488, "stderr": 0.0, "n": 2}, "mix.H": {"mean": 1.8463231325149536, "lo": 1.8463231325149536, "hi": 1.8463231325149536, "stderr": 0.0, "n": 2}, "mix.kl_pu": {"mean": 2.3125789165496826, "lo": 2.3125789165496826, "hi": 2.3125789165496826, "stderr": 0.0, "n": 2}, "target.success": {"mean": 0.0, "lo": 0.0, "hi": 0.0, "stderr": 0.0, "n": 2}, "target.maxp": {"mean": 0.3947736918926239, "lo": 0.3947736918926239, "hi": 0.3947736918926239, "stderr": 0.0, "n": 2}, "target.gini": {"mean": 0.9253146052360535, "lo": 0.9253146052360535, "hi": 0.9253146052360535, "stderr": 0.0, "n": 2}, "target.tv_vsU": {"mean": 0.83355313539505, "lo": 0.83355313539505, "hi": 0.83355313539505, "stderr": 0.0, "n": 2}, "target.js_vsU": {"mean": 0.48475322127342224, "lo": 0.48475322127342224, "hi": 0.48475322127342224, "stderr": 0.0, "n": 2}, "target.H": {"mean": 1.8463231325149536, "lo": 1.8463231325149536, "hi": 1.8463231325149536, "stderr": 0.0, "n": 2}, "target.KLpU": {"mean": 2.3125789165496826, "lo": 2.3125789165496826, "hi": 2.3125789165496826, "stderr": 0.0, "n": 2}, "target.cvar_neglogOmega": {"mean": 18.42068099975586, "lo": 18.42068099975586, "hi": 18.42068099975586, "stderr": 0.0, "n": 2}}