{"env": {"time_utc": "2026-01-14T20:03:24Z", "python": "3.11.9 (main, Apr 19 2024, 16:48:06) [GCC 11.2.0]", "platform": "Linux-6.6.87.2-microsoft-standard-WSL2-x86_64-with-glibc2.39", "executable": "/home/angel/miniconda3/envs/acpl-qwalk/bin/python", "cwd": "/mnt/c/Users/Angel/Desktop/CS598/acpl-qwalk", "numpy": "2.3.3", "torch": "2.4.1+cu121", "torch_cuda_available": false, "torch_cuda_version": "12.1", "torch_cudnn_version": 90100}, "git": {"root": "/mnt/c/Users/Angel/Desktop/CS598/acpl-qwalk", "commit": "428e1fc4e060587e57b13e7a9cb4b4c0d322683a", "dirty": true}, "cfg_manifest_hex": "d046ddbf6e51ab48d724713f2e26d44c", "conditions": {"ckpt_policy": {"eval_metrics": {"mix.tv": 0.682624101638794, "mix.js": 0.34678569436073303, "mix.hell": 0.6623528003692627, "mix.l2": 0.3164433538913727, "mix.H": 2.6157584190368652, "mix.kl_pu": 1.543138027191162, "target.success": 0.01614569447719987, "target.maxp": 0.23795735836029053, "target.gini": 0.8345360159873962, "target.tv_vsU": 0.682624101638794, "target.js_vsU": 0.34678569436073303, "target.H": 2.6157584190368652, "target.KLpU": 1.543138027191162, "target.cvar_neglogOmega": 11.543557545775547}, "embeddings_error": "NameError: name 'seed0' is not defined"}, "ckpt_policy__abl_NoPE": {"eval_metrics": {"mix.tv": 0.5471595525741577, "mix.js": 0.25769272446632385, "mix.hell": 0.5818493366241455, "mix.l2": 0.17974679172039032, "mix.H": 3.225332260131836, "mix.kl_pu": 0.9335638880729675, "target.success": 0.015201377593939469, "target.maxp": 0.10842498391866684, "target.gini": 0.6855578422546387, "target.tv_vsU": 0.5471595525741577, "target.js_vsU": 0.25769272446632385, "target.H": 3.225332260131836, "target.KLpU": 0.9335638880729675, "target.cvar_neglogOmega": 11.262561404891311}, "embeddings_error": "NameError: name 'seed0' is not defined"}, "ckpt_policy__abl_GlobalCoin": {"eval_metrics": {"mix.tv": 0.682624101638794, "mix.js": 0.34678569436073303, "mix.hell": 0.6623528003692627, "mix.l2": 0.3164433538913727, "mix.H": 2.6157584190368652, "mix.kl_pu": 1.543138027191162, "target.success": 0.01614569447719987, "target.maxp": 0.23795735836029053, "target.gini": 0.8345360159873962, "target.tv_vsU": 0.682624101638794, "target.js_vsU": 0.34678569436073303, "target.H": 2.6157584190368652, "target.KLpU": 1.543138027191162, "target.cvar_neglogOmega": 11.543557545775547}, "embeddings_error": "NameError: name 'seed0' is not defined"}, "ckpt_policy__abl_TimeFrozen": {"eval_metrics": {"mix.tv": 0.682624101638794, "mix.js": 0.34678569436073303, "mix.hell": 0.6623528003692627, "mix.l2": 0.3164433538913727, "mix.H": 2.6157584190368652, "mix.kl_pu": 1.543138027191162, "target.success": 0.01614569447719987, "target.maxp": 0.23795735836029053, "target.gini": 0.8345360159873962, "target.tv_vsU": 0.682624101638794, "target.js_vsU": 0.34678569436073303, "target.H": 2.6157584190368652, "target.KLpU": 1.543138027191162, "target.cvar_neglogOmega": 11.543557545775547}, "embeddings_error": "NameError: name 'seed0' is not defined"}, "ckpt_policy__abl_NodePermute": {"eval_metrics": {"mix.tv": 0.5817672610282898, "mix.js": 0.26911595463752747, "mix.hell": 0.591279149055481, "mix.l2": 0.18774792551994324, "mix.H": 3.162773609161377, "mix.kl_pu": 0.9961229562759399, "target.success": 0.015385666803194909, "target.maxp": 0.0857328549027443, "target.gini": 0.7160595655441284, "target.tv_vsU": 0.5817672610282898, "target.js_vsU": 0.26911595463752747, "target.H": 3.162773609161377, "target.KLpU": 0.9961229562759399, "target.cvar_neglogOmega": 11.060641493462025}, "embeddings_error": "NameError: name 'seed0' is not defined"}}}