{"mix.tv": {"mean": 0.5441569089889526, "lo": 0.5441569089889526, "hi": 0.5441569089889526, "stderr": 0.0, "n": 10}, "mix.js": {"mean": 0.24849167466163635, "lo": 0.24849167466163635, "hi": 0.24849167466163635, "stderr": 0.0, "n": 10}, "mix.hell": {"mean": 0.5723490715026855, "lo": 0.5723490715026855, "hi": 0.5723490715026855, "stderr": 0.0, "n": 10}, "mix.l2": {"mean": 0.16622477769851685, "lo": 0.16622477769851685, "hi": 0.16622477769851685, "stderr": 0.0, "n": 10}, "mix.H": {"mean": 3.2776269912719727, "lo": 3.2776269912719727, "hi": 3.2776269912719727, "stderr": 0.0, "n": 10}, "mix.kl_pu": {"mean": 0.8812692165374756, "lo": 0.8812692165374756, "hi": 0.8812692165374756, "stderr": 0.0, "n": 10}, "target.success": {"mean": 0.015388645838902449, "lo": 0.014692978824651858, "hi": 0.016084312853153038, "stderr": 0.00030752373251241615, "n": 10}, "target.maxp": {"mean": 0.07671669125556946, "lo": 0.07671669125556946, "hi": 0.07671669125556946, "stderr": 0.0, "n": 10}, "target.gini": {"mean": 0.6722829937934875, "lo": 0.6722829937934875, "hi": 0.6722829937934875, "stderr": 0.0, "n": 10}, "target.tv_vsU": {"mean": 0.5441569089889526, "lo": 0.5441569089889526, "hi": 0.5441569089889526, "stderr": 0.0, "n": 10}, "target.js_vsU": {"mean": 0.24849167466163635, "lo": 0.24849167466163635, "hi": 0.24849167466163635, "stderr": 0.0, "n": 10}, "target.H": {"mean": 3.2776269912719727, "lo": 3.2776269912719727, "hi": 3.2776269912719727, "stderr": 0.0, "n": 10}, "target.KLpU": {"mean": 0.8812692165374756, "lo": 0.8812692165374756, "hi": 0.8812692165374756, "stderr": 0.0, "n": 10}, "target.cvar_neglogOmega": {"mean": 11.313157874811441, "lo": 11.033380962503013, "hi": 11.59293478711987, "stderr": 0.12367704459377271, "n": 10}}