{"mix.tv": {"mean": 0.5917698243167251, "lo": 0.5913593828458529, "hi": 0.5921802657875973, "stderr": 0.00018143808821590322, "n": 10}, "mix.js": {"mean": 0.2850093266810291, "lo": 0.28470192784433457, "hi": 0.2853167255177236, "stderr": 0.0001358874802079133, "n": 10}, "mix.hell": {"mean": 0.6066952719353139, "lo": 0.6064044369517579, "hi": 0.6069861069188699, "stderr": 0.00012856533061967205, "n": 10}, "mix.l2": {"mean": 0.22190076190745459, "lo": 0.22122773482120442, "hi": 0.22257378899370475, "stderr": 0.0002975156179692825, "n": 10}, "mix.H": {"mean": 3.0387372246943416, "lo": 3.0363554553852143, "hi": 3.041118994003469, "stderr": 0.0010528752591717923, "n": 10}, "mix.kl_pu": {"mean": 1.1201591833960265, "lo": 1.1177774218495655, "hi": 1.1225409449424875, "stderr": 0.0010528718276390176, "n": 10}, "target.success": {"mean": 0.013876711636203253, "lo": 0.013199615234163766, "hi": 0.01455380803824274, "stderr": 0.0002993144831657997, "n": 10}, "target.maxp": {"mean": 0.1345551653590519, "lo": 0.13357478609226653, "hi": 0.13553554462583728, "stderr": 0.0004333824735450537, "n": 10}, "target.gini": {"mean": 0.7488986156415194, "lo": 0.7483108170257268, "hi": 0.749486414257312, "stderr": 0.00025983986676284725, "n": 10}, "target.tv_vsU": {"mean": 0.5917698243167251, "lo": 0.5913593828458529, "hi": 0.5921802657875973, "stderr": 0.00018143808821590322, "n": 10}, "target.js_vsU": {"mean": 0.2850093266810291, "lo": 0.28470192784433457, "hi": 0.2853167255177236, "stderr": 0.0001358874802079133, "n": 10}, "target.H": {"mean": 3.0387372246943416, "lo": 3.0363554553852143, "hi": 3.041118994003469, "stderr": 0.0010528752591717923, "n": 10}, "target.KLpU": {"mean": 1.1201591833960265, "lo": 1.1177774218495655, "hi": 1.1225409449424875, "stderr": 0.0010528718276390176, "n": 10}, "target.cvar_neglogOmega": {"mean": 11.006490512751043, "lo": 10.764647050643122, "hi": 11.248333974858964, "stderr": 0.10690833779329181, "n": 10}}