{"mix.tv": {"mean": 0.5917698243167251, "lo": 0.5912847129924921, "hi": 0.592230090732337, "stderr": 0.0002427466515347767, "n": 2560}, "mix.js": {"mean": 0.2850093266810291, "lo": 0.2847106943518156, "hi": 0.2853193661419209, "stderr": 0.00015732781757859398, "n": 2560}, "mix.hell": {"mean": 0.6066952719353139, "lo": 0.6064103637490189, "hi": 0.6069477563723922, "stderr": 0.00014059833495016764, "n": 2560}, "mix.l2": {"mean": 0.22190076190745459, "lo": 0.2213655495615967, "hi": 0.22244566650144407, "stderr": 0.00027813164424363813, "n": 2560}, "mix.H": {"mean": 3.0387372246943416, "lo": 3.0365676303929647, "hi": 3.040859879273921, "stderr": 0.0011087416014297303, "n": 2560}, "mix.kl_pu": {"mean": 1.1201591833960265, "lo": 1.1180135831178633, "hi": 1.1223859598662238, "stderr": 0.0011097250949149897, "n": 2560}, "target.success": {"mean": 0.013876711636203253, "lo": 0.01309650753272308, "hi": 0.014701414644414398, "stderr": 0.0004066182493580323, "n": 2560}, "target.maxp": {"mean": 0.1345551653590519, "lo": 0.13383999912468428, "hi": 0.13527149859939527, "stderr": 0.0003591144953016613, "n": 2560}, "target.gini": {"mean": 0.7488986156415194, "lo": 0.7483407205855475, "hi": 0.74946899667033, "stderr": 0.0002870521336830771, "n": 2560}, "target.tv_vsU": {"mean": 0.5917698243167251, "lo": 0.5913118734018644, "hi": 0.5922326710011112, "stderr": 0.00023929694249276215, "n": 2560}, "target.js_vsU": {"mean": 0.2850093266810291, "lo": 0.2847009517310653, "hi": 0.2853089009586256, "stderr": 0.00015470781304120453, "n": 2560}, "target.H": {"mean": 3.0387372246943416, "lo": 3.036645781637635, "hi": 3.0408967419853434, "stderr": 0.0010975145139203884, "n": 2560}, "target.KLpU": {"mean": 1.1201591833960265, "lo": 1.1180029356305021, "hi": 1.1224351838324218, "stderr": 0.0011236677967972732, "n": 2560}, "target.cvar_neglogOmega": {"mean": 11.006490512751043, "lo": 10.73863094124943, "hi": 11.283965958878397, "stderr": 0.1444765203838622, "n": 2560}}