{"mix.tv": {"mean": 0.7402441501617432, "lo": 0.7402441501617432, "hi": 0.7402441501617432, "stderr": 0.0, "n": 10}, "mix.js": {"mean": 0.40597403049468994, "lo": 0.40597403049468994, "hi": 0.40597403049468994, "stderr": 0.0, "n": 10}, "mix.hell": {"mean": 0.7154446840286255, "lo": 0.7154446840286255, "hi": 0.7154446840286255, "stderr": 0.0, "n": 10}, "mix.l2": {"mean": 0.4298119843006134, "lo": 0.4298119843006134, "hi": 0.4298119843006134, "stderr": 0.0, "n": 10}, "mix.H": {"mean": 2.1527528762817383, "lo": 2.1527528762817383, "hi": 2.1527528762817383, "stderr": 0.0, "n": 10}, "mix.kl_pu": {"mean": 2.006143569946289, "lo": 2.006143569946289, "hi": 2.006143569946289, "stderr": 0.0, "n": 10}}