{"mix.tv": {"mean": 0.238912433385849, "lo": 0.238912433385849, "hi": 0.238912433385849, "stderr": 0.0, "n": 10}, "mix.js": {"mean": 0.04893506318330765, "lo": 0.04893506318330765, "hi": 0.04893506318330765, "stderr": 0.0, "n": 10}, "mix.hell": {"mean": 0.2255450338125229, "lo": 0.2255450338125229, "hi": 0.2255450338125229, "stderr": 0.0, "n": 10}, "mix.l2": {"mean": 0.07530070841312408, "lo": 0.07530070841312408, "hi": 0.07530070841312408, "stderr": 0.0, "n": 10}, "mix.H": {"mean": 3.9731547832489014, "lo": 3.9731547832489014, "hi": 3.9731547832489014, "stderr": 0.0, "n": 10}, "mix.kl_pu": {"mean": 0.18572834134101868, "lo": 0.18572834134101868, "hi": 0.18572834134101868, "stderr": 0.0, "n": 10}, "target.success": {"mean": 0.015774723142385483, "lo": 0.015774723142385483, "hi": 0.015774723142385483, "stderr": 0.0, "n": 10}, "target.maxp": {"mean": 0.045957453548908234, "lo": 0.045957453548908234, "hi": 0.045957453548908234, "stderr": 0.0, "n": 10}, "target.gini": {"mean": 0.33542224764823914, "lo": 0.33542224764823914, "hi": 0.33542224764823914, "stderr": 0.0, "n": 10}, "target.tv_vsU": {"mean": 0.238912433385849, "lo": 0.238912433385849, "hi": 0.238912433385849, "stderr": 0.0, "n": 10}, "target.js_vsU": {"mean": 0.04893506318330765, "lo": 0.04893506318330765, "hi": 0.04893506318330765, "stderr": 0.0, "n": 10}, "target.H": {"mean": 3.9731547832489014, "lo": 3.9731547832489014, "hi": 3.9731547832489014, "stderr": 0.0, "n": 10}, "target.KLpU": {"mean": 0.18572834134101868, "lo": 0.18572834134101868, "hi": 0.18572834134101868, "stderr": 0.0, "n": 10}, "target.cvar_neglogOmega": {"mean": 4.149346351623535, "lo": 4.149346351623535, "hi": 4.149346351623535, "stderr": 0.0, "n": 10}}