{"sigmas": [0.0, 0.02, 0.05, 0.1], "trials": 5, "metrics": {"mix.tv": {"mean": [0.5569488406181335, 0.5569488406181335, 0.5569488406181335, 0.5569488406181335], "lo": [0.5569488406181335, 0.5569488406181335, 0.5569488406181335, 0.5569488406181335], "hi": [0.5569488406181335, 0.5569488406181335, 0.5569488406181335, 0.5569488406181335], "n": [5, 5, 5, 5], "ci_over": "trials", "ci_method": "student_t", "alpha": 0.05}, "mix.js": {"mean": [0.25770992040634155, 0.25770992040634155, 0.25770992040634155, 0.25770992040634155], "lo": [0.25770992040634155, 0.25770992040634155, 0.25770992040634155, 0.25770992040634155], "hi": [0.25770992040634155, 0.25770992040634155, 0.25770992040634155, 0.25770992040634155], "n": [5, 5, 5, 5], "ci_over": "trials", "ci_method": "student_t", "alpha": 0.05}, "mix.hell": {"mean": [0.5809960961341858, 0.5809960961341858, 0.5809960961341858, 0.5809960961341858], "lo": [0.5809960961341858, 0.5809960961341858, 0.5809960961341858, 0.5809960961341858], "hi": [0.5809960961341858, 0.5809960961341858, 0.5809960961341858, 0.5809960961341858], "n": [5, 5, 5, 5], "ci_over": "trials", "ci_method": "student_t", "alpha": 0.05}, "mix.l2": {"mean": [0.17588745057582855, 0.17588745057582855, 0.17588745057582855, 0.17588745057582855], "lo": [0.17588745057582855, 0.17588745057582855, 0.17588745057582855, 0.17588745057582855], "hi": [0.17588745057582855, 0.17588745057582855, 0.17588745057582855, 0.17588745057582855], "n": [5, 5, 5, 5], "ci_over": "trials", "ci_method": "student_t", "alpha": 0.05}, "mix.H": {"mean": [3.2282779216766357, 3.2282779216766357, 3.2282779216766357, 3.2282779216766357], "lo": [3.2282779216766357, 3.2282779216766357, 3.2282779216766357, 3.2282779216766357], "hi": [3.2282779216766357, 3.2282779216766357, 3.2282779216766357, 3.2282779216766357], "n": [5, 5, 5, 5], "ci_over": "trials", "ci_method": "student_t", "alpha": 0.05}, "mix.kl_pu": {"mean": [0.9306181073188782, 0.9306181073188782, 0.9306181073188782, 0.9306181073188782], "lo": [0.9306181073188782, 0.9306181073188782, 0.9306181073188782, 0.9306181073188782], "hi": [0.9306181073188782, 0.9306181073188782, 0.9306181073188782, 0.9306181073188782], "n": [5, 5, 5, 5], "ci_over": "trials", "ci_method": "student_t", "alpha": 0.05}, "target.success": {"mean": [0.015971220219034875, 0.015971220219034875, 0.015971220219034875, 0.015971220219034875], "lo": [0.015971220219034875, 0.015971220219034875, 0.015971220219034875, 0.015971220219034875], "hi": [0.015971220219034875, 0.015971220219034875, 0.015971220219034875, 0.015971220219034875], "n": [5, 5, 5, 5], "ci_over": "trials", "ci_method": "student_t", "alpha": 0.05}, "target.maxp": {"mean": [0.08660662174224854, 0.08660662174224854, 0.08660662174224854, 0.08660662174224854], "lo": [0.08660662174224854, 0.08660662174224854, 0.08660662174224854, 0.08660662174224854], "hi": [0.08660662174224854, 0.08660662174224854, 0.08660662174224854, 0.08660662174224854], "n": [5, 5, 5, 5], "ci_over": "trials", "ci_method": "student_t", "alpha": 0.05}, "target.gini": {"mean": [0.6908956170082092, 0.6908956170082092, 0.6908956170082092, 0.6908956170082092], "lo": [0.6908956170082092, 0.6908956170082092, 0.6908956170082092, 0.6908956170082092], "hi": [0.6908956170082092, 0.6908956170082092, 0.6908956170082092, 0.6908956170082092], "n": [5, 5, 5, 5], "ci_over": "trials", "ci_method": "student_t", "alpha": 0.05}, "target.tv_vsU": {"mean": [0.5569488406181335, 0.5569488406181335, 0.5569488406181335, 0.5569488406181335], "lo": [0.5569488406181335, 0.5569488406181335, 0.5569488406181335, 0.5569488406181335], "hi": [0.5569488406181335, 0.5569488406181335, 0.5569488406181335, 0.5569488406181335], "n": [5, 5, 5, 5], "ci_over": "trials", "ci_method": "student_t", "alpha": 0.05}, "target.js_vsU": {"mean": [0.25770992040634155, 0.25770992040634155, 0.25770992040634155, 0.25770992040634155], "lo": [0.25770992040634155, 0.25770992040634155, 0.25770992040634155, 0.25770992040634155], "hi": [0.25770992040634155, 0.25770992040634155, 0.25770992040634155, 0.25770992040634155], "n": [5, 5, 5, 5], "ci_over": "trials", "ci_method": "student_t", "alpha": 0.05}, "target.H": {"mean": [3.2282779216766357, 3.2282779216766357, 3.2282779216766357, 3.2282779216766357], "lo": [3.2282779216766357, 3.2282779216766357, 3.2282779216766357, 3.2282779216766357], "hi": [3.2282779216766357, 3.2282779216766357, 3.2282779216766357, 3.2282779216766357], "n": [5, 5, 5, 5], "ci_over": "trials", "ci_method": "student_t", "alpha": 0.05}, "target.KLpU": {"mean": [0.9306181073188782, 0.9306181073188782, 0.9306181073188782, 0.9306181073188782], "lo": [0.9306181073188782, 0.9306181073188782, 0.9306181073188782, 0.9306181073188782], "hi": [0.9306181073188782, 0.9306181073188782, 0.9306181073188782, 0.9306181073188782], "n": [5, 5, 5, 5], "ci_over": "trials", "ci_method": "student_t", "alpha": 0.05}, "target.cvar_neglogOmega": {"mean": [10.957017598394305, 10.957017598394305, 10.957017598394305, 10.957017598394305], "lo": [10.957017598394305, 10.957017598394305, 10.957017598394305, 10.957017598394305], "hi": [10.957017598394305, 10.957017598394305, 10.957017598394305, 10.957017598394305], "n": [5, 5, 5, 5], "ci_over": "trials", "ci_method": "student_t", "alpha": 0.05}}}