cond,metric,mean,lo,hi,stderr,n
baseline_hadamard,mix.tv,0.984375,0.984375,0.984375,0.000000,2560
baseline_hadamard,mix.H,0.000102,0.000102,0.000102,0.000000,2560
baseline_hadamard,mix.hell,0.935414,0.935414,0.935414,0.000000,2560
baseline_hadamard,mix.js,0.652742,0.652742,0.652742,0.000000,2560
baseline_hadamard,mix.kl_pu,4.158808,4.158808,4.158808,0.000000,2560
baseline_hadamard,mix.l2,0.992157,0.992157,0.992157,0.000000,2560
