cond,mix.tv,mix.H,mix.hell,mix.js,mix.kl_pu,mix.l2
baseline_hadamard,0.984375,0.00010154399933526292,0.9354143738746643,0.6527416706085205,4.158807754516602,0.9921567440032959
