{"conditions": {"baseline_hadamard": {"summary": {"mix.tv": 0.984375, "mix.js": 0.6527416706085205, "mix.hell": 0.9354143738746643, "mix.l2": 0.9921567440032959, "mix.H": 0.00010154399933526292, "mix.kl_pu": 4.158807754516602}, "ci": {"mix.tv": {"mean": 0.984375, "lo": 0.984375, "hi": 0.984375, "stderr": 0.0, "n": 2560}, "mix.js": {"mean": 0.6527416706085205, "lo": 0.6527416706085205, "hi": 0.6527416706085205, "stderr": 0.0, "n": 2560}, "mix.hell": {"mean": 0.9354143738746643, "lo": 0.9354143738746643, "hi": 0.9354143738746643, "stderr": 0.0, "n": 2560}, "mix.l2": {"mean": 0.9921567440032959, "lo": 0.9921567440032959, "hi": 0.9921567440032959, "stderr": 0.0, "n": 2560}, "mix.H": {"mean": 0.00010154399933526292, "lo": 0.00010154399933526292, "hi": 0.00010154399933526292, "stderr": 0.0, "n": 2560}, "mix.kl_pu": {"mean": 4.158807754516602, "lo": 4.158807754516602, "hi": 4.158807754516602, "stderr": 0.0, "n": 2560}}, "summary_seed": {"mix.tv": 0.984375, "mix.js": 0.6527416706085205, "mix.hell": 0.9354143738746643, "mix.l2": 0.9921567440032959, "mix.H": 0.00010154399933526292, "mix.kl_pu": 4.158807754516602}, "ci_seed": {"mix.tv": {"mean": 0.984375, "lo": 0.984375, "hi": 0.984375, "stderr": 0.0, "n": 10}, "mix.js": {"mean": 0.6527416706085205, "lo": 0.6527416706085205, "hi": 0.6527416706085205, "stderr": 0.0, "n": 10}, "mix.hell": {"mean": 0.9354143738746643, "lo": 0.9354143738746643, "hi": 0.9354143738746643, "stderr": 0.0, "n": 10}, "mix.l2": {"mean": 0.9921567440032959, "lo": 0.9921567440032959, "hi": 0.9921567440032959, "stderr": 0.0, "n": 10}, "mix.H": {"mean": 0.00010154399933526292, "lo": 0.00010154399933526292, "hi": 0.00010154399933526292, "stderr": 0.0, "n": 10}, "mix.kl_pu": {"mean": 4.158807754516602, "lo": 4.158807754516602, "hi": 4.158807754516602, "stderr": 0.0, "n": 10}}, "text": "CI over pooled episodes \u2014 baseline_hadamard \u2014 SU2 (deg=2)\n---------------------------------------------------------\nmix.H: 0.0001 [0.0001, 0.0001] @ 95% (n=2560, se=0)\n  seed_mean: 0.0001 [0.0001, 0.0001] @ 95% (n=10, se=0)\nmix.hell: 0.9354 [0.9354, 0.9354] @ 95% (n=2560, se=0)\n  seed_mean: 0.9354 [0.9354, 0.9354] @ 95% (n=10, se=0)\nmix.js: 0.6527 [0.6527, 0.6527] @ 95% (n=2560, se=0)\n  seed_mean: 0.6527 [0.6527, 0.6527] @ 95% (n=10, se=0)\nmix.kl_pu: 4.1588 [4.1588, 4.1588] @ 95% (n=2560, se=0)\n  seed_mean: 4.1588 [4.1588, 4.1588] @ 95% (n=10, se=0)\nmix.l2: 0.9922 [0.9922, 0.9922] @ 95% (n=2560, se=0)\n  seed_mean: 0.9922 [0.9922, 0.9922] @ 95% (n=10, se=0)\nmix.tv: 0.9844 [0.9844, 0.9844] @ 95% (n=2560, se=0)\n  seed_mean: 0.9844 [0.9844, 0.9844] @ 95% (n=10, se=0)", "text_seed": "Seed-level CI (replicates = seeds; values = per-seed episode means)\nmethod=student_t alpha=0.05 n_seeds=10\nmix.tv: mean=0.984375 lo=0.984375 hi=0.984375 stderr=0 n=10\nmix.js: mean=0.652742 lo=0.652742 hi=0.652742 stderr=0 n=10\nmix.hell: mean=0.935414 lo=0.935414 hi=0.935414 stderr=0 n=10\nmix.l2: mean=0.992157 lo=0.992157 hi=0.992157 stderr=0 n=10\nmix.H: mean=0.000101544 lo=0.000101544 hi=0.000101544 stderr=0 n=10\nmix.kl_pu: mean=4.15881 lo=4.15881 hi=4.15881 stderr=0 n=10\n"}}}
