cond,metric.mix.tv,metric.mix.js,metric.mix.hell,metric.mix.l2,metric.mix.H,metric.mix.kl_pu
baseline_hadamard,0.984375,0.6527416706085205,0.9354143738746643,0.9921567440032959,0.00010154399933526292,4.158807754516602
