{"mix.tv": {"mean": 0.21154293417930603, "lo": 0.21154293417930603, "hi": 0.21154293417930603, "stderr": 0.0, "n": 2560}, "mix.js": {"mean": 0.035295575857162476, "lo": 0.035295575857162476, "hi": 0.035295575857162476, "stderr": 0.0, "n": 2560}, "mix.hell": {"mean": 0.18952669203281403, "lo": 0.18952669203281403, "hi": 0.18952669203281403, "stderr": 0.0, "n": 2560}, "mix.l2": {"mean": 0.06795356422662735, "lo": 0.06795356422662735, "hi": 0.06795356422662735, "stderr": 0.0, "n": 2560}, "mix.H": {"mean": 4.018570899963379, "lo": 4.018570899963379, "hi": 4.018570899963379, "stderr": 0.0, "n": 2560}, "mix.kl_pu": {"mean": 0.14031267166137695, "lo": 0.14031267166137695, "hi": 0.14031267166137695, "stderr": 0.0, "n": 2560}, "target.success": {"mean": 0.04755013436079025, "lo": 0.04755013436079025, "hi": 0.04755013436079025, "stderr": 0.0, "n": 2560}, "target.maxp": {"mean": 0.04755013436079025, "lo": 0.04755013436079025, "hi": 0.04755013436079025, "stderr": 0.0, "n": 2560}, "target.gini": {"mean": 0.2949846386909485, "lo": 0.2949846386909485, "hi": 0.2949846386909485, "stderr": 0.0, "n": 2560}, "target.tv_vsU": {"mean": 0.21154293417930603, "lo": 0.21154293417930603, "hi": 0.21154293417930603, "stderr": 0.0, "n": 2560}, "target.js_vsU": {"mean": 0.035295575857162476, "lo": 0.035295575857162476, "hi": 0.035295575857162476, "stderr": 0.0, "n": 2560}, "target.H": {"mean": 4.018570899963379, "lo": 4.018570899963379, "hi": 4.018570899963379, "stderr": 0.0, "n": 2560}, "target.KLpU": {"mean": 0.14031267166137695, "lo": 0.14031267166137695, "hi": 0.14031267166137695, "stderr": 0.0, "n": 2560}, "target.cvar_neglogOmega": {"mean": 3.0459706783294678, "lo": 3.0459706783294678, "hi": 3.0459706783294678, "stderr": 0.0, "n": 2560}}