{"mix.tv": {"mean": 0.5441579222679138, "lo": 0.5441579222679138, "hi": 0.5441579222679138, "stderr": 0.0, "n": 2560}, "mix.js": {"mean": 0.2484922558069229, "lo": 0.2484922558069229, "hi": 0.2484922558069229, "stderr": 0.0, "n": 2560}, "mix.hell": {"mean": 0.5723496675491333, "lo": 0.5723496675491333, "hi": 0.5723496675491333, "stderr": 0.0, "n": 2560}, "mix.l2": {"mean": 0.166225403547287, "lo": 0.166225403547287, "hi": 0.166225403547287, "stderr": 0.0, "n": 2560}, "mix.H": {"mean": 3.2776241302490234, "lo": 3.2776241302490234, "hi": 3.2776241302490234, "stderr": 0.0, "n": 2560}, "mix.kl_pu": {"mean": 0.8812723755836487, "lo": 0.8812723755836487, "hi": 0.8812723755836487, "stderr": 0.0, "n": 2560}}