{"mix.tv": {"mean": 0.6224917817628011, "lo": 0.6206588235491654, "hi": 0.6244679929013365, "stderr": 0.0010030059919677364, "n": 2560}, "mix.js": {"mean": 0.3051733137690462, "lo": 0.3036250704069971, "hi": 0.3066420571759227, "stderr": 0.0007744352257953775, "n": 2560}, "mix.hell": {"mean": 0.6254356783581898, "lo": 0.6240729397785617, "hi": 0.626800831668661, "stderr": 0.0006964187368698545, "n": 2560}, "mix.l2": {"mean": 0.24031026480952278, "lo": 0.23785574683613958, "hi": 0.24290885230351705, "stderr": 0.0013198742956695734, "n": 2560}, "mix.H": {"mean": 2.940139658097178, "lo": 2.9292731325072237, "hi": 2.950305261554895, "stderr": 0.005501682100600939, "n": 2560}, "mix.kl_pu": {"mean": 1.2187567158136516, "lo": 1.2084144133509835, "hi": 1.2291963775508339, "stderr": 0.005255230185669573, "n": 2560}, "target.success": {"mean": 0.01612681470616053, "lo": 0.014985340130996044, "hi": 0.01718226963045719, "stderr": 0.0005633835861103325, "n": 2560}, "target.maxp": {"mean": 0.1687116458255332, "lo": 0.1657566323325591, "hi": 0.17179749029011873, "stderr": 0.0015669293544259692, "n": 2560}, "target.gini": {"mean": 0.7627689925255254, "lo": 0.7608630529802759, "hi": 0.7645767708687344, "stderr": 0.0009247978031549565, "n": 2560}, "target.tv_vsU": {"mean": 0.6224917817628011, "lo": 0.6206417790119304, "hi": 0.6244110531097976, "stderr": 0.0009909677405843312, "n": 2560}, "target.js_vsU": {"mean": 0.3051733137690462, "lo": 0.3035986413562205, "hi": 0.306717223621381, "stderr": 0.0007675903350128567, "n": 2560}, "target.H": {"mean": 2.940139658097178, "lo": 2.930226372029865, "hi": 2.9506622869463173, "stderr": 0.005383988439870327, "n": 2560}, "target.KLpU": {"mean": 1.2187567158136516, "lo": 1.2089475867315196, "hi": 1.2293051102210302, "stderr": 0.005478511449601562, "n": 2560}, "target.cvar_neglogOmega": {"mean": 11.172311054589226, "lo": 10.883862702425104, "hi": 11.438640317844692, "stderr": 0.14394415393943538, "n": 2560}}