{"mix.tv": {"mean": 0.6224917817628011, "lo": 0.6194270497182304, "hi": 0.6255565138073718, "stderr": 0.0013547829898361533, "n": 10}, "mix.js": {"mean": 0.3051733137690462, "lo": 0.30288885122404957, "hi": 0.30745777631404286, "stderr": 0.0010098602265610876, "n": 10}, "mix.hell": {"mean": 0.6254356783581898, "lo": 0.6233858798495383, "hi": 0.6274854768668413, "stderr": 0.0009061255965369581, "n": 10}, "mix.l2": {"mean": 0.24031026480952278, "lo": 0.2368399298294924, "hi": 0.24378059978955316, "stderr": 0.0015340821747556908, "n": 10}, "mix.H": {"mean": 2.940139658097178, "lo": 2.9249782726908076, "hi": 2.9553010435035483, "stderr": 0.006702180403434823, "n": 10}, "mix.kl_pu": {"mean": 1.2187567158136516, "lo": 1.2035953294240922, "hi": 1.233918102203211, "stderr": 0.006702180838059324, "n": 10}, "target.success": {"mean": 0.01612681470616053, "lo": 0.015083718493738626, "hi": 0.017169910918582432, "stderr": 0.00046110687159589667, "n": 10}, "target.maxp": {"mean": 0.1687116458255332, "lo": 0.16492876786719154, "hi": 0.17249452378387484, "stderr": 0.0016722436532963453, "n": 10}, "target.gini": {"mean": 0.7627689925255254, "lo": 0.7602614742738918, "hi": 0.7652765107771591, "stderr": 0.0011084633255410072, "n": 10}, "target.tv_vsU": {"mean": 0.6224917817628011, "lo": 0.6194270497182304, "hi": 0.6255565138073718, "stderr": 0.0013547829898361533, "n": 10}, "target.js_vsU": {"mean": 0.3051733137690462, "lo": 0.30288885122404957, "hi": 0.30745777631404286, "stderr": 0.0010098602265610876, "n": 10}, "target.H": {"mean": 2.940139658097178, "lo": 2.9249782726908076, "hi": 2.9553010435035483, "stderr": 0.006702180403434823, "n": 10}, "target.KLpU": {"mean": 1.2187567158136516, "lo": 1.2035953294240922, "hi": 1.233918102203211, "stderr": 0.006702180838059324, "n": 10}, "target.cvar_neglogOmega": {"mean": 11.172311054589226, "lo": 10.812099060846627, "hi": 11.532523048331825, "stderr": 0.15923384973311497, "n": 10}}