{"mix.tv": {"mean": 0.18757852911949158, "lo": 0.18757852911949158, "hi": 0.18757852911949158, "stderr": 0.0, "n": 10}, "mix.js": {"mean": 0.030688047409057617, "lo": 0.030688047409057617, "hi": 0.030688047409057617, "stderr": 0.0, "n": 10}, "mix.hell": {"mean": 0.17729143798351288, "lo": 0.17729143798351288, "hi": 0.17729143798351288, "stderr": 0.0, "n": 10}, "mix.l2": {"mean": 0.06219756603240967, "lo": 0.06219756603240967, "hi": 0.06219756603240967, "stderr": 0.0, "n": 10}, "mix.H": {"mean": 4.0384521484375, "lo": 4.0384521484375, "hi": 4.0384521484375, "stderr": 0.0, "n": 10}, "mix.kl_pu": {"mean": 0.12043075263500214, "lo": 0.12043075263500214, "hi": 0.12043075263500214, "stderr": 0.0, "n": 10}, "target.success": {"mean": 0.011729804798960686, "lo": 0.011729804798960686, "hi": 0.011729804798960686, "stderr": 0.0, "n": 10}, "target.maxp": {"mean": 0.04053838551044464, "lo": 0.04053838551044464, "hi": 0.04053838551044464, "stderr": 0.0, "n": 10}, "target.gini": {"mean": 0.26816487312316895, "lo": 0.26816487312316895, "hi": 0.26816487312316895, "stderr": 0.0, "n": 10}, "target.tv_vsU": {"mean": 0.18757852911949158, "lo": 0.18757852911949158, "hi": 0.18757852911949158, "stderr": 0.0, "n": 10}, "target.js_vsU": {"mean": 0.030688047409057617, "lo": 0.030688047409057617, "hi": 0.030688047409057617, "stderr": 0.0, "n": 10}, "target.H": {"mean": 4.0384521484375, "lo": 4.0384521484375, "hi": 4.0384521484375, "stderr": 0.0, "n": 10}, "target.KLpU": {"mean": 0.12043075263500214, "lo": 0.12043075263500214, "hi": 0.12043075263500214, "stderr": 0.0, "n": 10}, "target.cvar_neglogOmega": {"mean": 4.445622444152832, "lo": 4.445622444152832, "hi": 4.445622444152832, "stderr": 0.0, "n": 10}}