cond,metric.mix.tv,metric.mix.js,metric.mix.hell,metric.mix.l2,metric.mix.H,metric.mix.kl_pu,metric.target.success,metric.target.maxp,metric.target.gini,metric.target.tv_vsU,metric.target.js_vsU,metric.target.H,metric.target.KLpU,metric.target.cvar_neglogOmega
ckpt_policy,0.837547242641449,0.47693920135498047,0.7763197422027588,0.43913015723228455,1.8673861026763916,2.2915101051330566,0.0,0.31588077545166016,0.9235053658485413,0.837547242641449,0.47693920135498047,1.8673861026763916,2.2915101051330566,18.42068099975586
