{"conditions": {"ckpt_policy": {"summary": {"mix.tv": 0.837547242641449, "mix.js": 0.47693920135498047, "mix.hell": 0.7763197422027588, "mix.l2": 0.43913015723228455, "mix.H": 1.8673861026763916, "mix.kl_pu": 2.2915101051330566, "target.success": 0.0, "target.maxp": 0.31588077545166016, "target.gini": 0.9235053658485413, "target.tv_vsU": 0.837547242641449, "target.js_vsU": 0.47693920135498047, "target.H": 1.8673861026763916, "target.KLpU": 2.2915101051330566, "target.cvar_neglogOmega": 18.42068099975586}, "ci": {"mix.tv": {"mean": 0.837547242641449, "lo": 0.837547242641449, "hi": 0.837547242641449, "stderr": 0.0, "n": 10}, "mix.js": {"mean": 0.47693920135498047, "lo": 0.47693920135498047, "hi": 0.47693920135498047, "stderr": 0.0, "n": 10}, "mix.hell": {"mean": 0.7763197422027588, "lo": 0.7763197422027588, "hi": 0.7763197422027588, "stderr": 0.0, "n": 10}, "mix.l2": {"mean": 0.43913015723228455, "lo": 0.43913015723228455, "hi": 0.43913015723228455, "stderr": 0.0, "n": 10}, "mix.H": {"mean": 1.8673861026763916, "lo": 1.8673861026763916, "hi": 1.8673861026763916, "stderr": 0.0, "n": 10}, "mix.kl_pu": {"mean": 2.2915101051330566, "lo": 2.2915101051330566, "hi": 2.2915101051330566, "stderr": 0.0, "n": 10}, "target.success": {"mean": 0.0, "lo": 0.0, "hi": 0.0, "stderr": 0.0, "n": 10}, "target.maxp": {"mean": 0.31588077545166016, "lo": 0.31588077545166016, "hi": 0.31588077545166016, "stderr": 0.0, "n": 10}, "target.gini": {"mean": 0.9235053658485413, "lo": 0.9235053658485413, "hi": 0.9235053658485413, "stderr": 0.0, "n": 10}, "target.tv_vsU": {"mean": 0.837547242641449, "lo": 0.837547242641449, "hi": 0.837547242641449, "stderr": 0.0, "n": 10}, "target.js_vsU": {"mean": 0.47693920135498047, "lo": 0.47693920135498047, "hi": 0.47693920135498047, "stderr": 0.0, "n": 10}, "target.H": {"mean": 1.8673861026763916, "lo": 1.8673861026763916, "hi": 1.8673861026763916, "stderr": 0.0, "n": 10}, "target.KLpU": {"mean": 2.2915101051330566, "lo": 2.2915101051330566, "hi": 2.2915101051330566, "stderr": 0.0, "n": 10}, "target.cvar_neglogOmega": {"mean": 18.42068099975586, "lo": 18.42068099975586, "hi": 18.42068099975586, "stderr": 0.0, "n": 10}}, "summary_seed": {}, "ci_seed": {}, "text": "CI over pooled episodes \u2014 ckpt_policy \u2014 EXP (any degree)\n--------------------------------------------------------\nmix.H: 1.8674 [1.8674, 1.8674] @ 95% (n=10, se=0)\n  seed_mean: 1.8674 [1.8674, 1.8674] @ 95% (n=1, se=0)\nmix.hell: 0.7763 [0.7763, 0.7763] @ 95% (n=10, se=0)\n  seed_mean: 0.7763 [0.7763, 0.7763] @ 95% (n=1, se=0)\nmix.js: 0.4769 [0.4769, 0.4769] @ 95% (n=10, se=0)\n  seed_mean: 0.4769 [0.4769, 0.4769] @ 95% (n=1, se=0)\nmix.kl_pu: 2.2915 [2.2915, 2.2915] @ 95% (n=10, se=0)\n  seed_mean: 2.2915 [2.2915, 2.2915] @ 95% (n=1, se=0)\nmix.l2: 0.4391 [0.4391, 0.4391] @ 95% (n=10, se=0)\n  seed_mean: 0.4391 [0.4391, 0.4391] @ 95% (n=1, se=0)\nmix.tv: 0.8375 [0.8375, 0.8375] @ 95% (n=10, se=0)\n  seed_mean: 0.8375 [0.8375, 0.8375] @ 95% (n=1, se=0)\ntarget.H: 1.8674 [1.8674, 1.8674] @ 95% (n=10, se=0)\n  seed_mean: 1.8674 [1.8674, 1.8674] @ 95% (n=1, se=0)\ntarget.KLpU: 2.2915 [2.2915, 2.2915] @ 95% (n=10, se=0)\n  seed_mean: 2.2915 [2.2915, 2.2915] @ 95% (n=1, se=0)\ntarget.cvar_neglogOmega: 18.4207 [18.4207, 18.4207] @ 95% (n=10, se=0)\n  seed_mean: 18.4207 [18.4207, 18.4207] @ 95% (n=1, se=0)\ntarget.gini: 0.9235 [0.9235, 0.9235] @ 95% (n=10, se=0)\n  seed_mean: 0.9235 [0.9235, 0.9235] @ 95% (n=1, se=0)\ntarget.js_vsU: 0.4769 [0.4769, 0.4769] @ 95% (n=10, se=0)\n  seed_mean: 0.4769 [0.4769, 0.4769] @ 95% (n=1, se=0)\ntarget.maxp: 0.3159 [0.3159, 0.3159] @ 95% (n=10, se=0)\n  seed_mean: 0.3159 [0.3159, 0.3159] @ 95% (n=1, se=0)\ntarget.success: 0.0000 [0.0000, 0.0000] @ 95% (n=10, se=0)\n  seed_mean: 0.0000 [0.0000, 0.0000] @ 95% (n=1, se=0)\ntarget.tv_vsU: 0.8375 [0.8375, 0.8375] @ 95% (n=10, se=0)\n  seed_mean: 0.8375 [0.8375, 0.8375] @ 95% (n=1, se=0)", "text_seed": ""}}}
