{"mix.tv": {"mean": 0.5534199476242065, "lo": 0.5534199476242065, "hi": 0.5534199476242065, "stderr": 0.0, "n": 2560}, "mix.js": {"mean": 0.26561781764030457, "lo": 0.26561781764030457, "hi": 0.26561781764030457, "stderr": 0.0, "n": 2560}, "mix.hell": {"mean": 0.5895329117774963, "lo": 0.5895329117774963, "hi": 0.5895329117774963, "stderr": 0.0, "n": 2560}, "mix.l2": {"mean": 0.20784704387187958, "lo": 0.20784704387187958, "hi": 0.20784704387187958, "stderr": 0.0, "n": 2560}, "mix.H": {"mean": 3.1429331302642822, "lo": 3.1429331302642822, "hi": 3.1429331302642822, "stderr": 0.0, "n": 2560}, "mix.kl_pu": {"mean": 1.0159634351730347, "lo": 1.0159634351730347, "hi": 1.0159634351730347, "stderr": 0.0, "n": 2560}}