cond,metric.mix.tv,metric.mix.js,metric.mix.hell,metric.mix.l2,metric.mix.H,metric.mix.kl_pu,metric.target.success,metric.target.maxp,metric.target.gini,metric.target.tv_vsU,metric.target.js_vsU,metric.target.H,metric.target.KLpU,metric.target.cvar_neglogOmega
ckpt_policy,0.5699018684914335,0.27514167506597004,0.5980932380305604,0.21373500732588582,3.0942320096306504,1.0646643380867318,0.013534679493932344,0.13738208154973108,0.7292879303451627,0.5699018684914335,0.27514167506597004,3.0942320096306504,1.0646643380867318,11.38314815973863
ckpt_policy__abl_NoPE,0.5391848087310791,0.24110481142997742,0.5652193427085876,0.1538364738225937,3.3275349140167236,0.8313612937927246,0.01547123702312092,0.0628853365778923,0.6447036862373352,0.5391848087310791,0.24110481142997742,3.3275349140167236,0.8313612937927246,11.20975042823702
ckpt_policy__abl_GlobalCoin,0.6163961006095633,0.30515944396611305,0.6264660780550912,0.27275186555925757,2.8737803450785577,1.2851160379126667,0.013358374734320933,0.2068614845687989,0.7766351894242689,0.6163961006095633,0.30515944396611305,2.8737803450785577,1.2851160379126667,11.485685202432796
ckpt_policy__abl_TimeFrozen,0.6787340354640037,0.34673066103132444,0.6632196132326499,0.3143221604404971,2.645412838086486,1.5134835506789386,0.016874827104584256,0.25936801704228857,0.8269978445488959,0.6787340354640037,0.34673066103132444,2.645412838086486,1.5134835506789386,11.631076552439481
ckpt_policy__abl_NodePermute,0.577028943784535,0.27491246615536513,0.5973139099078253,0.20815946457441897,3.1035109987482428,1.055385380703956,0.015752735395290075,0.12950649147387594,0.7261725628282875,0.577028943784535,0.27491246615536513,3.1035109987482428,1.055385380703956,10.9545664684847
