{"mix.tv": {"mean": 0.5569488406181335, "lo": 0.5569488406181335, "hi": 0.5569488406181335, "stderr": 0.0, "n": 10}, "mix.js": {"mean": 0.25770992040634155, "lo": 0.25770992040634155, "hi": 0.25770992040634155, "stderr": 0.0, "n": 10}, "mix.hell": {"mean": 0.5809960961341858, "lo": 0.5809960961341858, "hi": 0.5809960961341858, "stderr": 0.0, "n": 10}, "mix.l2": {"mean": 0.17588745057582855, "lo": 0.17588745057582855, "hi": 0.17588745057582855, "stderr": 0.0, "n": 10}, "mix.H": {"mean": 3.2282779216766357, "lo": 3.2282779216766357, "hi": 3.2282779216766357, "stderr": 0.0, "n": 10}, "mix.kl_pu": {"mean": 0.9306181073188782, "lo": 0.9306181073188782, "hi": 0.9306181073188782, "stderr": 0.0, "n": 10}, "target.success": {"mean": 0.015971220219034875, "lo": 0.014758472873807202, "hi": 0.017183967564262548, "stderr": 0.0005361021617514778, "n": 10}, "target.maxp": {"mean": 0.08660662174224854, "lo": 0.08660662174224854, "hi": 0.08660662174224854, "stderr": 0.0, "n": 10}, "target.gini": {"mean": 0.6908956170082092, "lo": 0.6908956170082092, "hi": 0.6908956170082092, "stderr": 0.0, "n": 10}, "target.tv_vsU": {"mean": 0.5569488406181335, "lo": 0.5569488406181335, "hi": 0.5569488406181335, "stderr": 0.0, "n": 10}, "target.js_vsU": {"mean": 0.25770992040634155, "lo": 0.25770992040634155, "hi": 0.25770992040634155, "stderr": 0.0, "n": 10}, "target.H": {"mean": 3.2282779216766357, "lo": 3.2282779216766357, "hi": 3.2282779216766357, "stderr": 0.0, "n": 10}, "target.KLpU": {"mean": 0.9306181073188782, "lo": 0.9306181073188782, "hi": 0.9306181073188782, "stderr": 0.0, "n": 10}, "target.cvar_neglogOmega": {"mean": 10.957017598394305, "lo": 10.562141438548593, "hi": 11.351893758240017, "stderr": 0.17455735009476872, "n": 10}}