{"mix.tv": {"mean": 0.8374433517456055, "lo": 0.8374433517456055, "hi": 0.8374433517456055, "stderr": 0.0, "n": 10}, "mix.js": {"mean": 0.47703325748443604, "lo": 0.47703325748443604, "hi": 0.47703325748443604, "stderr": 0.0, "n": 10}, "mix.hell": {"mean": 0.7763349413871765, "lo": 0.7763349413871765, "hi": 0.7763349413871765, "stderr": 0.0, "n": 10}, "mix.l2": {"mean": 0.43982580304145813, "lo": 0.43982580304145813, "hi": 0.43982580304145813, "stderr": 0.0, "n": 10}, "mix.H": {"mean": 1.8651399612426758, "lo": 1.8651399612426758, "hi": 1.8651399612426758, "stderr": 0.0, "n": 10}, "mix.kl_pu": {"mean": 2.2937562465667725, "lo": 2.2937562465667725, "hi": 2.2937562465667725, "stderr": 0.0, "n": 10}, "target.success": {"mean": 0.0, "lo": 0.0, "hi": 0.0, "stderr": 0.0, "n": 10}, "target.maxp": {"mean": 0.3163456618785858, "lo": 0.3163456618785858, "hi": 0.3163456618785858, "stderr": 0.0, "n": 10}, "target.gini": {"mean": 0.9236908555030823, "lo": 0.9236908555030823, "hi": 0.9236908555030823, "stderr": 0.0, "n": 10}, "target.tv_vsU": {"mean": 0.8374433517456055, "lo": 0.8374433517456055, "hi": 0.8374433517456055, "stderr": 0.0, "n": 10}, "target.js_vsU": {"mean": 0.47703325748443604, "lo": 0.47703325748443604, "hi": 0.47703325748443604, "stderr": 0.0, "n": 10}, "target.H": {"mean": 1.8651399612426758, "lo": 1.8651399612426758, "hi": 1.8651399612426758, "stderr": 0.0, "n": 10}, "target.KLpU": {"mean": 2.2937562465667725, "lo": 2.2937562465667725, "hi": 2.2937562465667725, "stderr": 0.0, "n": 10}, "target.cvar_neglogOmega": {"mean": 18.42068099975586, "lo": 18.42068099975586, "hi": 18.42068099975586, "stderr": 0.0, "n": 10}}