{
  "mix.tv": {
    "mean": 0.9725619554519653,
    "lo": 0.9725619554519653,
    "hi": 0.9725619554519653,
    "stderr": 0.0,
    "n": 500
  },
  "mix.js": {
    "mean": 0.6337628364562988,
    "lo": 0.6337628364562988,
    "hi": 0.6337628364562988,
    "stderr": 0.0,
    "n": 500
  },
  "mix.hell": {
    "mean": 0.916106641292572,
    "lo": 0.916106641292572,
    "hi": 0.916106641292572,
    "stderr": 0.0,
    "n": 500
  },
  "mix.l2": {
    "mean": 0.980261504650116,
    "lo": 0.980261504650116,
    "hi": 0.980261504650116,
    "stderr": 0.0,
    "n": 500
  },
  "mix.H": {
    "mean": 0.08656621724367142,
    "lo": 0.08656621724367142,
    "hi": 0.08656621724367142,
    "stderr": 0.0,
    "n": 500
  },
  "mix.kl_pu": {
    "mean": 4.0723395347595215,
    "lo": 4.0723395347595215,
    "hi": 4.0723395347595215,
    "stderr": 0.0,
    "n": 500
  },
  "target.success": {
    "mean": 0.989353597164154,
    "lo": 0.989353597164154,
    "hi": 0.989353597164154,
    "stderr": 0.0,
    "n": 500
  },
  "target.maxp": {
    "mean": 0.9881869554519653,
    "lo": 0.9881869554519653,
    "hi": 0.9881869554519653,
    "stderr": 0.0,
    "n": 500
  },
  "target.gini": {
    "mean": 0.983221709728241,
    "lo": 0.983221709728241,
    "hi": 0.983221709728241,
    "stderr": 0.0,
    "n": 500
  },
  "target.tv_vsU": {
    "mean": 0.9725619554519653,
    "lo": 0.9725619554519653,
    "hi": 0.9725619554519653,
    "stderr": 0.0,
    "n": 500
  },
  "target.js_vsU": {
    "mean": 0.6337628364562988,
    "lo": 0.6337628364562988,
    "hi": 0.6337628364562988,
    "stderr": 0.0,
    "n": 500
  },
  "target.H": {
    "mean": 0.08656621724367142,
    "lo": 0.08656621724367142,
    "hi": 0.08656621724367142,
    "stderr": 0.0,
    "n": 500
  },
  "target.KLpU": {
    "mean": 4.0723395347595215,
    "lo": 4.0723395347595215,
    "hi": 4.0723395347595215,
    "stderr": 0.0,
    "n": 500
  },
  "target.cvar_neglogOmega": {
    "mean": 0.010703480802476406,
    "lo": 0.010703480802476406,
    "hi": 0.010703480802476406,
    "stderr": 0.0,
    "n": 500
  }
}