{"mix.tv": {"mean": 0.5491998279700055, "lo": 0.5490801105531864, "hi": 0.5493194649746874, "stderr": 6.316349065303257e-05, "n": 2560}, "mix.js": {"mean": 0.26125138662755487, "lo": 0.26122231381712485, "hi": 0.2612786297182902, "stderr": 1.4592509423209691e-05, "n": 2560}, "mix.hell": {"mean": 0.58513886150904, "lo": 0.5851069737924263, "hi": 0.5851700922340387, "stderr": 1.544255854299793e-05, "n": 2560}, "mix.l2": {"mean": 0.19276029055472463, "lo": 0.1926593054800469, "hi": 0.19286836854109424, "stderr": 5.242631472989596e-05, "n": 2560}, "mix.H": {"mean": 3.1870432490482927, "lo": 3.1867458739737047, "hi": 3.1873032748536203, "stderr": 0.00014331409693292346, "n": 2560}, "mix.kl_pu": {"mean": 0.9718532108236104, "lo": 0.9715828566020355, "hi": 0.9721270873997128, "stderr": 0.00013843984378943513, "n": 2560}, "target.success": {"mean": 0.014531909838842694, "lo": 0.013713720952738413, "hi": 0.015436960869404857, "stderr": 0.00044469209467984594, "n": 2560}, "target.maxp": {"mean": 0.12983663825725672, "lo": 0.12964290505646206, "hi": 0.13003015540060006, "stderr": 0.00010242034989081908, "n": 2560}, "target.gini": {"mean": 0.6998388353269547, "lo": 0.6997528802789748, "hi": 0.6999231054453412, "stderr": 4.139865406939651e-05, "n": 2560}, "target.tv_vsU": {"mean": 0.5491998279700055, "lo": 0.5490781394491205, "hi": 0.5493187978700734, "stderr": 6.160871713801139e-05, "n": 2560}, "target.js_vsU": {"mean": 0.26125138662755487, "lo": 0.26122295999171913, "hi": 0.2612821870157495, "stderr": 1.4899705642082368e-05, "n": 2560}, "target.H": {"mean": 3.1870432490482927, "lo": 3.1867491331114435, "hi": 3.1873113962472415, "stderr": 0.0001431015696290598, "n": 2560}, "target.KLpU": {"mean": 0.9718532108236104, "lo": 0.971584383888403, "hi": 0.9721386657305994, "stderr": 0.00014257526701721502, "n": 2560}, "target.cvar_neglogOmega": {"mean": 11.368833485152573, "lo": 11.089738373558504, "hi": 11.68540956094861, "stderr": 0.14629580979883441, "n": 2560}}