{"mix.tv": {"mean": 0.5491998279700055, "lo": 0.5490339612028979, "hi": 0.5493656947371132, "stderr": 7.332238883807014e-05, "n": 10}, "mix.js": {"mean": 0.26125138662755487, "lo": 0.26120880066987734, "hi": 0.2612939725852324, "stderr": 1.8825375343863968e-05, "n": 10}, "mix.hell": {"mean": 0.58513886150904, "lo": 0.585095370837306, "hi": 0.5851823521807741, "stderr": 1.9225309562126082e-05, "n": 10}, "mix.l2": {"mean": 0.19276029055472463, "lo": 0.19260007205218432, "hi": 0.19292050905726493, "stderr": 7.082553996299555e-05, "n": 10}, "mix.H": {"mean": 3.1870432490482927, "lo": 3.186609303616615, "hi": 3.1874771944799702, "stderr": 0.00019182815358851596, "n": 10}, "mix.kl_pu": {"mean": 0.9718532108236104, "lo": 0.9714192694876985, "hi": 0.9722871521595223, "stderr": 0.00019182634303110718, "n": 10}, "target.success": {"mean": 0.014531909838842694, "lo": 0.013602221818063887, "hi": 0.015461597859621501, "stderr": 0.00041097410738953546, "n": 10}, "target.maxp": {"mean": 0.12983663825725672, "lo": 0.12952151700180956, "hi": 0.13015175951270389, "stderr": 0.00013930122125094878, "n": 10}, "target.gini": {"mean": 0.6998388353269547, "lo": 0.6997206916351207, "hi": 0.6999569790187886, "stderr": 5.222612017146632e-05, "n": 10}, "target.tv_vsU": {"mean": 0.5491998279700055, "lo": 0.5490339612028979, "hi": 0.5493656947371132, "stderr": 7.332238883807014e-05, "n": 10}, "target.js_vsU": {"mean": 0.26125138662755487, "lo": 0.26120880066987734, "hi": 0.2612939725852324, "stderr": 1.8825375343863968e-05, "n": 10}, "target.H": {"mean": 3.1870432490482927, "lo": 3.186609303616615, "hi": 3.1874771944799702, "stderr": 0.00019182815358851596, "n": 10}, "target.KLpU": {"mean": 0.9718532108236104, "lo": 0.9714192694876985, "hi": 0.9722871521595223, "stderr": 0.00019182634303110718, "n": 10}, "target.cvar_neglogOmega": {"mean": 11.368833485152573, "lo": 11.09028701706736, "hi": 11.647379953237785, "stderr": 0.12313311942207311, "n": 10}}