{
  "mix.tv": {
    "mean": 0.8381040692329407,
    "lo": 0.8381040692329407,
    "hi": 0.8381040692329407,
    "stderr": 0.0,
    "n": 500
  },
  "mix.js": {
    "mean": 0.4687765836715698,
    "lo": 0.4687765836715698,
    "hi": 0.4687765836715698,
    "stderr": 0.0,
    "n": 500
  },
  "mix.hell": {
    "mean": 0.7814767360687256,
    "lo": 0.7814767360687256,
    "hi": 0.7814767360687256,
    "stderr": 0.0,
    "n": 500
  },
  "mix.l2": {
    "mean": 0.3421148955821991,
    "lo": 0.3421148955821991,
    "hi": 0.3421148955821991,
    "stderr": 0.0,
    "n": 500
  },
  "mix.H": {
    "mean": 2.167893886566162,
    "lo": 2.167893886566162,
    "hi": 2.167893886566162,
    "stderr": 0.0,
    "n": 500
  },
  "mix.kl_pu": {
    "mean": 1.9910104274749756,
    "lo": 1.9910104274749756,
    "hi": 1.9910104274749756,
    "stderr": 0.0,
    "n": 500
  },
  "target.success": {
    "mean": 0.0,
    "lo": 0.0,
    "hi": 0.0,
    "stderr": 0.0,
    "n": 500
  },
  "target.maxp": {
    "mean": 0.2123628854751587,
    "lo": 0.2123628854751587,
    "hi": 0.2123628854751587,
    "stderr": 0.0,
    "n": 500
  },
  "target.gini": {
    "mean": 0.8910274505615234,
    "lo": 0.8910274505615234,
    "hi": 0.8910274505615234,
    "stderr": 0.0,
    "n": 500
  },
  "target.tv_vsU": {
    "mean": 0.8381040692329407,
    "lo": 0.8381040692329407,
    "hi": 0.8381040692329407,
    "stderr": 0.0,
    "n": 500
  },
  "target.js_vsU": {
    "mean": 0.4687765836715698,
    "lo": 0.4687765836715698,
    "hi": 0.4687765836715698,
    "stderr": 0.0,
    "n": 500
  },
  "target.H": {
    "mean": 2.167893886566162,
    "lo": 2.167893886566162,
    "hi": 2.167893886566162,
    "stderr": 0.0,
    "n": 500
  },
  "target.KLpU": {
    "mean": 1.9910104274749756,
    "lo": 1.9910104274749756,
    "hi": 1.9910104274749756,
    "stderr": 0.0,
    "n": 500
  },
  "target.cvar_neglogOmega": {
    "mean": 18.42068099975586,
    "lo": 18.42068099975586,
    "hi": 18.42068099975586,
    "stderr": 0.0,
    "n": 500
  }
}