{"mix.tv": {"mean": 0.23925182223320007, "lo": 0.23925182223320007, "hi": 0.23925182223320007, "stderr": 0.0, "n": 2560}, "mix.js": {"mean": 0.04211151599884033, "lo": 0.04211151599884033, "hi": 0.04211151599884033, "stderr": 0.0, "n": 2560}, "mix.hell": {"mean": 0.20704109966754913, "lo": 0.20704109966754913, "hi": 0.20704109966754913, "stderr": 0.0, "n": 2560}, "mix.l2": {"mean": 0.07659438252449036, "lo": 0.07659438252449036, "hi": 0.07659438252449036, "stderr": 0.0, "n": 2560}, "mix.H": {"mean": 3.9880354404449463, "lo": 3.9880354404449463, "hi": 3.9880354404449463, "stderr": 0.0, "n": 2560}, "mix.kl_pu": {"mean": 0.17084774374961853, "lo": 0.17084774374961853, "hi": 0.17084774374961853, "stderr": 0.0, "n": 2560}, "target.success": {"mean": 0.009647264145314693, "lo": 0.009647264145314693, "hi": 0.009647264145314693, "stderr": 0.0, "n": 2560}, "target.maxp": {"mean": 0.04786444082856178, "lo": 0.04786444082856178, "hi": 0.04786444082856178, "stderr": 0.0, "n": 2560}, "target.gini": {"mean": 0.3263879120349884, "lo": 0.3263879120349884, "hi": 0.3263879120349884, "stderr": 0.0, "n": 2560}, "target.tv_vsU": {"mean": 0.23925182223320007, "lo": 0.23925182223320007, "hi": 0.23925182223320007, "stderr": 0.0, "n": 2560}, "target.js_vsU": {"mean": 0.04211151599884033, "lo": 0.04211151599884033, "hi": 0.04211151599884033, "stderr": 0.0, "n": 2560}, "target.H": {"mean": 3.9880354404449463, "lo": 3.9880354404449463, "hi": 3.9880354404449463, "stderr": 0.0, "n": 2560}, "target.KLpU": {"mean": 0.17084774374961853, "lo": 0.17084774374961853, "hi": 0.17084774374961853, "stderr": 0.0, "n": 2560}, "target.cvar_neglogOmega": {"mean": 4.641080856323242, "lo": 4.641080856323242, "hi": 4.641080856323242, "stderr": 0.0, "n": 2560}}