{
  "mix.tv": {
    "mean": 0.08182775101065635,
    "lo": 0.08178420762605965,
    "hi": 0.08187418569773436,
    "stderr": 2.242132793085851e-05,
    "n": 500
  },
  "mix.js": {
    "mean": 0.004593806355260312,
    "lo": 0.004585942631377839,
    "hi": 0.004602450329018757,
    "stderr": 4.258580067250617e-06,
    "n": 500
  },
  "mix.hell": {
    "mean": 0.06788093475997448,
    "lo": 0.06782240324243903,
    "hi": 0.06794148114733398,
    "stderr": 2.9361484101579853e-05,
    "n": 500
  },
  "mix.l2": {
    "mean": 0.022689227115362882,
    "lo": 0.022670977777801457,
    "hi": 0.022707140501029788,
    "stderr": 9.198221691761319e-06,
    "n": 500
  },
  "mix.H": {
    "mean": 4.1412004947662355,
    "lo": 4.1411691644907,
    "hi": 4.141229606199265,
    "stderr": 1.557994594308618e-05,
    "n": 500
  },
  "mix.kl_pu": {
    "mean": 0.0176823468208313,
    "lo": 0.017652833333052696,
    "hi": 0.01771428578486666,
    "stderr": 1.537668318703885e-05,
    "n": 500
  },
  "target.success": {
    "mean": 0.015572954054921866,
    "lo": 0.015322135135158895,
    "hi": 0.015808154182974248,
    "stderr": 0.00012198890888829045,
    "n": 500
  },
  "target.maxp": {
    "mean": 0.01785714215785265,
    "lo": 0.017857142090797425,
    "hi": 0.017857142221182586,
    "stderr": 3.3892269902822134e-11,
    "n": 500
  },
  "target.gini": {
    "mean": 0.09173003506660461,
    "lo": 0.09167074631750584,
    "hi": 0.09178769423812629,
    "stderr": 3.1566792731986346e-05,
    "n": 500
  },
  "target.tv_vsU": {
    "mean": 0.08182775101065635,
    "lo": 0.08178442781455815,
    "hi": 0.08187563999667764,
    "stderr": 2.2982900979649992e-05,
    "n": 500
  },
  "target.js_vsU": {
    "mean": 0.004593806355260312,
    "lo": 0.0045857269446132705,
    "hi": 0.00460217140915338,
    "stderr": 4.206222862391043e-06,
    "n": 500
  },
  "target.H": {
    "mean": 4.1412004947662355,
    "lo": 4.141170057582856,
    "hi": 4.141229475259781,
    "stderr": 1.541370579177052e-05,
    "n": 500
  },
  "target.KLpU": {
    "mean": 0.0176823468208313,
    "lo": 0.017651658691465857,
    "hi": 0.017712560768425464,
    "stderr": 1.5746049073713095e-05,
    "n": 500
  },
  "target.cvar_neglogOmega": {
    "mean": 4.180804437637329,
    "lo": 4.164075313878059,
    "hi": 4.1981072920084,
    "stderr": 0.008702165037494977,
    "n": 500
  }
}