{"mix.tv": {"mean": 0.577028943784535, "lo": 0.5761693503422429, "hi": 0.5780655116541311, "stderr": 0.0004924300102598557, "n": 2560}, "mix.js": {"mean": 0.27491246615536513, "lo": 0.2742070560486172, "hi": 0.2756405281438492, "stderr": 0.00037536866554652637, "n": 2560}, "mix.hell": {"mean": 0.5973139099078253, "lo": 0.5966533570253524, "hi": 0.5980188018176704, "stderr": 0.00035539201310604295, "n": 2560}, "mix.l2": {"mean": 0.20815946457441897, "lo": 0.2066474251919135, "hi": 0.20967658950030454, "stderr": 0.0007753512024848302, "n": 2560}, "mix.H": {"mean": 3.1035109987482428, "lo": 3.0977138296607882, "hi": 3.108739840728231, "stderr": 0.002917055712479198, "n": 2560}, "mix.kl_pu": {"mean": 1.055385380703956, "lo": 1.0500776699127166, "hi": 1.0611058708804195, "stderr": 0.002903772800143128, "n": 2560}, "target.success": {"mean": 0.015752735395290075, "lo": 0.014821417406533328, "hi": 0.0166978744200037, "stderr": 0.00047176430320202046, "n": 2560}, "target.maxp": {"mean": 0.12950649147387594, "lo": 0.12775555055850418, "hi": 0.13147755088335544, "stderr": 0.0009739472333210892, "n": 2560}, "target.gini": {"mean": 0.7261725628282875, "lo": 0.7248985024419381, "hi": 0.7275047603202984, "stderr": 0.000654563485115047, "n": 2560}, "target.tv_vsU": {"mean": 0.577028943784535, "lo": 0.5760540561220842, "hi": 0.5780314157990506, "stderr": 0.0005066261166592819, "n": 2560}, "target.js_vsU": {"mean": 0.27491246615536513, "lo": 0.2741421370222815, "hi": 0.2756418697090703, "stderr": 0.000385947610278204, "n": 2560}, "target.H": {"mean": 3.1035109987482428, "lo": 3.0974960964405907, "hi": 3.1093402535119092, "stderr": 0.0029333113666543363, "n": 2560}, "target.KLpU": {"mean": 1.055385380703956, "lo": 1.049591535209329, "hi": 1.0608430753293214, "stderr": 0.002884774943919281, "n": 2560}, "target.cvar_neglogOmega": {"mean": 10.9545664684847, "lo": 10.677097103076521, "hi": 11.24024061436532, "stderr": 0.1445763600696639, "n": 2560}}