{"mix.tv": {"mean": 0.577028943784535, "lo": 0.5758745969903362, "hi": 0.5781832905787337, "stderr": 0.0005102858515552503, "n": 10}, "mix.js": {"mean": 0.27491246615536513, "lo": 0.2740842103667819, "hi": 0.2757407219439484, "stderr": 0.00036613538713564035, "n": 10}, "mix.hell": {"mean": 0.5973139099078253, "lo": 0.5965295317700943, "hi": 0.5980982880455563, "stderr": 0.0003467390111575711, "n": 10}, "mix.l2": {"mean": 0.20815946457441897, "lo": 0.20661004109831357, "hi": 0.20970888805052437, "stderr": 0.0006849318436171443, "n": 10}, "mix.H": {"mean": 3.1035109987482428, "lo": 3.097510753874551, "hi": 3.1095112436219345, "stderr": 0.0026524438585519197, "n": 10}, "mix.kl_pu": {"mean": 1.055385380703956, "lo": 1.0493851305733317, "hi": 1.0613856308345802, "stderr": 0.0026524461824102064, "n": 10}, "target.success": {"mean": 0.015752735395290075, "lo": 0.014574070722648316, "hi": 0.016931400067931833, "stderr": 0.0005210357140503321, "n": 10}, "target.maxp": {"mean": 0.12950649147387594, "lo": 0.1275619643232846, "hi": 0.1314510186244673, "stderr": 0.0008595897679089617, "n": 10}, "target.gini": {"mean": 0.7261725628282875, "lo": 0.7247725923560452, "hi": 0.7275725333005297, "stderr": 0.000618865256238857, "n": 10}, "target.tv_vsU": {"mean": 0.577028943784535, "lo": 0.5758745969903362, "hi": 0.5781832905787337, "stderr": 0.0005102858515552503, "n": 10}, "target.js_vsU": {"mean": 0.27491246615536513, "lo": 0.2740842103667819, "hi": 0.2757407219439484, "stderr": 0.00036613538713564035, "n": 10}, "target.H": {"mean": 3.1035109987482428, "lo": 3.097510753874551, "hi": 3.1095112436219345, "stderr": 0.0026524438585519197, "n": 10}, "target.KLpU": {"mean": 1.055385380703956, "lo": 1.0493851305733317, "hi": 1.0613856308345802, "stderr": 0.0026524461824102064, "n": 10}, "target.cvar_neglogOmega": {"mean": 10.9545664684847, "lo": 10.605008871127778, "hi": 11.304124065841622, "stderr": 0.1545240105757708, "n": 10}}