{"mix.tv": {"mean": 0.5391848087310791, "lo": 0.5391848087310791, "hi": 0.5391848087310791, "stderr": 0.0, "n": 10}, "mix.js": {"mean": 0.24110481142997742, "lo": 0.24110481142997742, "hi": 0.24110481142997742, "stderr": 0.0, "n": 10}, "mix.hell": {"mean": 0.5652193427085876, "lo": 0.5652193427085876, "hi": 0.5652193427085876, "stderr": 0.0, "n": 10}, "mix.l2": {"mean": 0.1538364738225937, "lo": 0.1538364738225937, "hi": 0.1538364738225937, "stderr": 0.0, "n": 10}, "mix.H": {"mean": 3.3275349140167236, "lo": 3.3275349140167236, "hi": 3.3275349140167236, "stderr": 0.0, "n": 10}, "mix.kl_pu": {"mean": 0.8313612937927246, "lo": 0.8313612937927246, "hi": 0.8313612937927246, "stderr": 0.0, "n": 10}, "target.success": {"mean": 0.01547123702312092, "lo": 0.014792908471009376, "hi": 0.016149565575232463, "stderr": 0.00029985916241810363, "n": 10}, "target.maxp": {"mean": 0.0628853365778923, "lo": 0.0628853365778923, "hi": 0.0628853365778923, "stderr": 0.0, "n": 10}, "target.gini": {"mean": 0.6447036862373352, "lo": 0.6447036862373352, "hi": 0.6447036862373352, "stderr": 0.0, "n": 10}, "target.tv_vsU": {"mean": 0.5391848087310791, "lo": 0.5391848087310791, "hi": 0.5391848087310791, "stderr": 0.0, "n": 10}, "target.js_vsU": {"mean": 0.24110481142997742, "lo": 0.24110481142997742, "hi": 0.24110481142997742, "stderr": 0.0, "n": 10}, "target.H": {"mean": 3.3275349140167236, "lo": 3.3275349140167236, "hi": 3.3275349140167236, "stderr": 0.0, "n": 10}, "target.KLpU": {"mean": 0.8313612937927246, "lo": 0.8313612937927246, "hi": 0.8313612937927246, "stderr": 0.0, "n": 10}, "target.cvar_neglogOmega": {"mean": 11.20975042823702, "lo": 10.93482348676657, "hi": 11.484677369707471, "stderr": 0.12153308619971534, "n": 10}}