{"mix.tv": {"mean": 0.5391848087310791, "lo": 0.5391848087310791, "hi": 0.5391848087310791, "stderr": 0.0, "n": 2560}, "mix.js": {"mean": 0.24110481142997742, "lo": 0.24110481142997742, "hi": 0.24110481142997742, "stderr": 0.0, "n": 2560}, "mix.hell": {"mean": 0.5652193427085876, "lo": 0.5652193427085876, "hi": 0.5652193427085876, "stderr": 0.0, "n": 2560}, "mix.l2": {"mean": 0.1538364738225937, "lo": 0.1538364738225937, "hi": 0.1538364738225937, "stderr": 0.0, "n": 2560}, "mix.H": {"mean": 3.3275349140167236, "lo": 3.3275349140167236, "hi": 3.3275349140167236, "stderr": 0.0, "n": 2560}, "mix.kl_pu": {"mean": 0.8313612937927246, "lo": 0.8313612937927246, "hi": 0.8313612937927246, "stderr": 0.0, "n": 2560}, "target.success": {"mean": 0.01547123702312092, "lo": 0.01471891492148643, "hi": 0.016245058194035666, "stderr": 0.0003735107785843036, "n": 2560}, "target.maxp": {"mean": 0.0628853365778923, "lo": 0.0628853365778923, "hi": 0.0628853365778923, "stderr": 0.0, "n": 2560}, "target.gini": {"mean": 0.6447036862373352, "lo": 0.6447036862373352, "hi": 0.6447036862373352, "stderr": 0.0, "n": 2560}, "target.tv_vsU": {"mean": 0.5391848087310791, "lo": 0.5391848087310791, "hi": 0.5391848087310791, "stderr": 0.0, "n": 2560}, "target.js_vsU": {"mean": 0.24110481142997742, "lo": 0.24110481142997742, "hi": 0.24110481142997742, "stderr": 0.0, "n": 2560}, "target.H": {"mean": 3.3275349140167236, "lo": 3.3275349140167236, "hi": 3.3275349140167236, "stderr": 0.0, "n": 2560}, "target.KLpU": {"mean": 0.8313612937927246, "lo": 0.8313612937927246, "hi": 0.8313612937927246, "stderr": 0.0, "n": 2560}, "target.cvar_neglogOmega": {"mean": 11.20975042823702, "lo": 10.93442660378292, "hi": 11.510655796325299, "stderr": 0.1450459382668952, "n": 2560}}