{
  "mix.tv": {
    "mean": 0.7035691142082214,
    "lo": 0.7035691142082214,
    "hi": 0.7035691142082214,
    "stderr": 0.0,
    "n": 640
  },
  "mix.js": {
    "mean": 0.3542237877845764,
    "lo": 0.3542237877845764,
    "hi": 0.3542237877845764,
    "stderr": 0.0,
    "n": 640
  },
  "mix.hell": {
    "mean": 0.6746606826782227,
    "lo": 0.6746606826782227,
    "hi": 0.6746606826782227,
    "stderr": 0.0,
    "n": 640
  },
  "mix.l2": {
    "mean": 0.2380182296037674,
    "lo": 0.2380182296037674,
    "hi": 0.2380182296037674,
    "stderr": 0.0,
    "n": 640
  },
  "mix.H": {
    "mean": 2.789064407348633,
    "lo": 2.789064407348633,
    "hi": 2.789064407348633,
    "stderr": 0.0,
    "n": 640
  },
  "mix.kl_pu": {
    "mean": 1.369832158088684,
    "lo": 1.369832158088684,
    "hi": 1.369832158088684,
    "stderr": 0.0,
    "n": 640
  },
  "target.success": {
    "mean": 0.0,
    "lo": 0.0,
    "hi": 0.0,
    "stderr": 0.0,
    "n": 640
  },
  "target.maxp": {
    "mean": 0.1330469846725464,
    "lo": 0.1330469846725464,
    "hi": 0.1330469846725464,
    "stderr": 0.0,
    "n": 640
  },
  "target.gini": {
    "mean": 0.8012580871582031,
    "lo": 0.8012580871582031,
    "hi": 0.8012580871582031,
    "stderr": 0.0,
    "n": 640
  },
  "target.tv_vsU": {
    "mean": 0.7035691142082214,
    "lo": 0.7035691142082214,
    "hi": 0.7035691142082214,
    "stderr": 0.0,
    "n": 640
  },
  "target.js_vsU": {
    "mean": 0.3542237877845764,
    "lo": 0.3542237877845764,
    "hi": 0.3542237877845764,
    "stderr": 0.0,
    "n": 640
  },
  "target.H": {
    "mean": 2.789064407348633,
    "lo": 2.789064407348633,
    "hi": 2.789064407348633,
    "stderr": 0.0,
    "n": 640
  },
  "target.KLpU": {
    "mean": 1.369832158088684,
    "lo": 1.369832158088684,
    "hi": 1.369832158088684,
    "stderr": 0.0,
    "n": 640
  },
  "target.cvar_neglogOmega": {
    "mean": 18.42068099975586,
    "lo": 18.42068099975586,
    "hi": 18.42068099975586,
    "stderr": 0.0,
    "n": 640
  }
}
