{"mix.tv": {"mean": 0.5391840934753418, "lo": 0.5391840934753418, "hi": 0.5391840934753418, "stderr": 0.0, "n": 2560}, "mix.js": {"mean": 0.24110431969165802, "lo": 0.24110431969165802, "hi": 0.24110431969165802, "stderr": 0.0, "n": 2560}, "mix.hell": {"mean": 0.565218985080719, "lo": 0.565218985080719, "hi": 0.565218985080719, "stderr": 0.0, "n": 2560}, "mix.l2": {"mean": 0.15383616089820862, "lo": 0.15383616089820862, "hi": 0.15383616089820862, "stderr": 0.0, "n": 2560}, "mix.H": {"mean": 3.3275370597839355, "lo": 3.3275370597839355, "hi": 3.3275370597839355, "stderr": 0.0, "n": 2560}, "mix.kl_pu": {"mean": 0.831359326839447, "lo": 0.831359326839447, "hi": 0.831359326839447, "stderr": 0.0, "n": 2560}}