{"mix.tv": {"mean": 0.837547242641449, "lo": 0.837547242641449, "hi": 0.837547242641449, "stderr": 0.0, "n": 10}, "mix.js": {"mean": 0.47693920135498047, "lo": 0.47693920135498047, "hi": 0.47693920135498047, "stderr": 0.0, "n": 10}, "mix.hell": {"mean": 0.7763197422027588, "lo": 0.7763197422027588, "hi": 0.7763197422027588, "stderr": 0.0, "n": 10}, "mix.l2": {"mean": 0.43913015723228455, "lo": 0.43913015723228455, "hi": 0.43913015723228455, "stderr": 0.0, "n": 10}, "mix.H": {"mean": 1.8673861026763916, "lo": 1.8673861026763916, "hi": 1.8673861026763916, "stderr": 0.0, "n": 10}, "mix.kl_pu": {"mean": 2.2915101051330566, "lo": 2.2915101051330566, "hi": 2.2915101051330566, "stderr": 0.0, "n": 10}, "target.success": {"mean": 0.0, "lo": 0.0, "hi": 0.0, "stderr": 0.0, "n": 10}, "target.maxp": {"mean": 0.31588077545166016, "lo": 0.31588077545166016, "hi": 0.31588077545166016, "stderr": 0.0, "n": 10}, "target.gini": {"mean": 0.9235053658485413, "lo": 0.9235053658485413, "hi": 0.9235053658485413, "stderr": 0.0, "n": 10}, "target.tv_vsU": {"mean": 0.837547242641449, "lo": 0.837547242641449, "hi": 0.837547242641449, "stderr": 0.0, "n": 10}, "target.js_vsU": {"mean": 0.47693920135498047, "lo": 0.47693920135498047, "hi": 0.47693920135498047, "stderr": 0.0, "n": 10}, "target.H": {"mean": 1.8673861026763916, "lo": 1.8673861026763916, "hi": 1.8673861026763916, "stderr": 0.0, "n": 10}, "target.KLpU": {"mean": 2.2915101051330566, "lo": 2.2915101051330566, "hi": 2.2915101051330566, "stderr": 0.0, "n": 10}, "target.cvar_neglogOmega": {"mean": 18.42068099975586, "lo": 18.42068099975586, "hi": 18.42068099975586, "stderr": 0.0, "n": 10}}