{"mix.tv": {"mean": 0.682624101638794, "lo": 0.682624101638794, "hi": 0.682624101638794, "stderr": 0.0, "n": 2560}, "mix.js": {"mean": 0.34678569436073303, "lo": 0.34678569436073303, "hi": 0.34678569436073303, "stderr": 0.0, "n": 2560}, "mix.hell": {"mean": 0.6623528003692627, "lo": 0.6623528003692627, "hi": 0.6623528003692627, "stderr": 0.0, "n": 2560}, "mix.l2": {"mean": 0.3164433538913727, "lo": 0.3164433538913727, "hi": 0.3164433538913727, "stderr": 0.0, "n": 2560}, "mix.H": {"mean": 2.6157584190368652, "lo": 2.6157584190368652, "hi": 2.6157584190368652, "stderr": 0.0, "n": 2560}, "mix.kl_pu": {"mean": 1.543138027191162, "lo": 1.543138027191162, "hi": 1.543138027191162, "stderr": 0.0, "n": 2560}, "target.success": {"mean": 0.01614569447719987, "lo": 0.014577682635097062, "hi": 0.017761504995971792, "stderr": 0.0008146415451189768, "n": 2560}, "target.maxp": {"mean": 0.23795735836029053, "lo": 0.23795735836029053, "hi": 0.23795735836029053, "stderr": 0.0, "n": 2560}, "target.gini": {"mean": 0.8345360159873962, "lo": 0.8345360159873962, "hi": 0.8345360159873962, "stderr": 0.0, "n": 2560}, "target.tv_vsU": {"mean": 0.682624101638794, "lo": 0.682624101638794, "hi": 0.682624101638794, "stderr": 0.0, "n": 2560}, "target.js_vsU": {"mean": 0.34678569436073303, "lo": 0.34678569436073303, "hi": 0.34678569436073303, "stderr": 0.0, "n": 2560}, "target.H": {"mean": 2.6157584190368652, "lo": 2.6157584190368652, "hi": 2.6157584190368652, "stderr": 0.0, "n": 2560}, "target.KLpU": {"mean": 1.543138027191162, "lo": 1.543138027191162, "hi": 1.543138027191162, "stderr": 0.0, "n": 2560}, "target.cvar_neglogOmega": {"mean": 11.543557545775547, "lo": 11.286820866444614, "hi": 11.820279906288489, "stderr": 0.13555686691535115, "n": 2560}}