cond,mix.tv,target.tv_vsU,target.success,mix.H,mix.hell,mix.js,mix.kl_pu,mix.l2,target.H,target.KLpU,target.cvar_neglogOmega,target.gini,target.js_vsU,target.maxp
baseline_hadamard,0.984375,0.984375,0.0,0.00010154399933526292,0.9354143738746643,0.6527416706085205,4.158807754516602,0.9921567440032959,0.00010154399933526292,4.158807754516602,18.42068099975586,0.984375,0.6527416706085205,1.0
