{"conditions": {"baseline_hadamard": {"summary": {"mix.tv": 0.984375, "mix.js": 0.6527416706085205, "mix.hell": 0.9354143738746643, "mix.l2": 0.9921567440032959, "mix.H": 0.00010154399933526292, "mix.kl_pu": 4.158807754516602, "target.success": 0.0, "target.maxp": 1.0, "target.gini": 0.984375, "target.tv_vsU": 0.984375, "target.js_vsU": 0.6527416706085205, "target.H": 0.00010154399933526292, "target.KLpU": 4.158807754516602, "target.cvar_neglogOmega": 18.42068099975586}, "ci": {"mix.tv": {"mean": 0.984375, "lo": 0.984375, "hi": 0.984375, "stderr": 0.0, "n": 2560}, "mix.js": {"mean": 0.6527416706085205, "lo": 0.6527416706085205, "hi": 0.6527416706085205, "stderr": 0.0, "n": 2560}, "mix.hell": {"mean": 0.9354143738746643, "lo": 0.9354143738746643, "hi": 0.9354143738746643, "stderr": 0.0, "n": 2560}, "mix.l2": {"mean": 0.9921567440032959, "lo": 0.9921567440032959, "hi": 0.9921567440032959, "stderr": 0.0, "n": 2560}, "mix.H": {"mean": 0.00010154399933526292, "lo": 0.00010154399933526292, "hi": 0.00010154399933526292, "stderr": 0.0, "n": 2560}, "mix.kl_pu": {"mean": 4.158807754516602, "lo": 4.158807754516602, "hi": 4.158807754516602, "stderr": 0.0, "n": 2560}, "target.success": {"mean": 0.0, "lo": 0.0, "hi": 0.0, "stderr": 0.0, "n": 2560}, "target.maxp": {"mean": 1.0, "lo": 1.0, "hi": 1.0, "stderr": 0.0, "n": 2560}, "target.gini": {"mean": 0.984375, "lo": 0.984375, "hi": 0.984375, "stderr": 0.0, "n": 2560}, "target.tv_vsU": {"mean": 0.984375, "lo": 0.984375, "hi": 0.984375, "stderr": 0.0, "n": 2560}, "target.js_vsU": {"mean": 0.6527416706085205, "lo": 0.6527416706085205, "hi": 0.6527416706085205, "stderr": 0.0, "n": 2560}, "target.H": {"mean": 0.00010154399933526292, "lo": 0.00010154399933526292, "hi": 0.00010154399933526292, "stderr": 0.0, "n": 2560}, "target.KLpU": {"mean": 4.158807754516602, "lo": 4.158807754516602, "hi": 4.158807754516602, "stderr": 0.0, "n": 2560}, "target.cvar_neglogOmega": {"mean": 18.42068099975586, "lo": 18.42068099975586, "hi": 18.42068099975586, "stderr": 0.0, "n": 2560}}, "summary_seed": {"mix.tv": 0.984375, "mix.js": 0.6527416706085205, "mix.hell": 0.9354143738746643, "mix.l2": 0.9921567440032959, "mix.H": 0.00010154399933526292, "mix.kl_pu": 4.158807754516602, "target.success": 0.0, "target.maxp": 1.0, "target.gini": 0.984375, "target.tv_vsU": 0.984375, "target.js_vsU": 0.6527416706085205, "target.H": 0.00010154399933526292, "target.KLpU": 4.158807754516602, "target.cvar_neglogOmega": 18.42068099975586}, "ci_seed": {"mix.tv": {"mean": 0.984375, "lo": 0.984375, "hi": 0.984375, "stderr": 0.0, "n": 10}, "mix.js": {"mean": 0.6527416706085205, "lo": 0.6527416706085205, "hi": 0.6527416706085205, "stderr": 0.0, "n": 10}, "mix.hell": {"mean": 0.9354143738746643, "lo": 0.9354143738746643, "hi": 0.9354143738746643, "stderr": 0.0, "n": 10}, "mix.l2": {"mean": 0.9921567440032959, "lo": 0.9921567440032959, "hi": 0.9921567440032959, "stderr": 0.0, "n": 10}, "mix.H": {"mean": 0.00010154399933526292, "lo": 0.00010154399933526292, "hi": 0.00010154399933526292, "stderr": 0.0, "n": 10}, "mix.kl_pu": {"mean": 4.158807754516602, "lo": 4.158807754516602, "hi": 4.158807754516602, "stderr": 0.0, "n": 10}, "target.success": {"mean": 0.0, "lo": 0.0, "hi": 0.0, "stderr": 0.0, "n": 10}, "target.maxp": {"mean": 1.0, "lo": 1.0, "hi": 1.0, "stderr": 0.0, "n": 10}, "target.gini": {"mean": 0.984375, "lo": 0.984375, "hi": 0.984375, "stderr": 0.0, "n": 10}, "target.tv_vsU": {"mean": 0.984375, "lo": 0.984375, "hi": 0.984375, "stderr": 0.0, "n": 10}, "target.js_vsU": {"mean": 0.6527416706085205, "lo": 0.6527416706085205, "hi": 0.6527416706085205, "stderr": 0.0, "n": 10}, "target.H": {"mean": 0.00010154399933526292, "lo": 0.00010154399933526292, "hi": 0.00010154399933526292, "stderr": 0.0, "n": 10}, "target.KLpU": {"mean": 4.158807754516602, "lo": 4.158807754516602, "hi": 4.158807754516602, "stderr": 0.0, "n": 10}, "target.cvar_neglogOmega": {"mean": 18.42068099975586, "lo": 18.42068099975586, "hi": 18.42068099975586, "stderr": 0.0, "n": 10}}, "text": "CI over pooled episodes \u2014 baseline_hadamard \u2014 SU2 (deg=2)\n---------------------------------------------------------\nmix.H: 0.0001 [0.0001, 0.0001] @ 95% (n=2560, se=0)\n  seed_mean: 0.0001 [0.0001, 0.0001] @ 95% (n=10, se=0)\nmix.hell: 0.9354 [0.9354, 0.9354] @ 95% (n=2560, se=0)\n  seed_mean: 0.9354 [0.9354, 0.9354] @ 95% (n=10, se=0)\nmix.js: 0.6527 [0.6527, 0.6527] @ 95% (n=2560, se=0)\n  seed_mean: 0.6527 [0.6527, 0.6527] @ 95% (n=10, se=0)\nmix.kl_pu: 4.1588 [4.1588, 4.1588] @ 95% (n=2560, se=0)\n  seed_mean: 4.1588 [4.1588, 4.1588] @ 95% (n=10, se=0)\nmix.l2: 0.9922 [0.9922, 0.9922] @ 95% (n=2560, se=0)\n  seed_mean: 0.9922 [0.9922, 0.9922] @ 95% (n=10, se=0)\nmix.tv: 0.9844 [0.9844, 0.9844] @ 95% (n=2560, se=0)\n  seed_mean: 0.9844 [0.9844, 0.9844] @ 95% (n=10, se=0)\ntarget.H: 0.0001 [0.0001, 0.0001] @ 95% (n=2560, se=0)\n  seed_mean: 0.0001 [0.0001, 0.0001] @ 95% (n=10, se=0)\ntarget.KLpU: 4.1588 [4.1588, 4.1588] @ 95% (n=2560, se=0)\n  seed_mean: 4.1588 [4.1588, 4.1588] @ 95% (n=10, se=0)\ntarget.cvar_neglogOmega: 18.4207 [18.4207, 18.4207] @ 95% (n=2560, se=0)\n  seed_mean: 18.4207 [18.4207, 18.4207] @ 95% (n=10, se=0)\ntarget.gini: 0.9844 [0.9844, 0.9844] @ 95% (n=2560, se=0)\n  seed_mean: 0.9844 [0.9844, 0.9844] @ 95% (n=10, se=0)\ntarget.js_vsU: 0.6527 [0.6527, 0.6527] @ 95% (n=2560, se=0)\n  seed_mean: 0.6527 [0.6527, 0.6527] @ 95% (n=10, se=0)\ntarget.maxp: 1.0000 [1.0000, 1.0000] @ 95% (n=2560, se=0)\n  seed_mean: 1.0000 [1.0000, 1.0000] @ 95% (n=10, se=0)\ntarget.success: 0.0000 [0.0000, 0.0000] @ 95% (n=2560, se=0)\n  seed_mean: 0.0000 [0.0000, 0.0000] @ 95% (n=10, se=0)\ntarget.tv_vsU: 0.9844 [0.9844, 0.9844] @ 95% (n=2560, se=0)\n  seed_mean: 0.9844 [0.9844, 0.9844] @ 95% (n=10, se=0)", "text_seed": "Seed-level CI (replicates = seeds; values = per-seed episode means)\nmethod=student_t alpha=0.05 n_seeds=10\nmix.tv: mean=0.984375 lo=0.984375 hi=0.984375 stderr=0 n=10\nmix.js: mean=0.652742 lo=0.652742 hi=0.652742 stderr=0 n=10\nmix.hell: mean=0.935414 lo=0.935414 hi=0.935414 stderr=0 n=10\nmix.l2: mean=0.992157 lo=0.992157 hi=0.992157 stderr=0 n=10\nmix.H: mean=0.000101544 lo=0.000101544 hi=0.000101544 stderr=0 n=10\nmix.kl_pu: mean=4.15881 lo=4.15881 hi=4.15881 stderr=0 n=10\ntarget.success: mean=0 lo=0 hi=0 stderr=0 n=10\ntarget.maxp: mean=1 lo=1 hi=1 stderr=0 n=10\ntarget.gini: mean=0.984375 lo=0.984375 hi=0.984375 stderr=0 n=10\ntarget.tv_vsU: mean=0.984375 lo=0.984375 hi=0.984375 stderr=0 n=10\ntarget.js_vsU: mean=0.652742 lo=0.652742 hi=0.652742 stderr=0 n=10\ntarget.H: mean=0.000101544 lo=0.000101544 hi=0.000101544 stderr=0 n=10\ntarget.KLpU: mean=4.15881 lo=4.15881 hi=4.15881 stderr=0 n=10\ntarget.cvar_neglogOmega: mean=18.4207 lo=18.4207 hi=18.4207 stderr=0 n=10\n"}}}
