{
  "mix.tv": {
    "mean": 0.57853764295578,
    "lo": 0.57853764295578,
    "hi": 0.57853764295578,
    "stderr": 0.0,
    "n": 500
  },
  "mix.js": {
    "mean": 0.28555598855018616,
    "lo": 0.28555598855018616,
    "hi": 0.28555598855018616,
    "stderr": 0.0,
    "n": 500
  },
  "mix.hell": {
    "mean": 0.6074880361557007,
    "lo": 0.6074880361557007,
    "hi": 0.6074880361557007,
    "stderr": 0.0,
    "n": 500
  },
  "mix.l2": {
    "mean": 0.22886274755001068,
    "lo": 0.22886274755001068,
    "hi": 0.22886274755001068,
    "stderr": 0.0,
    "n": 500
  },
  "mix.H": {
    "mean": 3.0214309692382812,
    "lo": 3.0214309692382812,
    "hi": 3.0214309692382812,
    "stderr": 0.0,
    "n": 500
  },
  "mix.kl_pu": {
    "mean": 1.137465476989746,
    "lo": 1.137465476989746,
    "hi": 1.137465476989746,
    "stderr": 0.0,
    "n": 500
  },
  "target.success": {
    "mean": 0.017279355427250266,
    "lo": 0.014662714394694194,
    "hi": 0.01991037959665991,
    "stderr": 0.001341285026671396,
    "n": 500
  },
  "target.maxp": {
    "mean": 0.1615544855594635,
    "lo": 0.1615544855594635,
    "hi": 0.1615544855594635,
    "stderr": 0.0,
    "n": 500
  },
  "target.gini": {
    "mean": 0.7504633665084839,
    "lo": 0.7504633665084839,
    "hi": 0.7504633665084839,
    "stderr": 0.0,
    "n": 500
  },
  "target.tv_vsU": {
    "mean": 0.57853764295578,
    "lo": 0.57853764295578,
    "hi": 0.57853764295578,
    "stderr": 0.0,
    "n": 500
  },
  "target.js_vsU": {
    "mean": 0.28555598855018616,
    "lo": 0.28555598855018616,
    "hi": 0.28555598855018616,
    "stderr": 0.0,
    "n": 500
  },
  "target.H": {
    "mean": 3.0214309692382812,
    "lo": 3.0214309692382812,
    "hi": 3.0214309692382812,
    "stderr": 0.0,
    "n": 500
  },
  "target.KLpU": {
    "mean": 1.137465476989746,
    "lo": 1.137465476989746,
    "hi": 1.137465476989746,
    "stderr": 0.0,
    "n": 500
  },
  "target.cvar_neglogOmega": {
    "mean": 10.835487248182297,
    "lo": 10.198114137613773,
    "hi": 11.512593801778555,
    "stderr": 0.3262036493242234,
    "n": 500
  }
}