{"mix.tv": {"mean": 0.7462528347969055, "lo": 0.7462528347969055, "hi": 0.7462528347969055, "stderr": 0.0, "n": 2560}, "mix.js": {"mean": 0.40688470005989075, "lo": 0.40688470005989075, "hi": 0.40688470005989075, "stderr": 0.0, "n": 2560}, "mix.hell": {"mean": 0.7259082794189453, "lo": 0.7259082794189453, "hi": 0.7259082794189453, "stderr": 0.0, "n": 2560}, "mix.l2": {"mean": 0.3269297182559967, "lo": 0.3269297182559967, "hi": 0.3269297182559967, "stderr": 0.0, "n": 2560}, "mix.H": {"mean": 2.4199061393737793, "lo": 2.4199061393737793, "hi": 2.4199061393737793, "stderr": 0.0, "n": 2560}, "mix.kl_pu": {"mean": 1.738993525505066, "lo": 1.738993525505066, "hi": 1.738993525505066, "stderr": 0.0, "n": 2560}, "target.success": {"mean": 6.504471704942189e-27, "lo": 6.504471704942189e-27, "hi": 6.504471704942189e-27, "stderr": 0.0, "n": 2560}, "target.maxp": {"mean": 0.23876149952411652, "lo": 0.23876149952411652, "hi": 0.23876149952411652, "stderr": 0.0, "n": 2560}, "target.gini": {"mean": 0.8647448420524597, "lo": 0.8647448420524597, "hi": 0.8647448420524597, "stderr": 0.0, "n": 2560}, "target.tv_vsU": {"mean": 0.7462528347969055, "lo": 0.7462528347969055, "hi": 0.7462528347969055, "stderr": 0.0, "n": 2560}, "target.js_vsU": {"mean": 0.40688470005989075, "lo": 0.40688470005989075, "hi": 0.40688470005989075, "stderr": 0.0, "n": 2560}, "target.H": {"mean": 2.4199061393737793, "lo": 2.4199061393737793, "hi": 2.4199061393737793, "stderr": 0.0, "n": 2560}, "target.KLpU": {"mean": 1.738993525505066, "lo": 1.738993525505066, "hi": 1.738993525505066, "stderr": 0.0, "n": 2560}, "target.cvar_neglogOmega": {"mean": 18.42068099975586, "lo": 18.42068099975586, "hi": 18.42068099975586, "stderr": 0.0, "n": 2560}}