{"mix.tv": {"mean": 0.5417512059211731, "lo": 0.5417512059211731, "hi": 0.5417512059211731, "stderr": 0.0, "n": 10}, "mix.js": {"mean": 0.25295835733413696, "lo": 0.25295835733413696, "hi": 0.25295835733413696, "stderr": 0.0, "n": 10}, "mix.hell": {"mean": 0.5768029093742371, "lo": 0.5768029093742371, "hi": 0.5768029093742371, "stderr": 0.0, "n": 10}, "mix.l2": {"mean": 0.1757909059524536, "lo": 0.1757909059524536, "hi": 0.1757909059524536, "stderr": 0.0, "n": 10}, "mix.H": {"mean": 3.244577407836914, "lo": 3.244577407836914, "hi": 3.244577407836914, "stderr": 0.0, "n": 10}, "mix.kl_pu": {"mean": 0.9143189787864685, "lo": 0.9143189787864685, "hi": 0.9143189787864685, "stderr": 0.0, "n": 10}}