cond,metric.mix.tv,metric.mix.js,metric.mix.hell,metric.mix.l2,metric.mix.H,metric.mix.kl_pu,metric.target.success,metric.target.maxp,metric.target.gini,metric.target.tv_vsU,metric.target.js_vsU,metric.target.H,metric.target.KLpU,metric.target.cvar_neglogOmega
ckpt_policy,0.8374433517456055,0.47703325748443604,0.7763349413871765,0.43982580304145813,1.8651399612426758,2.2937562465667725,0.0,0.3163456618785858,0.9236908555030823,0.8374433517456055,0.47703325748443604,1.8651399612426758,2.2937562465667725,18.42068099975586
ckpt_policy__mask_random_frac0p05,0.8115435481071472,0.452691513299942,0.7543072581291199,0.41933098435401917,1.9967041850090026,2.162192368507385,0.0,0.28932301998138427,0.9114251375198364,0.8115435481071472,0.452691513299942,1.9967041850090026,2.162192368507385,18.42068099975586
ckpt_policy__mask_random_frac0p1,0.7516172885894775,0.3998937726020813,0.7087490558624268,0.35771252810955045,2.328773021697998,1.8301234722137452,0.0,0.2372068092226982,0.8749177932739258,0.7516172885894775,0.3998937726020813,2.328773021697998,1.8301234722137452,18.42068099975586
ckpt_policy__mask_random_frac0p2,0.7359413862228393,0.38881397247314453,0.7002035498619079,0.33785605877637864,2.4176891326904295,1.7412073612213135,0.0,0.22280121296644212,0.8636844098567963,0.7359413862228393,0.38881397247314453,2.4176891326904295,1.7412073612213135,18.42068099975586
ckpt_policy__mask_random_frac0p3,0.7177086532115936,0.3771424412727356,0.6921174645423889,0.31865528523921965,2.511548638343811,1.6473481893539428,0.0,0.2129732996225357,0.8526548326015473,0.7177086532115936,0.3771424412727356,2.511548638343811,1.6473481893539428,18.42068099975586
