{"mix.tv": {"mean": 0.9225649833679199, "lo": 0.9225649833679199, "hi": 0.9225649833679199, "stderr": 0.0, "n": 2560}, "mix.js": {"mean": 0.565868079662323, "lo": 0.565868079662323, "hi": 0.565868079662323, "stderr": 0.0, "n": 2560}, "mix.hell": {"mean": 0.8595505356788635, "lo": 0.8595505356788635, "hi": 0.8595505356788635, "stderr": 0.0, "n": 2560}, "mix.l2": {"mean": 0.565543532371521, "lo": 0.565543532371521, "hi": 0.565543532371521, "stderr": 0.0, "n": 2560}, "mix.H": {"mean": 1.2437330484390259, "lo": 1.2437330484390259, "hi": 1.2437330484390259, "stderr": 0.0, "n": 2560}, "mix.kl_pu": {"mean": 2.915172576904297, "lo": 2.915172576904297, "hi": 2.915172576904297, "stderr": 0.0, "n": 2560}, "target.success": {"mean": 0.0, "lo": 0.0, "hi": 0.0, "stderr": 0.0, "n": 2560}, "target.maxp": {"mean": 0.39511582255363464, "lo": 0.39511582255363464, "hi": 0.39511582255363464, "stderr": 0.0, "n": 2560}, "target.gini": {"mean": 0.9560631513595581, "lo": 0.9560631513595581, "hi": 0.9560631513595581, "stderr": 0.0, "n": 2560}, "target.tv_vsU": {"mean": 0.9225649833679199, "lo": 0.9225649833679199, "hi": 0.9225649833679199, "stderr": 0.0, "n": 2560}, "target.js_vsU": {"mean": 0.565868079662323, "lo": 0.565868079662323, "hi": 0.565868079662323, "stderr": 0.0, "n": 2560}, "target.H": {"mean": 1.2437330484390259, "lo": 1.2437330484390259, "hi": 1.2437330484390259, "stderr": 0.0, "n": 2560}, "target.KLpU": {"mean": 2.915172576904297, "lo": 2.915172576904297, "hi": 2.915172576904297, "stderr": 0.0, "n": 2560}, "target.cvar_neglogOmega": {"mean": 18.42068099975586, "lo": 18.42068099975586, "hi": 18.42068099975586, "stderr": 0.0, "n": 2560}}