{"conditions": {"ckpt_policy": {"summary": {"mix.tv": 0.5326703786849976, "mix.js": 0.24169296026229858, "mix.hell": 0.5660167336463928, "mix.l2": 0.1586766391992569, "mix.H": 3.316514730453491, "mix.kl_pu": 0.842380940914154}, "ci": {"mix.tv": {"mean": 0.5326703786849976, "lo": 0.5326703786849976, "hi": 0.5326703786849976, "stderr": 0.0, "n": 2560}, "mix.js": {"mean": 0.24169296026229858, "lo": 0.24169296026229858, "hi": 0.24169296026229858, "stderr": 0.0, "n": 2560}, "mix.hell": {"mean": 0.5660167336463928, "lo": 0.5660167336463928, "hi": 0.5660167336463928, "stderr": 0.0, "n": 2560}, "mix.l2": {"mean": 0.1586766391992569, "lo": 0.1586766391992569, "hi": 0.1586766391992569, "stderr": 0.0, "n": 2560}, "mix.H": {"mean": 3.316514730453491, "lo": 3.316514730453491, "hi": 3.316514730453491, "stderr": 0.0, "n": 2560}, "mix.kl_pu": {"mean": 0.842380940914154, "lo": 0.842380940914154, "hi": 0.842380940914154, "stderr": 0.0, "n": 2560}}, "summary_seed": {"mix.tv": 0.5326703786849976, "mix.js": 0.24169296026229858, "mix.hell": 0.5660167336463928, "mix.l2": 0.1586766391992569, "mix.H": 3.316514730453491, "mix.kl_pu": 0.842380940914154}, "ci_seed": {"mix.tv": {"mean": 0.5326703786849976, "lo": 0.5326703786849976, "hi": 0.5326703786849976, "stderr": 0.0, "n": 10}, "mix.js": {"mean": 0.24169296026229858, "lo": 0.24169296026229858, "hi": 0.24169296026229858, "stderr": 0.0, "n": 10}, "mix.hell": {"mean": 0.5660167336463928, "lo": 0.5660167336463928, "hi": 0.5660167336463928, "stderr": 0.0, "n": 10}, "mix.l2": {"mean": 0.1586766391992569, "lo": 0.1586766391992569, "hi": 0.1586766391992569, "stderr": 0.0, "n": 10}, "mix.H": {"mean": 3.316514730453491, "lo": 3.316514730453491, "hi": 3.316514730453491, "stderr": 0.0, "n": 10}, "mix.kl_pu": {"mean": 0.842380940914154, "lo": 0.842380940914154, "hi": 0.842380940914154, "stderr": 0.0, "n": 10}}, "text": "CI over pooled episodes \u2014 ckpt_policy \u2014 EXP (any degree)\n--------------------------------------------------------\nmix.H: 3.3165 [3.3165, 3.3165] @ 95% (n=2560, se=0)\n  seed_mean: 3.3165 [3.3165, 3.3165] @ 95% (n=10, se=0)\nmix.hell: 0.5660 [0.5660, 0.5660] @ 95% (n=2560, se=0)\n  seed_mean: 0.5660 [0.5660, 0.5660] @ 95% (n=10, se=0)\nmix.js: 0.2417 [0.2417, 0.2417] @ 95% (n=2560, se=0)\n  seed_mean: 0.2417 [0.2417, 0.2417] @ 95% (n=10, se=0)\nmix.kl_pu: 0.8424 [0.8424, 0.8424] @ 95% (n=2560, se=0)\n  seed_mean: 0.8424 [0.8424, 0.8424] @ 95% (n=10, se=0)\nmix.l2: 0.1587 [0.1587, 0.1587] @ 95% (n=2560, se=0)\n  seed_mean: 0.1587 [0.1587, 0.1587] @ 95% (n=10, se=0)\nmix.tv: 0.5327 [0.5327, 0.5327] @ 95% (n=2560, se=0)\n  seed_mean: 0.5327 [0.5327, 0.5327] @ 95% (n=10, se=0)", "text_seed": "Seed-level CI (replicates = seeds; values = per-seed episode means)\nmethod=student_t alpha=0.05 n_seeds=10\nmix.tv: mean=0.53267 lo=0.53267 hi=0.53267 stderr=0 n=10\nmix.js: mean=0.241693 lo=0.241693 hi=0.241693 stderr=0 n=10\nmix.hell: mean=0.566017 lo=0.566017 hi=0.566017 stderr=0 n=10\nmix.l2: mean=0.158677 lo=0.158677 hi=0.158677 stderr=0 n=10\nmix.H: mean=3.31651 lo=3.31651 hi=3.31651 stderr=0 n=10\nmix.kl_pu: mean=0.842381 lo=0.842381 hi=0.842381 stderr=0 n=10\n"}, "ckpt_policy__abl_NoPE": {"summary": {"mix.tv": 0.5282300710678101, "mix.js": 0.24259531497955322, "mix.hell": 0.5670576095581055, "mix.l2": 0.1607450395822525, "mix.H": 3.3112494945526123, "mix.kl_pu": 0.8476470112800598}, "ci": {"mix.tv": {"mean": 0.5282300710678101, "lo": 0.5282300710678101, "hi": 0.5282300710678101, "stderr": 0.0, "n": 2560}, "mix.js": {"mean": 0.24259531497955322, "lo": 0.24259531497955322, "hi": 0.24259531497955322, "stderr": 0.0, "n": 2560}, "mix.hell": {"mean": 0.5670576095581055, "lo": 0.5670576095581055, "hi": 0.5670576095581055, "stderr": 0.0, "n": 2560}, "mix.l2": {"mean": 0.1607450395822525, "lo": 0.1607450395822525, "hi": 0.1607450395822525, "stderr": 0.0, "n": 2560}, "mix.H": {"mean": 3.3112494945526123, "lo": 3.3112494945526123, "hi": 3.3112494945526123, "stderr": 0.0, "n": 2560}, "mix.kl_pu": {"mean": 0.8476470112800598, "lo": 0.8476470112800598, "hi": 0.8476470112800598, "stderr": 0.0, "n": 2560}}, "summary_seed": {"mix.tv": 0.5282300710678101, "mix.js": 0.24259531497955322, "mix.hell": 0.5670576095581055, "mix.l2": 0.1607450395822525, "mix.H": 3.3112494945526123, "mix.kl_pu": 0.8476470112800598}, "ci_seed": {"mix.tv": {"mean": 0.5282300710678101, "lo": 0.5282300710678101, "hi": 0.5282300710678101, "stderr": 0.0, "n": 10}, "mix.js": {"mean": 0.24259531497955322, "lo": 0.24259531497955322, "hi": 0.24259531497955322, "stderr": 0.0, "n": 10}, "mix.hell": {"mean": 0.5670576095581055, "lo": 0.5670576095581055, "hi": 0.5670576095581055, "stderr": 0.0, "n": 10}, "mix.l2": {"mean": 0.1607450395822525, "lo": 0.1607450395822525, "hi": 0.1607450395822525, "stderr": 0.0, "n": 10}, "mix.H": {"mean": 3.3112494945526123, "lo": 3.3112494945526123, "hi": 3.3112494945526123, "stderr": 0.0, "n": 10}, "mix.kl_pu": {"mean": 0.8476470112800598, "lo": 0.8476470112800598, "hi": 0.8476470112800598, "stderr": 0.0, "n": 10}}, "text": "CI over pooled episodes \u2014 ckpt_policy__abl_NoPE \u2014 EXP (any degree)\n------------------------------------------------------------------\nmix.H: 3.3112 [3.3112, 3.3112] @ 95% (n=2560, se=0)\n  seed_mean: 3.3112 [3.3112, 3.3112] @ 95% (n=10, se=0)\nmix.hell: 0.5671 [0.5671, 0.5671] @ 95% (n=2560, se=0)\n  seed_mean: 0.5671 [0.5671, 0.5671] @ 95% (n=10, se=0)\nmix.js: 0.2426 [0.2426, 0.2426] @ 95% (n=2560, se=0)\n  seed_mean: 0.2426 [0.2426, 0.2426] @ 95% (n=10, se=0)\nmix.kl_pu: 0.8476 [0.8476, 0.8476] @ 95% (n=2560, se=0)\n  seed_mean: 0.8476 [0.8476, 0.8476] @ 95% (n=10, se=0)\nmix.l2: 0.1607 [0.1607, 0.1607] @ 95% (n=2560, se=0)\n  seed_mean: 0.1607 [0.1607, 0.1607] @ 95% (n=10, se=0)\nmix.tv: 0.5282 [0.5282, 0.5282] @ 95% (n=2560, se=0)\n  seed_mean: 0.5282 [0.5282, 0.5282] @ 95% (n=10, se=0)", "text_seed": "Seed-level CI (replicates = seeds; values = per-seed episode means)\nmethod=student_t alpha=0.05 n_seeds=10\nmix.tv: mean=0.52823 lo=0.52823 hi=0.52823 stderr=0 n=10\nmix.js: mean=0.242595 lo=0.242595 hi=0.242595 stderr=0 n=10\nmix.hell: mean=0.567058 lo=0.567058 hi=0.567058 stderr=0 n=10\nmix.l2: mean=0.160745 lo=0.160745 hi=0.160745 stderr=0 n=10\nmix.H: mean=3.31125 lo=3.31125 hi=3.31125 stderr=0 n=10\nmix.kl_pu: mean=0.847647 lo=0.847647 hi=0.847647 stderr=0 n=10\n"}, "ckpt_policy__abl_GlobalCoin": {"summary": {"mix.tv": 0.5302862524986267, "mix.js": 0.23613831400871277, "mix.hell": 0.5605305433273315, "mix.l2": 0.14750073850154877, "mix.H": 3.356423854827881, "mix.kl_pu": 0.8024721741676331}, "ci": {"mix.tv": {"mean": 0.5302862524986267, "lo": 0.5302862524986267, "hi": 0.5302862524986267, "stderr": 0.0, "n": 2560}, "mix.js": {"mean": 0.23613831400871277, "lo": 0.23613831400871277, "hi": 0.23613831400871277, "stderr": 0.0, "n": 2560}, "mix.hell": {"mean": 0.5605305433273315, "lo": 0.5605305433273315, "hi": 0.5605305433273315, "stderr": 0.0, "n": 2560}, "mix.l2": {"mean": 0.14750073850154877, "lo": 0.14750073850154877, "hi": 0.14750073850154877, "stderr": 0.0, "n": 2560}, "mix.H": {"mean": 3.356423854827881, "lo": 3.356423854827881, "hi": 3.356423854827881, "stderr": 0.0, "n": 2560}, "mix.kl_pu": {"mean": 0.8024721741676331, "lo": 0.8024721741676331, "hi": 0.8024721741676331, "stderr": 0.0, "n": 2560}}, "summary_seed": {"mix.tv": 0.5302862524986267, "mix.js": 0.23613831400871277, "mix.hell": 0.5605305433273315, "mix.l2": 0.14750073850154877, "mix.H": 3.356423854827881, "mix.kl_pu": 0.8024721741676331}, "ci_seed": {"mix.tv": {"mean": 0.5302862524986267, "lo": 0.5302862524986267, "hi": 0.5302862524986267, "stderr": 0.0, "n": 10}, "mix.js": {"mean": 0.23613831400871277, "lo": 0.23613831400871277, "hi": 0.23613831400871277, "stderr": 0.0, "n": 10}, "mix.hell": {"mean": 0.5605305433273315, "lo": 0.5605305433273315, "hi": 0.5605305433273315, "stderr": 0.0, "n": 10}, "mix.l2": {"mean": 0.14750073850154877, "lo": 0.14750073850154877, "hi": 0.14750073850154877, "stderr": 0.0, "n": 10},