cond,metric.mix.tv,metric.mix.js,metric.mix.hell,metric.mix.l2,metric.mix.H,metric.mix.kl_pu
ckpt_policy,0.5326703786849976,0.24169296026229858,0.5660167336463928,0.1586766391992569,3.316514730453491,0.842380940914154
ckpt_policy__abl_NoPE,0.5282300710678101,0.24259531497955322,0.5670576095581055,0.1607450395822525,3.3112494945526123,0.8476470112800598
ckpt_policy__abl_GlobalCoin,0.5302862524986267,0.23613831400871277,0.5605305433273315,0.14750073850154877,3.356423854827881,0.8024721741676331
ckpt_policy__abl_TimeFrozen,0.7402441501617432,0.40597403049468994,0.7154446840286255,0.4298119843006134,2.1527528762817383,2.006143569946289
ckpt_policy__abl_NodePermute,0.5534199476242065,0.26561781764030457,0.5895329117774963,0.20784704387187958,3.1429331302642822,1.0159634351730347
