{"mix.tv": {"mean": 0.5324896574020386, "lo": 0.5324896574020386, "hi": 0.5324896574020386, "stderr": 0.0, "n": 2560}, "mix.js": {"mean": 0.24264362454414368, "lo": 0.24264362454414368, "hi": 0.24264362454414368, "stderr": 0.0, "n": 2560}, "mix.hell": {"mean": 0.5668884515762329, "lo": 0.5668884515762329, "hi": 0.5668884515762329, "stderr": 0.0, "n": 2560}, "mix.l2": {"mean": 0.15788762271404266, "lo": 0.15788762271404266, "hi": 0.15788762271404266, "stderr": 0.0, "n": 2560}, "mix.H": {"mean": 3.314997911453247, "lo": 3.314997911453247, "hi": 3.314997911453247, "stderr": 0.0, "n": 2560}, "mix.kl_pu": {"mean": 0.8438984751701355, "lo": 0.8438984751701355, "hi": 0.8438984751701355, "stderr": 0.0, "n": 2560}}