cond,mix.tv,mix.H,mix.hell,mix.js,mix.kl_pu,mix.l2
ckpt_policy,0.5986020565032959,3.0728919506073,0.6065647602081299,0.28541651368141174,1.0860044956207275,0.20697031915187836
ckpt_policy__abl_GlobalCoin,0.5417512059211731,3.244577407836914,0.5768029093742371,0.25295835733413696,0.9143189787864685,0.1757909059524536
ckpt_policy__abl_NoPE,0.5391840934753418,3.3275370597839355,0.565218985080719,0.24110431969165802,0.831359326839447,0.15383616089820862
ckpt_policy__abl_NodePermute,0.5465779900550842,3.1654114723205566,0.5869118571281433,0.26284900307655334,0.9934850931167603,0.20189005136489868
ckpt_policy__abl_TimeFrozen,0.6780295968055725,2.7758405208587646,0.6511560082435608,0.3347263038158417,1.3830559253692627,0.2667631506919861
ckpt_policy_abl_GlobalCoin,0.5417512059211731,3.244577407836914,0.5768029093742371,0.25295835733413696,0.9143189787864685,0.1757909059524536
ckpt_policy_abl_NoPE,0.5391840934753418,3.3275370597839355,0.565218985080719,0.24110431969165802,0.831359326839447,0.15383616089820862
ckpt_policy_abl_NodePermute,0.5465779900550842,3.1654114723205566,0.5869118571281433,0.26284900307655334,0.9934850931167603,0.20189005136489868
ckpt_policy_abl_TimeFrozen,0.6780295968055725,2.7758405208587646,0.6511560082435608,0.3347263038158417,1.3830559253692627,0.2667631506919861
