{"conditions": {"ckpt_policy": {"summary": {"mix.tv": 0.5986020565032959, "mix.js": 0.28541651368141174, "mix.hell": 0.6065647602081299, "mix.l2": 0.20697031915187836, "mix.H": 3.0728919506073, "mix.kl_pu": 1.0860044956207275}, "ci": {"mix.tv": {"mean": 0.5986020565032959, "lo": 0.5986020565032959, "hi": 0.5986020565032959, "stderr": 0.0, "n": 2560}, "mix.js": {"mean": 0.28541651368141174, "lo": 0.28541651368141174, "hi": 0.28541651368141174, "stderr": 0.0, "n": 2560}, "mix.hell": {"mean": 0.6065647602081299, "lo": 0.6065647602081299, "hi": 0.6065647602081299, "stderr": 0.0, "n": 2560}, "mix.l2": {"mean": 0.20697031915187836, "lo": 0.20697031915187836, "hi": 0.20697031915187836, "stderr": 0.0, "n": 2560}, "mix.H": {"mean": 3.0728919506073, "lo": 3.0728919506073, "hi": 3.0728919506073, "stderr": 0.0, "n": 2560}, "mix.kl_pu": {"mean": 1.0860044956207275, "lo": 1.0860044956207275, "hi": 1.0860044956207275, "stderr": 0.0, "n": 2560}}, "summary_seed": {"mix.tv": 0.5986020565032959, "mix.js": 0.28541651368141174, "mix.hell": 0.6065647602081299, "mix.l2": 0.20697031915187836, "mix.H": 3.0728919506073, "mix.kl_pu": 1.0860044956207275}, "ci_seed": {"mix.tv": {"mean": 0.5986020565032959, "lo": 0.5986020565032959, "hi": 0.5986020565032959, "stderr": 0.0, "n": 10}, "mix.js": {"mean": 0.28541651368141174, "lo": 0.28541651368141174, "hi": 0.28541651368141174, "stderr": 0.0, "n": 10}, "mix.hell": {"mean": 0.6065647602081299, "lo": 0.6065647602081299, "hi": 0.6065647602081299, "stderr": 0.0, "n": 10}, "mix.l2": {"mean": 0.20697031915187836, "lo": 0.20697031915187836, "hi": 0.20697031915187836, "stderr": 0.0, "n": 10}, "mix.H": {"mean": 3.0728919506073, "lo": 3.0728919506073, "hi": 3.0728919506073, "stderr": 0.0, "n": 10}, "mix.kl_pu": {"mean": 1.0860044956207275, "lo": 1.0860044956207275, "hi": 1.0860044956207275, "stderr": 0.0, "n": 10}}, "text": "CI over pooled episodes \u2014 ckpt_policy \u2014 EXP (any degree)\n--------------------------------------------------------\nmix.H: 3.0729 [3.0729, 3.0729] @ 95% (n=2560, se=0)\n  seed_mean: 3.0729 [3.0729, 3.0729] @ 95% (n=10, se=0)\nmix.hell: 0.6066 [0.6066, 0.6066] @ 95% (n=2560, se=0)\n  seed_mean: 0.6066 [0.6066, 0.6066] @ 95% (n=10, se=0)\nmix.js: 0.2854 [0.2854, 0.2854] @ 95% (n=2560, se=0)\n  seed_mean: 0.2854 [0.2854, 0.2854] @ 95% (n=10, se=0)\nmix.kl_pu: 1.0860 [1.0860, 1.0860] @ 95% (n=2560, se=0)\n  seed_mean: 1.0860 [1.0860, 1.0860] @ 95% (n=10, se=0)\nmix.l2: 0.2070 [0.2070, 0.2070] @ 95% (n=2560, se=0)\n  seed_mean: 0.2070 [0.2070, 0.2070] @ 95% (n=10, se=0)\nmix.tv: 0.5986 [0.5986, 0.5986] @ 95% (n=2560, se=0)\n  seed_mean: 0.5986 [0.5986, 0.5986] @ 95% (n=10, se=0)", "text_seed": "Seed-level CI (replicates = seeds; values = per-seed episode means)\nmethod=student_t alpha=0.05 n_seeds=10\nmix.tv: mean=0.598602 lo=0.598602 hi=0.598602 stderr=0 n=10\nmix.js: mean=0.285417 lo=0.285417 hi=0.285417 stderr=0 n=10\nmix.hell: mean=0.606565 lo=0.606565 hi=0.606565 stderr=0 n=10\nmix.l2: mean=0.20697 lo=0.20697 hi=0.20697 stderr=0 n=10\nmix.H: mean=3.07289 lo=3.07289 hi=3.07289 stderr=0 n=10\nmix.kl_pu: mean=1.086 lo=1.086 hi=1.086 stderr=0 n=10\n"}, "ckpt_policy__abl_NoPE": {"summary": {"mix.tv": 0.5391840934753418, "mix.js": 0.24110431969165802, "mix.hell": 0.565218985080719, "mix.l2": 0.15383616089820862, "mix.H": 3.3275370597839355, "mix.kl_pu": 0.831359326839447}, "ci": {"mix.tv": {"mean": 0.5391840934753418, "lo": 0.5391840934753418, "hi": 0.5391840934753418, "stderr": 0.0, "n": 2560}, "mix.js": {"mean": 0.24110431969165802, "lo": 0.24110431969165802, "hi": 0.24110431969165802, "stderr": 0.0, "n": 2560}, "mix.hell": {"mean": 0.565218985080719, "lo": 0.565218985080719, "hi": 0.565218985080719, "stderr": 0.0, "n": 2560}, "mix.l2": {"mean": 0.15383616089820862, "lo": 0.15383616089820862, "hi": 0.15383616089820862, "stderr": 0.0, "n": 2560}, "mix.H": {"mean": 3.3275370597839355, "lo": 3.3275370597839355, "hi": 3.3275370597839355, "stderr": 0.0, "n": 2560}, "mix.kl_pu": {"mean": 0.831359326839447, "lo": 0.831359326839447, "hi": 0.831359326839447, "stderr": 0.0, "n": 2560}}, "summary_seed": {"mix.tv": 0.5391840934753418, "mix.js": 0.24110431969165802, "mix.hell": 0.565218985080719, "mix.l2": 0.15383616089820862, "mix.H": 3.3275370597839355, "mix.kl_pu": 0.831359326839447}, "ci_seed": {"mix.tv": {"mean": 0.5391840934753418, "lo": 0.5391840934753418, "hi": 0.5391840934753418, "stderr": 0.0, "n": 10}, "mix.js": {"mean": 0.24110431969165802, "lo": 0.24110431969165802, "hi": 0.24110431969165802, "stderr": 0.0, "n": 10}, "mix.hell": {"mean": 0.565218985080719, "lo": 0.565218985080719, "hi": 0.565218985080719, "stderr": 0.0, "n": 10}, "mix.l2": {"mean": 0.15383616089820862, "lo": 0.15383616089820862, "hi": 0.15383616089820862, "stderr": 0.0, "n": 10}, "mix.H": {"mean": 3.3275370597839355, "lo": 3.3275370597839355, "hi": 3.3275370597839355, "stderr": 0.0, "n": 10}, "mix.kl_pu": {"mean": 0.831359326839447, "lo": 0.831359326839447, "hi": 0.831359326839447, "stderr": 0.0, "n": 10}}, "text": "CI over pooled episodes \u2014 ckpt_policy__abl_NoPE \u2014 EXP (any degree)\n------------------------------------------------------------------\nmix.H: 3.3275 [3.3275, 3.3275] @ 95% (n=2560, se=0)\n  seed_mean: 3.3275 [3.3275, 3.3275] @ 95% (n=10, se=0)\nmix.hell: 0.5652 [0.5652, 0.5652] @ 95% (n=2560, se=0)\n  seed_mean: 0.5652 [0.5652, 0.5652] @ 95% (n=10, se=0)\nmix.js: 0.2411 [0.2411, 0.2411] @ 95% (n=2560, se=0)\n  seed_mean: 0.2411 [0.2411, 0.2411] @ 95% (n=10, se=0)\nmix.kl_pu: 0.8314 [0.8314, 0.8314] @ 95% (n=2560, se=0)\n  seed_mean: 0.8314 [0.8314, 0.8314] @ 95% (n=10, se=0)\nmix.l2: 0.1538 [0.1538, 0.1538] @ 95% (n=2560, se=0)\n  seed_mean: 0.1538 [0.1538, 0.1538] @ 95% (n=10, se=0)\nmix.tv: 0.5392 [0.5392, 0.5392] @ 95% (n=2560, se=0)\n  seed_mean: 0.5392 [0.5392, 0.5392] @ 95% (n=10, se=0)", "text_seed": "Seed-level CI (replicates = seeds; values = per-seed episode means)\nmethod=student_t alpha=0.05 n_seeds=10\nmix.tv: mean=0.539184 lo=0.539184 hi=0.539184 stderr=0 n=10\nmix.js: mean=0.241104 lo=0.241104 hi=0.241104 stderr=0 n=10\nmix.hell: mean=0.565219 lo=0.565219 hi=0.565219 stderr=0 n=10\nmix.l2: mean=0.153836 lo=0.153836 hi=0.153836 stderr=0 n=10\nmix.H: mean=3.32754 lo=3.32754 hi=3.32754 stderr=0 n=10\nmix.kl_pu: mean=0.831359 lo=0.831359 hi=0.831359 stderr=0 n=10\n"}, "ckpt_policy__abl_GlobalCoin": {"summary": {"mix.tv": 0.5417512059211731, "mix.js": 0.25295835733413696, "mix.hell": 0.5768029093742371, "mix.l2": 0.1757909059524536, "mix.H": 3.244577407836914, "mix.kl_pu": 0.9143189787864685}, "ci": {"mix.tv": {"mean": 0.5417512059211731, "lo": 0.5417512059211731, "hi": 0.5417512059211731, "stderr": 0.0, "n": 2560}, "mix.js": {"mean": 0.25295835733413696, "lo": 0.25295835733413696, "hi": 0.25295835733413696, "stderr": 0.0, "n": 2560}, "mix.hell": {"mean": 0.5768029093742371, "lo": 0.5768029093742371, "hi": 0.5768029093742371, "stderr": 0.0, "n": 2560}, "mix.l2": {"mean": 0.1757909059524536, "lo": 0.1757909059524536, "hi": 0.1757909059524536, "stderr": 0.0, "n": 2560}, "mix.H": {"mean": 3.244577407836914, "lo": 3.244577407836914, "hi": 3.244577407836914, "stderr": 0.0, "n": 2560}, "mix.kl_pu": {"mean": 0.9143189787864685, "lo": 0.9143189787864685, "hi": 0.9143189787864685, "stderr": 0.0, "n": 2560}}, "summary_seed": {"mix.tv": 0.5417512059211731, "mix.js": 0.25295835733413696, "mix.hell": 0.5768029093742371, "mix.l2": 0.1757909059524536, "mix.H": 3.244577407836914, "mix.kl_pu": 0.9143189787864685}, "ci_seed": {"mix.tv": {"mean": 0.5417512059211731, "lo": 0.5417512059211731, "hi": 0.5417512059211731, "stderr": 0.0, "n": 10}, "mix.js": {"mean": 0.25295835733413696, "lo": 0.25295835733413696, "hi": 0.25295835733413696, "stderr": 0.0, "n": 10}, "mix.hell": {"mean": 0.5768029093742371, "lo": 0.5768029093742371, "hi": 0.5768029093742371, "stderr": 0.0, "n": 10}, "mix.l2": {"mean": 0.1757909059524536, "lo": 0.1757909059524536, "hi": 0.1757909059524536, "stderr": 0.0, "n": 10}, "mix.H": {"mean": 3.244577407836914,