cond,metric.mix.tv,metric.mix.js,metric.mix.hell,metric.mix.l2,metric.mix.H,metric.mix.kl_pu
ckpt_policy,0.5986020565032959,0.28541651368141174,0.6065647602081299,0.20697031915187836,3.0728919506073,1.0860044956207275
ckpt_policy__abl_NoPE,0.5391840934753418,0.24110431969165802,0.565218985080719,0.15383616089820862,3.3275370597839355,0.831359326839447
ckpt_policy__abl_GlobalCoin,0.5417512059211731,0.25295835733413696,0.5768029093742371,0.1757909059524536,3.244577407836914,0.9143189787864685
ckpt_policy__abl_TimeFrozen,0.6780295968055725,0.3347263038158417,0.6511560082435608,0.2667631506919861,2.7758405208587646,1.3830559253692627
ckpt_policy__abl_NodePermute,0.5465779900550842,0.26284900307655334,0.5869118571281433,0.20189005136489868,3.1654114723205566,0.9934850931167603
