{"mix.tv": {"mean": 0.8665448427200317, "lo": 0.8665448427200317, "hi": 0.8665448427200317, "stderr": 0.0, "n": 10}, "mix.js": {"mean": 0.5078890919685364, "lo": 0.5078890919685364, "hi": 0.5078890919685364, "stderr": 0.0, "n": 10}, "mix.hell": {"mean": 0.8058537244796753, "lo": 0.8058537244796753, "hi": 0.8058537244796753, "stderr": 0.0, "n": 10}, "mix.l2": {"mean": 0.5018445253372192, "lo": 0.5018445253372192, "hi": 0.5018445253372192, "stderr": 0.0, "n": 10}, "mix.H": {"mean": 1.6177523136138916, "lo": 1.6177523136138916, "hi": 1.6177523136138916, "stderr": 0.0, "n": 10}, "mix.kl_pu": {"mean": 2.5411458015441895, "lo": 2.5411458015441895, "hi": 2.5411458015441895, "stderr": 0.0, "n": 10}, "target.success": {"mean": 0.0, "lo": 0.0, "hi": 0.0, "stderr": 0.0, "n": 10}, "target.maxp": {"mean": 0.37225520610809326, "lo": 0.37225520610809326, "hi": 0.37225520610809326, "stderr": 0.0, "n": 10}, "target.gini": {"mean": 0.9397301077842712, "lo": 0.9397301077842712, "hi": 0.9397301077842712, "stderr": 0.0, "n": 10}, "target.tv_vsU": {"mean": 0.8665448427200317, "lo": 0.8665448427200317, "hi": 0.8665448427200317, "stderr": 0.0, "n": 10}, "target.js_vsU": {"mean": 0.5078890919685364, "lo": 0.5078890919685364, "hi": 0.5078890919685364, "stderr": 0.0, "n": 10}, "target.H": {"mean": 1.6177523136138916, "lo": 1.6177523136138916, "hi": 1.6177523136138916, "stderr": 0.0, "n": 10}, "target.KLpU": {"mean": 2.5411458015441895, "lo": 2.5411458015441895, "hi": 2.5411458015441895, "stderr": 0.0, "n": 10}, "target.cvar_neglogOmega": {"mean": 18.42068099975586, "lo": 18.42068099975586, "hi": 18.42068099975586, "stderr": 0.0, "n": 10}}