{
  "mix.tv": {
    "mean": 0.7694988250732422,
    "lo": 0.7694988250732422,
    "hi": 0.7694988250732422,
    "stderr": 0.0,
    "n": 500
  },
  "mix.js": {
    "mean": 0.41781777143478394,
    "lo": 0.41781777143478394,
    "hi": 0.41781777143478394,
    "stderr": 0.0,
    "n": 500
  },
  "mix.hell": {
    "mean": 0.7332568764686584,
    "lo": 0.7332568764686584,
    "hi": 0.7332568764686584,
    "stderr": 0.0,
    "n": 500
  },
  "mix.l2": {
    "mean": 0.306027889251709,
    "lo": 0.306027889251709,
    "hi": 0.306027889251709,
    "stderr": 0.0,
    "n": 500
  },
  "mix.H": {
    "mean": 2.4125185012817383,
    "lo": 2.4125185012817383,
    "hi": 2.4125185012817383,
    "stderr": 0.0,
    "n": 500
  },
  "mix.kl_pu": {
    "mean": 1.7463810443878174,
    "lo": 1.7463810443878174,
    "hi": 1.7463810443878174,
    "stderr": 0.0,
    "n": 500
  },
  "target.success": {
    "mean": 0.0,
    "lo": 0.0,
    "hi": 0.0,
    "stderr": 0.0,
    "n": 500
  },
  "target.maxp": {
    "mean": 0.16538465023040771,
    "lo": 0.16538465023040771,
    "hi": 0.16538465023040771,
    "stderr": 0.0,
    "n": 500
  },
  "target.gini": {
    "mean": 0.8671876788139343,
    "lo": 0.8671876788139343,
    "hi": 0.8671876788139343,
    "stderr": 0.0,
    "n": 500
  },
  "target.tv_vsU": {
    "mean": 0.7694988250732422,
    "lo": 0.7694988250732422,
    "hi": 0.7694988250732422,
    "stderr": 0.0,
    "n": 500
  },
  "target.js_vsU": {
    "mean": 0.41781777143478394,
    "lo": 0.41781777143478394,
    "hi": 0.41781777143478394,
    "stderr": 0.0,
    "n": 500
  },
  "target.H": {
    "mean": 2.4125185012817383,
    "lo": 2.4125185012817383,
    "hi": 2.4125185012817383,
    "stderr": 0.0,
    "n": 500
  },
  "target.KLpU": {
    "mean": 1.7463810443878174,
    "lo": 1.7463810443878174,
    "hi": 1.7463810443878174,
    "stderr": 0.0,
    "n": 500
  },
  "target.cvar_neglogOmega": {
    "mean": 18.42068099975586,
    "lo": 18.42068099975586,
    "hi": 18.42068099975586,
    "stderr": 0.0,
    "n": 500
  }
}