{"mix.tv": {"mean": 0.9365664124488831, "lo": 0.9365664124488831, "hi": 0.9365664124488831, "stderr": 0.0, "n": 10}, "mix.js": {"mean": 0.5856820940971375, "lo": 0.5856820940971375, "hi": 0.5856820940971375, "stderr": 0.0, "n": 10}, "mix.hell": {"mean": 0.8760838508605957, "lo": 0.8760838508605957, "hi": 0.8760838508605957, "stderr": 0.0, "n": 10}, "mix.l2": {"mean": 0.5963056683540344, "lo": 0.5963056683540344, "hi": 0.5963056683540344, "stderr": 0.0, "n": 10}, "mix.H": {"mean": 1.0958268642425537, "lo": 1.0958268642425537, "hi": 1.0958268642425537, "stderr": 0.0, "n": 10}, "mix.kl_pu": {"mean": 3.0630791187286377, "lo": 3.0630791187286377, "hi": 3.0630791187286377, "stderr": 0.0, "n": 10}, "target.success": {"mean": 0.01564534799403906, "lo": 0.011178869349177924, "hi": 0.020111826638900196, "stderr": 0.0019744333940202043, "n": 10}, "target.maxp": {"mean": 0.45698282122612, "lo": 0.45698282122612, "hi": 0.45698282122612, "stderr": 0.0, "n": 10}, "target.gini": {"mean": 0.9614243507385254, "lo": 0.9614243507385254, "hi": 0.9614243507385254, "stderr": 0.0, "n": 10}, "target.tv_vsU": {"mean": 0.9365664124488831, "lo": 0.9365664124488831, "hi": 0.9365664124488831, "stderr": 0.0, "n": 10}, "target.js_vsU": {"mean": 0.5856820940971375, "lo": 0.5856820940971375, "hi": 0.5856820940971375, "stderr": 0.0, "n": 10}, "target.H": {"mean": 1.0958268642425537, "lo": 1.0958268642425537, "hi": 1.0958268642425537, "stderr": 0.0, "n": 10}, "target.KLpU": {"mean": 3.0630791187286377, "lo": 3.0630791187286377, "hi": 3.0630791187286377, "stderr": 0.0, "n": 10}, "target.cvar_neglogOmega": {"mean": 16.806583549967037, "lo": 16.46576429073278, "hi": 17.147402809201296, "stderr": 0.15066117634561604, "n": 10}}