cond,metric.mix.tv,metric.mix.js,metric.mix.hell,metric.mix.l2,metric.mix.H,metric.mix.kl_pu,metric.target.success,metric.target.maxp,metric.target.gini,metric.target.tv_vsU,metric.target.js_vsU,metric.target.H,metric.target.KLpU,metric.target.cvar_neglogOmega
ckpt_policy,0.18757852911949158,0.030688047409057617,0.17729143798351288,0.06219756603240967,4.0384521484375,0.12043075263500214,0.011729804798960686,0.04053838551044464,0.26816487312316895,0.18757852911949158,0.030688047409057617,4.0384521484375,0.12043075263500214,4.445622444152832
ckpt_policy__abl_NoPE,0.22905369102954865,0.0402316078543663,0.20272529125213623,0.07371153682470322,3.9979405403137207,0.16094258427619934,0.008043472655117512,0.05266620218753815,0.31433290243148804,0.22905369102954865,0.0402316078543663,3.9979405403137207,0.16094258427619934,4.82289457321167
ckpt_policy__abl_GlobalCoin,0.271011084318161,0.060071296989917755,0.24986863136291504,0.09199005365371704,3.917849540710449,0.2410336434841156,0.01578056439757347,0.054208144545555115,0.379782497882843,0.271011084318161,0.060071296989917755,3.917849540710449,0.2410336434841156,4.1489763259887695
ckpt_policy__abl_TimeFrozen,0.35138094425201416,0.09312239289283752,0.312362939119339,0.12766523659229279,3.766056776046753,0.39282673597335815,0.0053311665542423725,0.0955507755279541,0.47554275393486023,0.35138094425201416,0.09312239289283752,3.766056776046753,0.39282673597335815,5.234185218811035
ckpt_policy__abl_NodePermute,0.2227204591035843,0.03921864181756973,0.2022397816181183,0.06863384693861008,4.008014678955078,0.15086844563484192,0.010626262053847313,0.04035719856619835,0.3015965521335602,0.2227204591035843,0.03921864181756973,4.008014678955078,0.15086844563484192,4.544426918029785
