{"mix.tv": {"mean": 0.5325788855552673, "lo": 0.5325788855552673, "hi": 0.5325788855552673, "stderr": 0.0, "n": 2560}, "mix.js": {"mean": 0.2561626732349396, "lo": 0.2561626732349396, "hi": 0.2561626732349396, "stderr": 0.0, "n": 2560}, "mix.hell": {"mean": 0.5809849500656128, "lo": 0.5809849500656128, "hi": 0.5809849500656128, "stderr": 0.0, "n": 2560}, "mix.l2": {"mean": 0.20000897347927094, "lo": 0.20000897347927094, "hi": 0.20000897347927094, "stderr": 0.0, "n": 2560}, "mix.H": {"mean": 3.1920034885406494, "lo": 3.1920034885406494, "hi": 3.1920034885406494, "stderr": 0.0, "n": 2560}, "mix.kl_pu": {"mean": 0.9668928384780884, "lo": 0.9668928384780884, "hi": 0.9668928384780884, "stderr": 0.0, "n": 2560}, "target.success": {"mean": 0.01591732524193503, "lo": 0.01492083565181474, "hi": 0.01688032019003003, "stderr": 0.0005073679701144, "n": 2560}, "target.maxp": {"mean": 0.14947742223739624, "lo": 0.14947742223739624, "hi": 0.14947742223739624, "stderr": 0.0, "n": 2560}, "target.gini": {"mean": 0.689561128616333, "lo": 0.689561128616333, "hi": 0.689561128616333, "stderr": 0.0, "n": 2560}, "target.tv_vsU": {"mean": 0.5325788855552673, "lo": 0.5325788855552673, "hi": 0.5325788855552673, "stderr": 0.0, "n": 2560}, "target.js_vsU": {"mean": 0.2561626732349396, "lo": 0.2561626732349396, "hi": 0.2561626732349396, "stderr": 0.0, "n": 2560}, "target.H": {"mean": 3.1920034885406494, "lo": 3.1920034885406494, "hi": 3.1920034885406494, "stderr": 0.0, "n": 2560}, "target.KLpU": {"mean": 0.9668928384780884, "lo": 0.9668928384780884, "hi": 0.9668928384780884, "stderr": 0.0, "n": 2560}, "target.cvar_neglogOmega": {"mean": 10.948248786386102, "lo": 10.656632618529256, "hi": 11.239311659801752, "stderr": 0.15064883607989485, "n": 2560}}