{"mix.tv": {"mean": 0.8375473022460938, "lo": 0.8375473022460938, "hi": 0.8375473022460938, "stderr": 0.0, "n": 10}, "mix.js": {"mean": 0.47693905234336853, "lo": 0.47693905234336853, "hi": 0.47693905234336853, "stderr": 0.0, "n": 10}, "mix.hell": {"mean": 0.7763198018074036, "lo": 0.7763198018074036, "hi": 0.7763198018074036, "stderr": 0.0, "n": 10}, "mix.l2": {"mean": 0.4391302764415741, "lo": 0.4391302764415741, "hi": 0.4391302764415741, "stderr": 0.0, "n": 10}, "mix.H": {"mean": 1.867385983467102, "lo": 1.867385983467102, "hi": 1.867385983467102, "stderr": 0.0, "n": 10}, "mix.kl_pu": {"mean": 2.291511058807373, "lo": 2.291511058807373, "hi": 2.291511058807373, "stderr": 0.0, "n": 10}, "target.success": {"mean": 0.0, "lo": 0.0, "hi": 0.0, "stderr": 0.0, "n": 10}, "target.maxp": {"mean": 0.31588080525398254, "lo": 0.31588080525398254, "hi": 0.31588080525398254, "stderr": 0.0, "n": 10}, "target.gini": {"mean": 0.9235054850578308, "lo": 0.9235054850578308, "hi": 0.9235054850578308, "stderr": 0.0, "n": 10}, "target.tv_vsU": {"mean": 0.8375473022460938, "lo": 0.8375473022460938, "hi": 0.8375473022460938, "stderr": 0.0, "n": 10}, "target.js_vsU": {"mean": 0.47693905234336853, "lo": 0.47693905234336853, "hi": 0.47693905234336853, "stderr": 0.0, "n": 10}, "target.H": {"mean": 1.867385983467102, "lo": 1.867385983467102, "hi": 1.867385983467102, "stderr": 0.0, "n": 10}, "target.KLpU": {"mean": 2.291511058807373, "lo": 2.291511058807373, "hi": 2.291511058807373, "stderr": 0.0, "n": 10}, "target.cvar_neglogOmega": {"mean": 18.42068099975586, "lo": 18.42068099975586, "hi": 18.42068099975586, "stderr": 0.0, "n": 10}}