{"sigmas": [0.0, 0.05], "trials": 1, "metrics": {"mix.tv": {"mean": [0.8375473022460938, 0.8375473022460938], "lo": [0.8375473022460938, 0.8375473022460938], "hi": [0.8375473022460938, 0.8375473022460938], "n": [1, 1], "ci_over": "trials", "ci_method": "student_t", "alpha": 0.05}, "mix.js": {"mean": [0.47693902254104614, 0.47693902254104614], "lo": [0.47693902254104614, 0.47693902254104614], "hi": [0.47693902254104614, 0.47693902254104614], "n": [1, 1], "ci_over": "trials", "ci_method": "student_t", "alpha": 0.05}, "mix.hell": {"mean": [0.7763195037841797, 0.7763195037841797], "lo": [0.7763195037841797, 0.7763195037841797], "hi": [0.7763195037841797, 0.7763195037841797], "n": [1, 1], "ci_over": "trials", "ci_method": "student_t", "alpha": 0.05}, "mix.l2": {"mean": [0.439130038022995, 0.439130038022995], "lo": [0.439130038022995, 0.439130038022995], "hi": [0.439130038022995, 0.439130038022995], "n": [1, 1], "ci_over": "trials", "ci_method": "student_t", "alpha": 0.05}, "mix.H": {"mean": [1.867386817932129, 1.867386817932129], "lo": [1.867386817932129, 1.867386817932129], "hi": [1.867386817932129, 1.867386817932129], "n": [1, 1], "ci_over": "trials", "ci_method": "student_t", "alpha": 0.05}, "mix.kl_pu": {"mean": [2.2915101051330566, 2.2915101051330566], "lo": [2.2915101051330566, 2.2915101051330566], "hi": [2.2915101051330566, 2.2915101051330566], "n": [1, 1], "ci_over": "trials", "ci_method": "student_t", "alpha": 0.05}, "target.success": {"mean": [0.0, 0.0], "lo": [0.0, 0.0], "hi": [0.0, 0.0], "n": [1, 1], "ci_over": "trials", "ci_method": "student_t", "alpha": 0.05}, "target.maxp": {"mean": [0.3158807158470154, 0.3158807158470154], "lo": [0.3158807158470154, 0.3158807158470154], "hi": [0.3158807158470154, 0.3158807158470154], "n": [1, 1], "ci_over": "trials", "ci_method": "student_t", "alpha": 0.05}, "target.gini": {"mean": [0.923505425453186, 0.923505425453186], "lo": [0.923505425453186, 0.923505425453186], "hi": [0.923505425453186, 0.923505425453186], "n": [1, 1], "ci_over": "trials", "ci_method": "student_t", "alpha": 0.05}, "target.tv_vsU": {"mean": [0.8375473022460938, 0.8375473022460938], "lo": [0.8375473022460938, 0.8375473022460938], "hi": [0.8375473022460938, 0.8375473022460938], "n": [1, 1], "ci_over": "trials", "ci_method": "student_t", "alpha": 0.05}, "target.js_vsU": {"mean": [0.47693902254104614, 0.47693902254104614], "lo": [0.47693902254104614, 0.47693902254104614], "hi": [0.47693902254104614, 0.47693902254104614], "n": [1, 1], "ci_over": "trials", "ci_method": "student_t", "alpha": 0.05}, "target.H": {"mean": [1.867386817932129, 1.867386817932129], "lo": [1.867386817932129, 1.867386817932129], "hi": [1.867386817932129, 1.867386817932129], "n": [1, 1], "ci_over": "trials", "ci_method": "student_t", "alpha": 0.05}, "target.KLpU": {"mean": [2.2915101051330566, 2.2915101051330566], "lo": [2.2915101051330566, 2.2915101051330566], "hi": [2.2915101051330566, 2.2915101051330566], "n": [1, 1], "ci_over": "trials", "ci_method": "student_t", "alpha": 0.05}, "target.cvar_neglogOmega": {"mean": [18.42068099975586, 18.42068099975586], "lo": [18.42068099975586, 18.42068099975586], "hi": [18.42068099975586, 18.42068099975586], "n": [1, 1], "ci_over": "trials", "ci_method": "student_t", "alpha": 0.05}}}