{"mix.tv": {"mean": 0.9365664124488831, "lo": 0.9365664124488831, "hi": 0.9365664124488831, "stderr": 0.0, "n": 2560}, "mix.js": {"mean": 0.5856820940971375, "lo": 0.5856820940971375, "hi": 0.5856820940971375, "stderr": 0.0, "n": 2560}, "mix.hell": {"mean": 0.8760838508605957, "lo": 0.8760838508605957, "hi": 0.8760838508605957, "stderr": 0.0, "n": 2560}, "mix.l2": {"mean": 0.5963056683540344, "lo": 0.5963056683540344, "hi": 0.5963056683540344, "stderr": 0.0, "n": 2560}, "mix.H": {"mean": 1.0958268642425537, "lo": 1.0958268642425537, "hi": 1.0958268642425537, "stderr": 0.0, "n": 2560}, "mix.kl_pu": {"mean": 3.0630791187286377, "lo": 3.0630791187286377, "hi": 3.0630791187286377, "stderr": 0.0, "n": 2560}, "target.success": {"mean": 0.01564534799403906, "lo": 0.012800416336503275, "hi": 0.01850075396579549, "stderr": 0.0014578284971543285, "n": 2560}, "target.maxp": {"mean": 0.45698282122612, "lo": 0.45698282122612, "hi": 0.45698282122612, "stderr": 0.0, "n": 2560}, "target.gini": {"mean": 0.9614243507385254, "lo": 0.9614243507385254, "hi": 0.9614243507385254, "stderr": 0.0, "n": 2560}, "target.tv_vsU": {"mean": 0.9365664124488831, "lo": 0.9365664124488831, "hi": 0.9365664124488831, "stderr": 0.0, "n": 2560}, "target.js_vsU": {"mean": 0.5856820940971375, "lo": 0.5856820940971375, "hi": 0.5856820940971375, "stderr": 0.0, "n": 2560}, "target.H": {"mean": 1.0958268642425537, "lo": 1.0958268642425537, "hi": 1.0958268642425537, "stderr": 0.0, "n": 2560}, "target.KLpU": {"mean": 3.0630791187286377, "lo": 3.0630791187286377, "hi": 3.0630791187286377, "stderr": 0.0, "n": 2560}, "target.cvar_neglogOmega": {"mean": 16.806583549967037, "lo": 16.63146879036329, "hi": 16.970750281296205, "stderr": 0.08728187069008717, "n": 2560}}